opp_id,rep_id,product_id,region_id,channel_id,stage,deal_value,deal_value_flag,created_date_id,close_date_id
OPP00001,REP005,PRD14,5,1,Lead,11.2,OK,20251215,
OPP00002,REP040,PRD02,2,2,Lead,35.68,OK,20260826,
OPP00003,REP015,PRD13,4,2,Lead,210.28,OK,20251207,
OPP00004,REP019,PRD14,1,1,Closed Lost,66.35,OK,20260303,20260519
OPP00005,REP034,PRD06,1,1,Qualified,247.79,OK,20260420,
OPP00006,REP010,PRD15,5,4,Lead,1468.53,OK,20260609,
OPP00007,REP009,PRD12,3,4,Lead,100.63,OK,20260810,
OPP00008,REP006,PRD07,2,1,Qualified,89.85,OK,20260619,
OPP00009,REP016,PRD15,2,4,Proposal,2589.57,OK,20251005,
OPP00010,REP025,PRD05,1,1,Qualified,846.96,OK,20260112,
OPP00011,REP015,PRD12,4,1,Lead,515.36,OK,20251225,
OPP00012,REP031,PRD14,3,2,Closed Won,44.83,OK,20250822,20251231
OPP00013,REP024,PRD12,1,2,Closed Won,436.19,OK,20250720,20260114
OPP00014,REP031,PRD09,3,1,Lead,485.72,OK,20251222,
OPP00015,REP025,PRD11,1,2,Lead,1127.93,OK,20250709,
OPP00016,REP029,PRD05,4,2,Qualified,78.51,OK,20250828,
OPP00017,REP027,PRD11,3,5,Lead,2415.18,OK,20250818,
OPP00018,REP031,PRD13,3,2,Lead,127.64,OK,20251228,
OPP00019,REP027,PRD11,3,4,Qualified,881.74,OK,20250825,
OPP00020,REP031,PRD09,3,1,Lead,219.98,OK,20250728,
OPP00021,REP027,PRD13,3,1,Lead,27.31,OK,20260317,
OPP00022,REP038,PRD15,5,2,Proposal,3341.37,OK,20250828,
OPP00023,REP009,PRD12,3,3,Qualified,117.75,OK,20260807,
OPP00024,REP004,PRD01,5,2,Proposal,152.9,OK,20260104,
OPP00025,REP017,PRD09,4,1,Closed Lost,142.07,OK,20260205,20260812
OPP00026,REP029,PRD15,4,1,Closed Lost,868.48,OK,20251217,20260714
OPP00027,REP026,PRD14,3,4,Proposal,163.52,OK,20251014,
OPP00028,REP001,PRD08,4,5,Closed Lost,5435.02,OK,20260706,20260729
OPP00029,REP010,PRD13,5,3,Lead,199.59,OK,20260706,
OPP00030,REP001,PRD07,4,1,Qualified,160.79,OK,20260516,
OPP00031,REP023,PRD05,4,2,Proposal,3143.32,OK,20251128,
OPP00032,REP032,PRD03,4,2,Qualified,917.39,OK,20250915,
OPP00033,REP022,PRD10,5,1,Qualified,82.8,OK,20250917,
OPP00034,REP039,PRD01,1,3,Lead,32.1,OK,20260603,
OPP00035,REP024,PRD01,1,5,Closed Won,84.35,OK,20260405,20260626
OPP00036,REP023,PRD15,4,4,Qualified,786.95,OK,20260519,
OPP00037,REP024,PRD08,1,4,Closed Won,1097.69,OK,20260701,20260706
OPP00038,REP011,PRD06,4,1,Qualified,142.35,OK,20250918,
OPP00039,REP018,PRD03,5,4,Lead,25.96,OK,20250820,
OPP00040,REP029,PRD14,4,2,Closed Won,53.98,OK,20260512,20260716
OPP00041,REP023,PRD07,4,2,Qualified,61.4,OK,20250926,
OPP00042,REP034,PRD08,1,1,Lead,1205.3,OK,20260113,
OPP00043,REP019,PRD04,1,2,Closed Won,39.07,OK,20251129,20260210
OPP00044,REP028,PRD01,2,2,Closed Lost,45.55,OK,20260824,20260829
OPP00045,REP030,PRD13,4,1,Proposal,48.98,OK,20251020,
OPP00046,REP021,PRD08,2,3,Proposal,1939.07,OK,20260527,
OPP00047,REP012,PRD09,3,4,Qualified,149.34,OK,20251123,
OPP00048,REP022,PRD08,5,3,Proposal,1566.24,OK,20260205,
OPP00049,REP015,PRD03,4,2,Closed Lost,575.51,OK,20260628,20260722
OPP00050,REP035,PRD07,3,4,Proposal,53.9,OK,20250831,
OPP00051,REP035,PRD01,3,1,Qualified,34.06,OK,20260613,
OPP00052,REP035,PRD01,3,1,Lead,51.77,OK,20250918,
OPP00053,REP031,PRD02,3,1,Closed Lost,240.18,OK,20250812,20260422
OPP00054,REP028,PRD10,2,4,Closed Won,53.87,OK,20260827,20260827
OPP00055,REP010,PRD05,5,1,Lead,1082.75,OK,20250914,
OPP00056,REP034,PRD02,1,4,Qualified,129.66,OK,20260103,
OPP00057,REP024,PRD12,1,5,Proposal,265.12,OK,20251110,
OPP00058,REP024,PRD05,1,1,Closed Lost,1315.5,OK,20260515,20260817
OPP00059,REP023,PRD13,4,4,Proposal,32.44,OK,20260712,
OPP00060,REP009,PRD09,3,2,Qualified,77.62,OK,20251217,
OPP00061,REP018,PRD02,5,5,Lead,244.19,OK,20260511,
OPP00062,REP011,PRD14,4,5,Qualified,142.45,OK,20250818,
OPP00063,REP020,PRD13,4,3,Qualified,221.86,OK,20251108,
OPP00064,REP010,PRD10,5,5,Proposal,73.76,OK,20260424,
OPP00065,REP011,PRD01,4,1,Proposal,212.04,OK,20250705,
OPP00066,REP027,PRD02,3,3,Closed Lost,54.18,OK,20260503,20260623
OPP00067,REP016,PRD02,2,5,Qualified,164.82,OK,20260622,
OPP00068,REP036,PRD13,5,1,Proposal,220.73,OK,20260210,
OPP00069,REP025,PRD11,1,2,Qualified,920.0,OK,20260528,
OPP00070,REP023,PRD07,4,4,Closed Won,25.02,OK,20260717,20260724
OPP00071,REP023,PRD08,4,4,Closed Won,2349.57,OK,20251128,20260323
OPP00072,REP035,PRD11,3,1,Proposal,816.62,OK,20251220,
OPP00073,REP022,PRD14,5,3,Qualified,267.13,REVIEW,20250818,
OPP00074,REP021,PRD03,2,5,Lead,1116.48,OK,20260829,
OPP00075,REP008,PRD05,3,3,Closed Won,496.8,OK,20250820,20260606
OPP00076,REP012,PRD07,3,4,Lead,41.28,OK,20260304,
OPP00077,REP015,PRD14,4,2,Qualified,11.17,OK,20250817,
OPP00078,REP027,PRD01,3,2,Lead,25.62,OK,20250811,
OPP00079,REP034,PRD06,1,1,Lead,92.55,OK,20260709,
OPP00080,REP006,PRD02,2,3,Proposal,162.41,OK,20260729,
OPP00081,REP036,PRD01,5,2,Closed Lost,148.6,OK,20260820,20260823
OPP00082,REP036,PRD10,5,2,Qualified,36.54,OK,20250817,
OPP00083,REP002,PRD01,5,3,Closed Won,18.09,OK,20260802,20260805
OPP00084,REP028,PRD08,2,5,Closed Lost,2625.34,OK,20251125,20251221
OPP00085,REP017,PRD13,4,4,Qualified,85.7,OK,20250825,
OPP00086,REP006,PRD05,2,2,Closed Lost,982.84,OK,20260102,20260607
OPP00087,REP024,PRD11,1,2,Lead,4470.59,OK,20251005,
OPP00088,REP001,PRD04,4,1,Lead,61.31,OK,20260111,
OPP00089,REP003,PRD10,3,2,Lead,43.51,OK,20250803,
OPP00090,REP004,PRD07,5,5,Lead,64.25,OK,20250905,
OPP00091,REP029,PRD12,4,5,Closed Won,86.07,OK,20260525,20260725
OPP00092,REP007,PRD09,3,4,Closed Won,1013.57,OK,20260122,20260411
OPP00093,REP016,PRD07,2,1,Qualified,167.29,OK,20260305,
OPP00094,REP031,PRD14,3,1,Qualified,134.28,OK,20260105,
OPP00095,REP025,PRD14,1,5,Lead,91.74,OK,20260126,
OPP00096,REP008,PRD05,3,1,Lead,1650.36,OK,20260507,
OPP00097,REP040,PRD03,2,3,Lead,181.69,OK,20251013,
OPP00098,REP014,PRD14,2,2,Proposal,26.19,OK,20260222,
OPP00099,REP038,PRD14,5,5,Proposal,56.23,OK,20260624,
OPP00100,REP003,PRD09,3,2,Closed Won,618.72,OK,20260306,20260902
OPP00101,REP037,PRD08,3,3,Lead,3156.71,OK,20250829,
OPP00102,REP036,PRD11,5,3,Proposal,1149.65,OK,20250711,
OPP00103,REP017,PRD09,4,3,Qualified,548.14,OK,20260624,
OPP00104,REP005,PRD14,5,1,Qualified,67.26,OK,20250919,
OPP00105,REP013,PRD15,5,5,Lead,1491.91,OK,20250829,
OPP00106,REP008,PRD14,3,2,Lead,117.48,OK,20260825,
OPP00107,REP018,PRD03,5,1,Qualified,623.76,OK,20251216,
OPP00108,REP017,PRD01,4,3,Qualified,119.62,OK,20260731,
OPP00109,REP030,PRD09,4,2,Lead,562.2,OK,20260125,
OPP00110,REP004,PRD06,5,4,Proposal,196.7,OK,20251014,
OPP00111,REP002,PRD11,5,1,Lead,3595.09,OK,20260401,
OPP00112,REP001,PRD02,4,1,Proposal,113.21,OK,20250826,
OPP00113,REP036,PRD05,5,4,Closed Lost,870.5,OK,20260109,20260601
OPP00114,REP025,PRD13,1,2,Qualified,309.57,OK,20260210,
OPP00115,REP014,PRD06,2,3,Proposal,223.48,OK,20251103,
OPP00116,REP029,PRD15,4,1,Lead,173.17,OK,20260609,
OPP00117,REP009,PRD07,3,5,Proposal,138.8,OK,20260829,
OPP00118,REP040,PRD09,2,1,Lead,408.63,OK,20260223,
OPP00119,REP036,PRD04,5,2,Lead,118.76,OK,20260818,
OPP00120,REP033,PRD15,4,4,Lead,1174.62,OK,20250710,
OPP00121,REP020,PRD09,4,5,Lead,591.84,OK,20260221,
OPP00122,REP028,PRD11,2,3,Lead,2801.13,OK,20250922,
OPP00123,REP015,PRD01,4,5,Qualified,18.22,OK,20251016,
OPP00124,REP011,PRD08,4,2,Lead,1601.74,OK,20260125,
OPP00125,REP027,PRD01,3,3,Closed Won,23.77,OK,20251001,20251111
OPP00126,REP031,PRD15,3,4,Closed Lost,398.21,OK,20251101,20260214
OPP00127,REP026,PRD06,3,4,Qualified,638.31,OK,20260207,
OPP00128,REP005,PRD02,5,1,Qualified,92.28,OK,20251214,
OPP00129,REP003,PRD07,3,2,Closed Won,172.04,OK,20260327,20260505
OPP00130,REP033,PRD05,4,1,Qualified,1758.89,OK,20260125,
OPP00131,REP006,PRD14,2,2,Qualified,146.16,OK,20260731,
OPP00132,REP013,PRD01,5,3,Closed Won,36.25,OK,20260718,20260730
OPP00133,REP036,PRD07,5,3,Lead,200.79,OK,20250812,
OPP00134,REP032,PRD09,4,5,Lead,229.01,OK,20250913,
OPP00135,REP028,PRD06,2,1,Lead,280.88,OK,20260529,
OPP00136,REP010,PRD15,5,2,Closed Won,1753.9,OK,20260203,20260220
OPP00137,REP036,PRD03,5,1,Lead,365.79,OK,20250706,
OPP00138,REP032,PRD14,4,2,Closed Lost,55.11,OK,20260320,20260816
OPP00139,REP012,PRD09,3,3,Closed Lost,314.18,OK,20251013,20260617
OPP00140,REP007,PRD04,3,1,Qualified,24.8,OK,20260123,
OPP00141,REP040,PRD08,2,2,Closed Lost,3339.33,OK,20251106,20260820
OPP00142,REP020,PRD09,4,1,Qualified,646.25,OK,20260612,
OPP00143,REP006,PRD13,2,2,Proposal,194.01,OK,20260601,
OPP00144,REP005,PRD04,5,5,Proposal,97.38,OK,20250711,
OPP00145,REP031,PRD07,3,2,Proposal,149.19,OK,20250928,
OPP00146,REP013,PRD07,5,2,Closed Won,88.86,OK,20250831,20260902
OPP00147,REP027,PRD03,3,1,Qualified,376.61,OK,20251027,
OPP00148,REP031,PRD06,3,5,Qualified,100.92,OK,20260831,
OPP00149,REP014,PRD03,2,2,Lead,487.85,OK,20250731,
OPP00150,REP001,PRD02,4,3,Proposal,0.0,REVIEW,20260416,
OPP00151,REP015,PRD13,4,5,Lead,63.41,OK,20251027,
OPP00152,REP035,PRD11,3,2,Closed Won,1969.16,OK,20260602,20260614
OPP00153,REP022,PRD04,5,5,Closed Won,163.9,OK,20250805,20260401
OPP00154,REP012,PRD03,3,3,Lead,1169.05,OK,20260413,
OPP00155,REP035,PRD03,3,2,Lead,1578.71,OK,20250803,
OPP00156,REP017,PRD06,4,1,Closed Won,411.1,OK,20260407,20260517
OPP00157,REP020,PRD13,4,3,Proposal,257.57,OK,20260113,
OPP00158,REP005,PRD07,5,1,Qualified,31.08,OK,20250921,
OPP00159,REP006,PRD06,2,5,Closed Lost,438.58,REVIEW,20260404,20260902
OPP00160,REP012,PRD09,3,2,Lead,111.91,OK,20260515,
OPP00161,REP037,PRD07,3,1,Proposal,354.68,OK,20251101,
OPP00162,REP022,PRD11,5,1,Lead,1992.8,OK,20260103,
OPP00163,REP028,PRD09,2,1,Lead,222.71,OK,20251107,
OPP00164,REP029,PRD03,4,4,Qualified,107.61,OK,20251118,
OPP00165,REP004,PRD11,5,2,Lead,4025.34,OK,20260520,
OPP00166,REP004,PRD13,5,4,Closed Won,252.75,OK,20250723,20251209
OPP00167,REP035,PRD05,3,1,Lead,1483.94,OK,20260319,
OPP00168,REP012,PRD10,3,4,Proposal,71.67,OK,20260519,
OPP00169,REP040,PRD15,2,4,Lead,1855.01,OK,20260112,
OPP00170,REP034,PRD02,1,2,Qualified,175.29,OK,20260127,
OPP00171,REP029,PRD11,4,1,Lead,728.97,OK,20251104,
OPP00172,REP007,PRD15,3,2,Lead,2150.98,OK,20250925,
OPP00173,REP011,PRD02,4,1,Lead,122.36,OK,20260427,
OPP00174,REP033,PRD05,4,3,Proposal,1081.37,OK,20250803,
OPP00175,REP029,PRD01,4,2,Qualified,32.78,OK,20260704,
OPP00176,REP019,PRD06,1,4,Lead,255.18,OK,20251223,
OPP00177,REP038,PRD12,5,2,Closed Won,161.42,OK,20251206,20260602
OPP00178,REP033,PRD09,4,1,Closed Lost,215.47,OK,20260401,20260530
OPP00179,REP008,PRD04,3,1,Qualified,118.12,OK,20251227,
OPP00180,REP018,PRD04,5,5,Lead,210.96,OK,20251224,
OPP00181,REP008,PRD09,3,4,Proposal,143.12,OK,20250722,
OPP00182,REP012,PRD13,3,4,Closed Won,215.92,OK,20251201,20260504
OPP00183,REP011,PRD09,4,1,Proposal,608.24,OK,20260315,
OPP00184,REP004,PRD09,5,2,Proposal,319.23,OK,20260205,
OPP00185,REP021,PRD02,2,2,Proposal,196.26,OK,20250826,
OPP00186,REP011,PRD02,4,3,Qualified,104.67,OK,20260205,
OPP00187,REP012,PRD03,3,1,Proposal,156.18,OK,20260402,
OPP00188,REP009,PRD07,3,1,Lead,310.48,OK,20260803,
OPP00189,REP034,PRD01,1,3,Lead,72.51,OK,20260510,
OPP00190,REP033,PRD04,4,2,Closed Lost,16.66,OK,20260824,20260828
OPP00191,REP031,PRD06,3,2,Qualified,463.21,OK,20250725,
OPP00192,REP029,PRD13,4,1,Lead,93.5,OK,20251001,
OPP00193,REP033,PRD02,4,1,Closed Won,48.48,OK,20260122,20260401
OPP00194,REP010,PRD13,5,5,Closed Won,47.29,OK,20260126,20260209
OPP00195,REP014,PRD01,2,1,Lead,115.21,OK,20250926,
OPP00196,REP005,PRD11,5,4,Lead,319.89,OK,20260606,
OPP00197,REP032,PRD07,4,2,Qualified,250.84,OK,20260329,
OPP00198,REP012,PRD12,3,3,Closed Won,199.41,OK,20260304,20260527
OPP00199,REP027,PRD08,3,1,Proposal,2138.12,OK,20260805,
OPP00200,REP012,PRD03,3,2,Proposal,393.89,OK,20251001,
OPP00201,REP015,PRD15,4,1,Qualified,2102.47,OK,20260429,
OPP00202,REP012,PRD12,3,1,Lead,321.41,OK,20251128,
OPP00203,REP029,PRD04,4,1,Lead,97.26,OK,20260117,
OPP00204,REP015,PRD07,4,1,Qualified,10.56,OK,20250807,
OPP00205,REP027,PRD13,3,2,Qualified,36.83,OK,20260607,
OPP00206,REP002,PRD03,5,4,Proposal,346.72,OK,20250705,
OPP00207,REP030,PRD03,4,4,Closed Lost,297.93,OK,20260811,20260902
OPP00208,REP008,PRD13,3,5,Lead,244.29,OK,20260826,
OPP00209,REP002,PRD13,5,5,Qualified,100.53,OK,20251204,
OPP00210,REP010,PRD04,5,2,Qualified,42.62,OK,20260412,
OPP00211,REP004,PRD07,5,4,Closed Lost,39.82,OK,20260603,20260609
OPP00212,REP023,PRD10,4,2,Proposal,41.63,OK,20260317,
OPP00213,REP024,PRD14,1,3,Lead,37.45,OK,20260304,
OPP00214,REP024,PRD08,1,1,Qualified,6457.09,OK,20251008,
OPP00215,REP017,PRD10,4,3,Proposal,9.75,OK,20260222,
OPP00216,REP015,PRD11,4,2,Lead,2750.32,OK,20260801,
OPP00217,REP025,PRD01,1,2,Lead,34.4,OK,20260301,
OPP00218,REP019,PRD03,1,2,Lead,199.37,OK,20260517,
OPP00219,REP021,PRD03,2,2,Proposal,111.74,OK,20260314,
OPP00220,REP015,PRD12,4,1,Closed Won,444.14,OK,20260512,20260708
OPP00221,REP021,PRD01,2,2,Closed Lost,35.14,OK,20251010,20251223
OPP00222,REP031,PRD07,3,4,Qualified,143.12,OK,20260526,
OPP00223,REP026,PRD03,3,2,Lead,512.13,OK,20260424,
OPP00224,REP025,PRD06,1,1,Closed Won,663.63,OK,20251116,20260713
OPP00225,REP021,PRD13,2,2,Closed Won,27.52,OK,20260222,20260511
OPP00226,REP029,PRD06,4,4,Qualified,463.01,OK,20250704,
OPP00227,REP035,PRD03,3,5,Closed Lost,497.68,OK,20260225,20260421
OPP00228,REP038,PRD04,5,2,Lead,81.39,OK,20251214,
OPP00229,REP017,PRD01,4,5,Lead,31.79,OK,20260602,
OPP00230,REP018,PRD08,5,5,Closed Won,2204.48,OK,20260311,20260609
OPP00231,REP019,PRD06,1,1,Proposal,105.6,OK,20260612,
OPP00232,REP006,PRD15,2,2,Closed Lost,2137.58,OK,20260612,20260816
OPP00233,REP008,PRD02,3,4,Lead,120.15,OK,20251216,
OPP00234,REP016,PRD08,2,1,Qualified,1320.62,OK,20260805,
OPP00235,REP025,PRD04,1,2,Lead,168.46,OK,20260706,
OPP00236,REP037,PRD12,3,5,Lead,114.1,OK,20251112,
OPP00237,REP017,PRD06,4,1,Lead,900.79,OK,20250907,
OPP00238,REP020,PRD14,4,2,Qualified,86.6,OK,20260209,
OPP00239,REP028,PRD15,2,2,Proposal,1142.18,OK,20260808,
OPP00240,REP039,PRD01,1,3,Closed Won,80.2,OK,20260321,20260408
OPP00241,REP027,PRD11,3,2,Proposal,404.09,OK,20260102,
OPP00242,REP003,PRD11,3,3,Qualified,3356.86,OK,20260302,
OPP00243,REP006,PRD14,2,2,Qualified,85.2,OK,20251225,
OPP00244,REP001,PRD04,4,5,Closed Won,112.69,OK,20251205,20260131
OPP00245,REP001,PRD15,4,4,Closed Lost,334.0,OK,20250722,20250826
OPP00246,REP025,PRD10,1,1,Qualified,98.66,OK,20260110,
OPP00247,REP035,PRD05,3,1,Lead,371.85,OK,20260708,
OPP00248,REP010,PRD06,5,1,Lead,246.58,OK,20250829,
OPP00249,REP032,PRD10,4,2,Lead,33.81,OK,20260622,
OPP00250,REP033,PRD08,4,4,Qualified,2630.82,OK,20260521,
OPP00251,REP017,PRD15,4,3,Closed Won,459.32,OK,20251202,20260829
OPP00252,REP009,PRD07,3,1,Proposal,12.38,OK,20260428,
OPP00253,REP003,PRD12,3,4,Lead,310.9,OK,20260722,
OPP00254,REP038,PRD06,5,1,Lead,663.9,OK,20260510,
OPP00255,REP008,PRD13,3,3,Proposal,280.1,OK,20260109,
OPP00256,REP037,PRD12,3,2,Lead,82.75,OK,20251026,
OPP00257,REP032,PRD12,4,5,Lead,218.51,OK,20250708,
OPP00258,REP008,PRD06,3,1,Lead,225.19,OK,20250924,
OPP00259,REP018,PRD13,5,1,Proposal,159.46,OK,20260530,
OPP00260,REP026,PRD12,3,2,Qualified,114.52,OK,20251220,
OPP00261,REP013,PRD02,5,1,Proposal,20.8,OK,20251117,
OPP00262,REP039,PRD15,1,2,Qualified,694.79,OK,20260810,
OPP00263,REP015,PRD02,4,4,Proposal,20.78,OK,20260629,
OPP00264,REP007,PRD04,3,3,Lead,134.65,OK,20250812,
OPP00265,REP031,PRD10,3,1,Closed Won,79.37,OK,20260113,20260301
OPP00266,REP006,PRD01,2,4,Proposal,56.57,OK,20260623,
OPP00267,REP017,PRD06,4,4,Closed Won,79.45,OK,20251015,20260822
OPP00268,REP038,PRD01,5,3,Lead,30.72,OK,20260629,
OPP00269,REP016,PRD04,2,4,Qualified,140.16,OK,20260820,
OPP00270,REP008,PRD03,3,3,Closed Won,381.96,OK,20260307,20260731
OPP00271,REP032,PRD01,4,3,Proposal,40.71,OK,20260612,
OPP00272,REP028,PRD13,2,4,Lead,446.24,OK,20260731,
OPP00273,REP022,PRD11,5,2,Proposal,884.26,OK,20260531,
OPP00274,REP013,PRD09,5,1,Closed Won,119.03,OK,20260615,20260630
OPP00275,REP029,PRD02,4,4,Closed Lost,169.33,OK,20260707,20260819
OPP00276,REP001,PRD15,4,2,Lead,979.12,OK,20260121,
OPP00277,REP006,PRD04,2,1,Closed Won,34.06,OK,20260112,20260429
OPP00278,REP032,PRD13,4,1,Lead,215.63,OK,20260812,
OPP00279,REP016,PRD03,2,3,Lead,715.33,OK,20260715,
OPP00280,REP036,PRD13,5,2,Lead,454.54,OK,20260105,
OPP00281,REP018,PRD13,5,5,Lead,369.17,OK,20260202,
OPP00282,REP008,PRD05,3,1,Closed Won,598.76,OK,20260610,20260617
OPP00283,REP032,PRD13,4,1,Lead,96.6,OK,20260210,
OPP00284,REP019,PRD08,1,2,Lead,2717.82,OK,20260102,
OPP00285,REP005,PRD15,5,1,Lead,2637.81,OK,20260131,
OPP00286,REP012,PRD02,3,5,Qualified,113.42,OK,20260321,
OPP00287,REP019,PRD08,1,2,Qualified,3665.74,OK,20260309,
OPP00288,REP024,PRD10,1,4,Lead,109.07,OK,20260827,
OPP00289,REP018,PRD01,5,1,Qualified,63.89,OK,20250904,
OPP00290,REP015,PRD01,4,3,Closed Won,126.51,OK,20251019,20251216
OPP00291,REP014,PRD09,2,1,Qualified,1646.98,OK,20251230,
OPP00292,REP028,PRD06,2,2,Proposal,116.2,OK,20260427,
OPP00293,REP009,PRD06,3,2,Qualified,376.08,OK,20251030,
OPP00294,REP012,PRD11,3,3,Lead,3099.3,OK,20251217,
OPP00295,REP023,PRD12,4,2,Closed Won,79.38,OK,20250822,20260130
OPP00296,REP038,PRD04,5,4,Qualified,56.73,OK,20260516,
OPP00297,REP035,PRD10,3,5,Proposal,167.1,OK,20260318,
OPP00298,REP036,PRD11,5,3,Closed Won,797.87,OK,20260829,20260831
OPP00299,REP011,PRD06,4,4,Proposal,420.02,OK,20260522,
OPP00300,REP039,PRD02,1,2,Closed Won,33.55,OK,20250821,20251109
OPP00301,REP031,PRD05,3,5,Qualified,1187.02,OK,20260526,
OPP00302,REP029,PRD06,4,5,Qualified,195.99,OK,20260502,
OPP00303,REP016,PRD13,2,2,Lead,172.29,OK,20250719,
OPP00304,REP030,PRD14,4,3,Closed Won,104.02,OK,20260425,20260726
OPP00305,REP019,PRD11,1,1,Closed Won,743.69,OK,20250708,20260407
OPP00306,REP030,PRD01,4,1,Closed Lost,33.1,OK,20260220,20260721
OPP00307,REP022,PRD02,5,2,Closed Lost,71.86,OK,20260525,20260706
OPP00308,REP036,PRD10,5,4,Closed Won,20.38,OK,20260718,20260728
OPP00309,REP002,PRD13,5,3,Proposal,86.88,OK,20260131,
OPP00310,REP023,PRD08,4,5,Lead,823.41,OK,20260607,
OPP00311,REP005,PRD05,5,4,Proposal,482.97,OK,20260716,
OPP00312,REP023,PRD11,4,4,Lead,1459.36,OK,20250726,
OPP00313,REP030,PRD04,4,2,Proposal,80.03,OK,20260502,
OPP00314,REP031,PRD02,3,1,Proposal,25.72,OK,20260322,
OPP00315,REP022,PRD14,5,4,Qualified,87.52,OK,20260514,
OPP00316,REP013,PRD06,5,2,Closed Lost,137.83,OK,20251109,20260509
OPP00317,REP016,PRD08,2,1,Qualified,2589.49,OK,20251011,
OPP00318,REP034,PRD05,1,4,Lead,1711.94,OK,20260822,
OPP00319,REP039,PRD01,1,1,Proposal,42.13,OK,20250724,
OPP00320,REP013,PRD13,5,1,Closed Lost,26.2,OK,20260506,20260828
OPP00321,REP023,PRD14,4,1,Qualified,133.93,OK,20250725,
OPP00322,REP022,PRD15,5,1,Lead,1185.81,OK,20250907,
OPP00323,REP027,PRD10,3,2,Qualified,14.77,OK,20260601,
OPP00324,REP023,PRD10,4,5,Lead,85.83,OK,20251017,
OPP00325,REP037,PRD03,3,3,Lead,798.45,OK,20260627,
OPP00326,REP009,PRD01,3,2,Lead,57.4,OK,20251122,
OPP00327,REP010,PRD03,5,4,Closed Won,387.91,OK,20250812,20251121
OPP00328,REP025,PRD03,1,4,Closed Lost,571.93,OK,20260424,20260626
OPP00329,REP024,PRD08,1,4,Lead,1789.71,OK,20251215,
OPP00330,REP030,PRD10,4,4,Lead,30.37,OK,20260622,
OPP00331,REP019,PRD01,1,5,Qualified,8.95,OK,20260314,
OPP00332,REP010,PRD07,5,1,Qualified,101.9,OK,20260323,
OPP00333,REP013,PRD04,5,5,Qualified,110.47,OK,20260424,
OPP00334,REP001,PRD03,4,1,Lead,219.43,OK,20260205,
OPP00335,REP021,PRD13,2,3,Qualified,261.84,OK,20260527,
OPP00336,REP024,PRD04,1,3,Qualified,138.91,OK,20260115,
OPP00337,REP019,PRD12,1,2,Closed Won,176.74,OK,20250905,20260306
OPP00338,REP032,PRD09,4,2,Proposal,316.51,OK,20250719,
OPP00339,REP038,PRD09,5,4,Lead,65.05,OK,20260826,
OPP00340,REP028,PRD06,2,3,Proposal,573.33,OK,20250813,
OPP00341,REP033,PRD06,4,3,Lead,93.72,OK,20260401,
OPP00342,REP032,PRD14,4,1,Lead,51.97,OK,20251225,
OPP00343,REP024,PRD13,1,2,Closed Won,116.67,OK,20250826,20260625
OPP00344,REP031,PRD10,3,3,Lead,58.07,OK,20250804,
OPP00345,REP027,PRD15,3,4,Proposal,1241.82,OK,20250728,
OPP00346,REP029,PRD04,4,4,Qualified,18.11,OK,20260112,
OPP00347,REP033,PRD02,4,1,Qualified,228.73,OK,20251205,
OPP00348,REP002,PRD08,5,1,Closed Lost,3800.15,OK,20250719,20251114
OPP00349,REP014,PRD05,2,4,Proposal,874.96,OK,20260105,
OPP00350,REP011,PRD13,4,3,Lead,505.2,OK,20251010,
OPP00351,REP009,PRD14,3,2,Lead,44.1,OK,20260706,
OPP00352,REP017,PRD14,4,4,Lead,66.16,OK,20250930,
OPP00353,REP040,PRD05,2,2,Qualified,1925.63,OK,20251220,
OPP00354,REP030,PRD07,4,2,Closed Won,68.18,OK,20260630,20260724
OPP00355,REP029,PRD11,4,1,Qualified,547.51,OK,20260416,
OPP00356,REP020,PRD13,4,4,Qualified,26.98,OK,20251111,
OPP00357,REP020,PRD07,4,1,Lead,129.98,OK,20250930,
OPP00358,REP018,PRD12,5,1,Closed Lost,5.38,OK,20251108,20260308
OPP00359,REP019,PRD15,1,1,Closed Won,404.96,OK,20250925,20260507
OPP00360,REP004,PRD14,5,2,Lead,122.06,OK,20250723,
OPP00361,REP003,PRD11,3,3,Closed Lost,2133.97,OK,20260303,20260622
OPP00362,REP019,PRD13,1,5,Lead,296.39,OK,20260421,
OPP00363,REP030,PRD07,4,2,Closed Won,65.12,OK,20260508,20260615
OPP00364,REP031,PRD10,3,1,Lead,12.16,OK,20250901,
OPP00365,REP028,PRD01,2,1,Qualified,45.41,OK,20260108,
OPP00366,REP017,PRD01,4,2,Proposal,28.86,OK,20250921,
OPP00367,REP017,PRD02,4,5,Proposal,46.56,OK,20260223,
OPP00368,REP026,PRD01,3,1,Lead,33.1,OK,20251006,
OPP00369,REP019,PRD05,1,1,Proposal,296.15,OK,20250804,
OPP00370,REP019,PRD05,1,5,Qualified,810.32,OK,20260330,
OPP00371,REP004,PRD15,5,2,Closed Lost,2734.66,OK,20260821,20260831
OPP00372,REP030,PRD02,4,1,Closed Won,123.63,OK,20260417,20260430
OPP00373,REP021,PRD06,2,2,Proposal,260.3,OK,20260731,
OPP00374,REP039,PRD02,1,4,Proposal,146.84,OK,20260326,
OPP00375,REP008,PRD05,3,1,Closed Lost,458.8,OK,20250713,20260604
OPP00376,REP011,PRD05,4,5,Closed Won,821.32,OK,20260719,20260724
OPP00377,REP023,PRD05,4,1,Closed Lost,1504.82,OK,20260605,20260710
OPP00378,REP009,PRD07,3,2,Proposal,44.51,OK,20260626,
OPP00379,REP023,PRD14,4,1,Proposal,118.22,OK,20251030,
OPP00380,REP011,PRD13,4,5,Qualified,44.25,OK,20260607,
OPP00381,REP018,PRD02,5,4,Lead,126.43,OK,20251117,
OPP00382,REP036,PRD15,5,1,Lead,134.57,OK,20260813,
OPP00383,REP020,PRD12,4,2,Lead,142.57,OK,20260129,
OPP00384,REP020,PRD15,4,4,Lead,1674.61,OK,20260826,
OPP00385,REP025,PRD09,1,1,Closed Lost,806.66,OK,20260714,20260828
OPP00386,REP038,PRD01,5,2,Closed Won,24.73,OK,20260607,20260826
OPP00387,REP031,PRD05,3,2,Lead,182.84,OK,20260128,
OPP00388,REP023,PRD02,4,2,Qualified,503.68,OK,20260311,
OPP00389,REP016,PRD03,2,1,Qualified,178.4,OK,20260110,
OPP00390,REP026,PRD10,3,2,Qualified,26.25,OK,20250909,
OPP00391,REP014,PRD10,2,1,Qualified,54.03,OK,20260205,
OPP00392,REP036,PRD06,5,1,Lead,624.89,OK,20260619,
OPP00393,REP004,PRD10,5,1,Qualified,59.46,OK,20260109,
OPP00394,REP033,PRD07,4,1,Lead,53.77,OK,20260629,
OPP00395,REP014,PRD06,2,5,Lead,350.44,OK,20260424,
OPP00396,REP004,PRD09,5,1,Lead,1037.2,OK,20260322,
OPP00397,REP024,PRD07,1,4,Closed Won,52.58,OK,20250726,20260813
OPP00398,REP030,PRD07,4,2,Qualified,163.98,OK,20260313,
OPP00399,REP031,PRD09,3,1,Proposal,133.29,OK,20251122,
OPP00400,REP006,PRD15,2,5,Lead,654.24,OK,20260717,
OPP00401,REP028,PRD06,2,1,Qualified,164.82,OK,20251215,
OPP00402,REP007,PRD02,3,4,Lead,348.55,OK,20260405,
OPP00403,REP023,PRD01,4,4,Qualified,15.41,OK,20260120,
OPP00404,REP034,PRD15,1,3,Closed Lost,930.29,OK,20260325,20260518
OPP00405,REP005,PRD04,5,2,Qualified,28.47,OK,20260203,
OPP00406,REP013,PRD05,5,2,Lead,2933.63,OK,20250711,
OPP00407,REP015,PRD04,4,2,Lead,198.96,OK,20260809,
OPP00408,REP014,PRD01,2,3,Proposal,76.31,OK,20251129,
OPP00409,REP005,PRD13,5,1,Lead,413.78,OK,20250908,
OPP00410,REP022,PRD13,5,1,Qualified,214.47,OK,20260107,
OPP00411,REP027,PRD13,3,3,Lead,38.85,OK,20260515,
OPP00412,REP005,PRD07,5,2,Lead,43.87,OK,20260718,
OPP00413,REP017,PRD05,4,1,Qualified,1564.86,OK,20260106,
OPP00414,REP009,PRD04,3,5,Qualified,53.16,OK,20260708,
OPP00415,REP031,PRD01,3,2,Closed Lost,63.66,OK,20260720,20260810
OPP00416,REP018,PRD14,5,1,Lead,53.5,OK,20250717,
OPP00417,REP037,PRD03,3,2,Closed Won,629.84,OK,20250914,20260106
OPP00418,REP003,PRD03,3,1,Closed Won,869.79,OK,20251223,20260529
OPP00419,REP019,PRD11,1,2,Lead,108.67,OK,20260108,
OPP00420,REP013,PRD02,5,3,Closed Won,121.98,OK,20260226,20260704
OPP00421,REP039,PRD14,1,2,Qualified,64.44,OK,20260416,
OPP00422,REP038,PRD04,5,2,Closed Won,24.17,OK,20260706,20260828
OPP00423,REP029,PRD13,4,1,Qualified,291.63,OK,20260820,
OPP00424,REP004,PRD15,5,2,Lead,1957.2,OK,20260328,
OPP00425,REP026,PRD07,3,2,Lead,54.22,OK,20260530,
OPP00426,REP025,PRD07,1,2,Qualified,27.67,OK,20260317,
OPP00427,REP039,PRD05,1,1,Lead,91.18,OK,20260403,
OPP00428,REP018,PRD14,5,2,Closed Won,91.0,OK,20260621,20260717
OPP00429,REP031,PRD05,3,5,Closed Won,3261.99,OK,20260227,20260416
OPP00430,REP008,PRD02,3,4,Closed Lost,146.05,OK,20251230,20260214
OPP00431,REP036,PRD09,5,2,Lead,12.87,OK,20251130,
OPP00432,REP031,PRD04,3,4,Lead,32.06,OK,20260306,
OPP00433,REP038,PRD14,5,1,Qualified,88.29,OK,20251004,
OPP00434,REP032,PRD08,4,1,Closed Won,2379.05,OK,20260824,20260902
OPP00435,REP002,PRD04,5,4,Qualified,21.85,OK,20251124,
OPP00436,REP002,PRD03,5,2,Lead,534.73,OK,20251129,
OPP00437,REP019,PRD01,1,3,Proposal,60.71,OK,20251219,
OPP00438,REP016,PRD07,2,2,Closed Won,183.6,OK,20260715,20260810
OPP00439,REP009,PRD05,3,2,Lead,584.34,OK,20260815,
OPP00440,REP034,PRD11,1,4,Qualified,3284.07,OK,20260208,
OPP00441,REP030,PRD10,4,1,Qualified,170.52,OK,20250920,
OPP00442,REP001,PRD09,4,1,Closed Won,307.45,OK,20251201,20260326
OPP00443,REP033,PRD12,4,2,Closed Won,192.31,OK,20251227,20260516
OPP00444,REP003,PRD10,3,3,Lead,49.02,OK,20251120,
OPP00445,REP014,PRD06,2,2,Closed Won,401.99,OK,20260223,20260225
OPP00446,REP040,PRD10,2,1,Lead,75.24,OK,20260822,
OPP00447,REP008,PRD10,3,2,Proposal,21.14,OK,20251010,
OPP00448,REP013,PRD11,5,1,Closed Lost,278.36,OK,20260202,20260219
OPP00449,REP024,PRD12,1,2,Qualified,131.76,OK,20250815,
OPP00450,REP018,PRD06,5,5,Closed Won,76.09,OK,20260215,20260405
OPP00451,REP036,PRD03,5,4,Proposal,440.57,OK,20260720,
OPP00452,REP003,PRD01,3,4,Lead,69.88,OK,20250921,
OPP00453,REP033,PRD14,4,1,Lead,43.21,OK,20250713,
OPP00454,REP040,PRD14,2,1,Lead,84.49,OK,20260209,
OPP00455,REP029,PRD13,4,3,Proposal,160.21,OK,20260703,
OPP00456,REP026,PRD12,3,1,Proposal,762.56,OK,20260710,
OPP00457,REP011,PRD13,4,2,Closed Lost,243.68,OK,20260611,20260714
OPP00458,REP002,PRD03,5,2,Proposal,21.97,OK,20251124,
OPP00459,REP039,PRD11,1,4,Lead,568.52,OK,20250812,
OPP00460,REP009,PRD14,3,3,Closed Lost,56.97,OK,20260116,20260720
OPP00461,REP033,PRD10,4,4,Proposal,44.62,OK,20250930,
OPP00462,REP040,PRD05,2,1,Qualified,1644.12,OK,20250823,
OPP00463,REP039,PRD06,1,1,Qualified,619.64,OK,20260511,
OPP00464,REP019,PRD05,1,1,Qualified,1675.83,OK,20260720,
OPP00465,REP023,PRD01,4,2,Proposal,91.21,OK,20250830,
OPP00466,REP009,PRD10,3,2,Qualified,55.38,OK,20250814,
OPP00467,REP040,PRD08,2,1,Qualified,235.75,OK,20251029,
OPP00468,REP033,PRD07,4,2,Qualified,55.66,OK,20251027,
OPP00469,REP023,PRD05,4,1,Closed Lost,2644.28,OK,20260224,20260312
OPP00470,REP027,PRD10,3,2,Qualified,48.18,OK,20260112,
OPP00471,REP017,PRD08,4,3,Qualified,1262.21,OK,20251004,
OPP00472,REP008,PRD08,3,5,Lead,792.47,OK,20260523,
OPP00473,REP004,PRD13,5,2,Lead,53.0,OK,20251226,
OPP00474,REP023,PRD12,4,5,Closed Won,43.58,OK,20260813,20260822
OPP00475,REP006,PRD09,2,4,Closed Lost,348.5,OK,20260618,20260730
OPP00476,REP009,PRD09,3,5,Lead,353.11,OK,20260219,
OPP00477,REP020,PRD14,4,4,Qualified,17.14,OK,20260602,
OPP00478,REP022,PRD15,5,2,Lead,206.09,OK,20260226,
OPP00479,REP014,PRD06,2,1,Lead,742.14,OK,20250819,
OPP00480,REP018,PRD01,5,4,Qualified,30.39,OK,20250919,
OPP00481,REP018,PRD14,5,2,Proposal,5.61,OK,20251212,
OPP00482,REP037,PRD14,3,3,Lead,23.07,OK,20251214,
OPP00483,REP025,PRD01,1,2,Lead,22.22,OK,20260125,
OPP00484,REP037,PRD03,3,2,Qualified,348.16,OK,20250905,
OPP00485,REP005,PRD08,5,5,Lead,9024.68,OK,20251102,
OPP00486,REP017,PRD01,4,4,Qualified,36.11,OK,20260106,
OPP00487,REP031,PRD14,3,5,Proposal,41.99,OK,20251116,
OPP00488,REP038,PRD14,5,5,Qualified,121.1,OK,20250831,
OPP00489,REP007,PRD15,3,5,Closed Won,905.67,OK,20251102,20251103
OPP00490,REP036,PRD15,5,4,Lead,2141.96,OK,20260517,
OPP00491,REP005,PRD05,5,4,Lead,435.77,OK,20260618,
OPP00492,REP006,PRD07,2,1,Qualified,259.06,OK,20260703,
OPP00493,REP024,PRD13,1,1,Proposal,210.22,OK,20260215,
OPP00494,REP016,PRD02,2,2,Proposal,267.34,OK,20250729,
OPP00495,REP004,PRD04,5,4,Qualified,45.81,OK,20251230,
OPP00496,REP020,PRD09,4,3,Closed Won,583.56,OK,20260212,20260601
OPP00497,REP035,PRD02,3,3,Proposal,224.59,OK,20260621,
OPP00498,REP027,PRD15,3,5,Closed Won,1230.95,REVIEW,20250828,20260521
OPP00499,REP014,PRD05,2,3,Lead,272.41,OK,20260101,
OPP00500,REP012,PRD14,3,1,Qualified,107.34,OK,20260125,
OPP00501,REP018,PRD10,5,5,Qualified,25.37,OK,20251204,
OPP00502,REP005,PRD12,5,5,Lead,203.0,OK,20260530,
OPP00503,REP019,PRD03,1,5,Lead,1154.84,OK,20251001,
OPP00504,REP033,PRD07,4,2,Qualified,32.51,OK,20260830,
OPP00505,REP008,PRD15,3,1,Closed Won,1499.83,OK,20251225,20260902
OPP00506,REP007,PRD07,3,5,Closed Lost,65.31,OK,20251027,20260207
OPP00507,REP033,PRD02,4,2,Proposal,73.29,OK,20251022,
OPP00508,REP020,PRD08,4,1,Qualified,1705.2,OK,20250828,
OPP00509,REP001,PRD03,4,3,Closed Won,457.43,OK,20250819,20251022
OPP00510,REP014,PRD10,2,4,Lead,78.38,OK,20260227,
OPP00511,REP023,PRD01,4,1,Closed Won,203.6,OK,20260213,20260802
OPP00512,REP008,PRD03,3,1,Lead,492.5,OK,20251008,
OPP00513,REP011,PRD03,4,3,Qualified,166.1,OK,20260703,
OPP00514,REP024,PRD01,1,5,Qualified,70.99,OK,20260225,
OPP00515,REP032,PRD04,4,2,Lead,112.4,OK,20260512,
OPP00516,REP003,PRD07,3,4,Lead,251.47,OK,20260131,
OPP00517,REP031,PRD11,3,2,Proposal,4832.76,OK,20260727,
OPP00518,REP012,PRD09,3,3,Qualified,696.61,OK,20260827,
OPP00519,REP024,PRD12,1,4,Qualified,170.54,OK,20260722,
OPP00520,REP010,PRD03,5,2,Lead,468.35,OK,20260609,
OPP00521,REP022,PRD11,5,2,Qualified,6012.7,OK,20250904,
OPP00522,REP040,PRD11,2,4,Closed Won,385.18,OK,20250803,20260704
OPP00523,REP007,PRD02,3,2,Lead,173.01,OK,20260311,
OPP00524,REP012,PRD12,3,2,Lead,127.25,OK,20260114,
OPP00525,REP025,PRD15,1,3,Lead,892.9,OK,20250724,
OPP00526,REP036,PRD10,5,1,Closed Lost,42.87,OK,20250912,20251209
OPP00527,REP025,PRD04,1,1,Closed Lost,64.67,OK,20250720,20260214
OPP00528,REP036,PRD14,5,4,Lead,80.17,OK,20250804,
OPP00529,REP007,PRD06,3,4,Qualified,398.54,OK,20251117,
OPP00530,REP019,PRD09,1,3,Closed Lost,1088.66,OK,20260704,20260823
OPP00531,REP020,PRD01,4,3,Closed Lost,66.62,OK,20260612,20260709
OPP00532,REP028,PRD11,2,4,Lead,525.56,OK,20251121,
OPP00533,REP031,PRD09,3,1,Lead,238.18,OK,20260607,
OPP00534,REP010,PRD08,5,2,Proposal,1328.74,OK,20260720,
OPP00535,REP014,PRD08,2,4,Closed Lost,1291.86,OK,20250912,20260313
OPP00536,REP038,PRD11,5,2,Qualified,265.83,OK,20260331,
OPP00537,REP010,PRD15,5,3,Closed Won,267.76,OK,20260517,20260720
OPP00538,REP001,PRD14,4,3,Qualified,101.87,OK,20260310,
OPP00539,REP039,PRD07,1,1,Proposal,111.05,OK,20250923,
OPP00540,REP034,PRD09,1,1,Closed Won,444.49,OK,20251105,20260313
OPP00541,REP032,PRD14,4,3,Qualified,26.9,OK,20260519,
OPP00542,REP016,PRD04,2,1,Qualified,51.5,OK,20260723,
OPP00543,REP034,PRD11,1,4,Lead,774.01,OK,20260212,
OPP00544,REP012,PRD03,3,5,Qualified,612.59,OK,20260511,
OPP00545,REP037,PRD06,3,4,Proposal,726.8,REVIEW,20250801,
OPP00546,REP008,PRD13,3,4,Qualified,186.46,OK,20260622,
OPP00547,REP036,PRD03,5,3,Qualified,1125.21,OK,20250910,
OPP00548,REP038,PRD12,5,1,Proposal,111.85,OK,20260305,
OPP00549,REP004,PRD04,5,5,Lead,76.69,OK,20260116,
OPP00550,REP004,PRD02,5,3,Closed Lost,251.14,OK,20260312,20260403
OPP00551,REP005,PRD11,5,4,Lead,1513.92,OK,20260513,
OPP00552,REP034,PRD04,1,4,Lead,101.97,OK,20260807,
OPP00553,REP006,PRD09,2,3,Proposal,273.61,OK,20250704,
OPP00554,REP035,PRD02,3,2,Proposal,425.68,OK,20260829,
OPP00555,REP031,PRD09,3,5,Lead,7.95,OK,20260627,
OPP00556,REP015,PRD09,4,2,Lead,178.14,OK,20260520,
OPP00557,REP025,PRD12,1,2,Lead,100.64,OK,20250815,
OPP00558,REP013,PRD04,5,1,Qualified,78.0,OK,20251126,
OPP00559,REP019,PRD13,1,5,Qualified,565.06,OK,20260810,
OPP00560,REP040,PRD02,2,2,Proposal,128.33,OK,20260411,
OPP00561,REP036,PRD11,5,1,Proposal,984.65,OK,20260726,
OPP00562,REP019,PRD04,1,4,Lead,22.61,OK,20260612,
OPP00563,REP007,PRD04,3,4,Lead,131.99,OK,20250813,
OPP00564,REP019,PRD14,1,1,Proposal,142.27,OK,20251209,
OPP00565,REP034,PRD05,1,4,Qualified,1561.77,OK,20260127,
OPP00566,REP002,PRD04,5,4,Qualified,19.8,OK,20251013,
OPP00567,REP026,PRD14,3,2,Proposal,129.4,OK,20260212,
OPP00568,REP027,PRD11,3,5,Lead,1107.27,OK,20260609,
OPP00569,REP032,PRD12,4,2,Closed Lost,228.53,OK,20260715,20260726
OPP00570,REP028,PRD11,2,2,Proposal,2111.06,OK,20250726,
OPP00571,REP036,PRD05,5,3,Proposal,315.34,OK,20260105,
OPP00572,REP006,PRD05,2,4,Closed Won,1078.11,OK,20251104,20260304
OPP00573,REP014,PRD01,2,4,Closed Won,85.72,OK,20250714,20260526
OPP00574,REP021,PRD08,2,5,Closed Lost,401.28,OK,20250914,20251210
OPP00575,REP039,PRD08,1,4,Lead,1884.48,OK,20250930,
OPP00576,REP021,PRD01,2,1,Lead,53.41,OK,20260627,
OPP00577,REP030,PRD15,4,2,Proposal,885.12,OK,20251003,
OPP00578,REP020,PRD05,4,4,Proposal,1121.0,OK,20251031,
OPP00579,REP013,PRD14,5,5,Proposal,74.28,OK,20260726,
OPP00580,REP011,PRD02,4,1,Closed Lost,166.31,OK,20260215,20260831
OPP00581,REP025,PRD12,1,4,Qualified,164.51,OK,20260201,
OPP00582,REP035,PRD07,3,2,Qualified,34.09,OK,20260522,
OPP00583,REP002,PRD13,5,5,Proposal,138.0,OK,20260713,
OPP00584,REP001,PRD12,4,2,Qualified,74.62,OK,20260705,
OPP00585,REP001,PRD08,4,4,Proposal,3452.73,OK,20260109,
OPP00586,REP031,PRD12,3,2,Closed Won,223.99,OK,20260623,20260815
OPP00587,REP004,PRD15,5,2,Lead,642.08,OK,20251024,
OPP00588,REP004,PRD12,5,4,Qualified,328.07,OK,20260427,
OPP00589,REP040,PRD10,2,4,Qualified,82.86,OK,20251129,
OPP00590,REP006,PRD09,2,5,Lead,272.61,OK,20260802,
OPP00591,REP007,PRD02,3,3,Lead,48.22,OK,20251018,
OPP00592,REP029,PRD08,4,2,Proposal,2375.89,OK,20250827,
OPP00593,REP012,PRD07,3,5,Qualified,241.44,OK,20260203,
OPP00594,REP015,PRD14,4,1,Closed Won,161.06,OK,20260522,20260726
OPP00595,REP020,PRD05,4,1,Lead,372.1,OK,20260802,
OPP00596,REP026,PRD13,3,1,Qualified,119.6,OK,20260127,
OPP00597,REP011,PRD06,4,5,Closed Lost,716.11,OK,20250705,20260209
OPP00598,REP007,PRD14,3,4,Closed Won,10.55,OK,20260220,20260829
OPP00599,REP014,PRD07,2,1,Lead,61.68,OK,20251027,
OPP00600,REP028,PRD05,2,2,Proposal,760.54,OK,20260615,
OPP00601,REP016,PRD06,2,1,Closed Lost,159.64,OK,20260826,20260831
OPP00602,REP030,PRD07,4,5,Closed Won,0.0,REVIEW,20260329,20260601
OPP00603,REP018,PRD09,5,4,Lead,216.03,OK,20260830,
OPP00604,REP001,PRD02,4,4,Qualified,262.07,OK,20260422,
OPP00605,REP002,PRD03,5,1,Proposal,6.35,OK,20260622,
OPP00606,REP028,PRD13,2,2,Qualified,422.57,OK,20260310,
OPP00607,REP004,PRD01,5,2,Proposal,99.16,OK,20251127,
OPP00608,REP011,PRD08,4,4,Lead,758.18,OK,20260105,
OPP00609,REP006,PRD02,2,4,Lead,323.44,OK,20260427,
OPP00610,REP020,PRD03,4,2,Closed Won,601.66,OK,20260101,20260609
OPP00611,REP029,PRD14,4,4,Qualified,103.02,OK,20250806,
OPP00612,REP011,PRD01,4,4,Qualified,24.69,OK,20260308,
OPP00613,REP031,PRD08,3,2,Lead,2449.85,OK,20260706,
OPP00614,REP040,PRD10,2,1,Qualified,85.25,OK,20260426,
OPP00615,REP032,PRD05,4,2,Lead,275.9,OK,20260429,
OPP00616,REP001,PRD04,4,5,Closed Lost,63.81,OK,20251030,20260510
OPP00617,REP039,PRD07,1,3,Lead,300.89,OK,20250801,
OPP00618,REP039,PRD09,1,5,Qualified,289.23,OK,20251010,
OPP00619,REP039,PRD14,1,2,Proposal,69.77,OK,20260729,
OPP00620,REP021,PRD03,2,2,Proposal,492.21,OK,20260318,
OPP00621,REP019,PRD08,1,4,Lead,1808.0,OK,20250919,
OPP00622,REP037,PRD15,3,1,Lead,413.09,OK,20260610,
OPP00623,REP025,PRD13,1,1,Qualified,237.68,OK,20250919,
OPP00624,REP032,PRD09,4,3,Proposal,908.14,OK,20260816,
OPP00625,REP009,PRD03,3,3,Qualified,717.39,OK,20260623,
OPP00626,REP007,PRD09,3,5,Proposal,245.27,OK,20250715,
OPP00627,REP035,PRD13,3,4,Closed Lost,100.24,OK,20251023,20260331
OPP00628,REP010,PRD10,5,1,Qualified,110.86,OK,20251031,
OPP00629,REP003,PRD11,3,2,Lead,2632.82,OK,20250831,
OPP00630,REP033,PRD11,4,1,Closed Won,2230.57,OK,20260703,20260728
OPP00631,REP036,PRD07,5,1,Lead,55.62,OK,20260323,
OPP00632,REP038,PRD07,5,3,Qualified,229.5,OK,20260508,
OPP00633,REP040,PRD03,2,2,Proposal,348.95,OK,20250904,
OPP00634,REP005,PRD08,5,4,Qualified,5590.12,OK,20260316,
OPP00635,REP030,PRD07,4,2,Qualified,104.93,OK,20260822,
OPP00636,REP032,PRD11,4,1,Qualified,115.67,OK,20260425,
OPP00637,REP002,PRD03,5,2,Closed Lost,470.11,OK,20260306,20260705
OPP00638,REP007,PRD05,3,2,Closed Won,1467.34,OK,20260718,20260829
OPP00639,REP032,PRD11,4,2,Closed Won,2321.97,OK,20260828,20260828
OPP00640,REP016,PRD15,2,3,Lead,2044.91,OK,20250826,
OPP00641,REP022,PRD02,5,4,Proposal,115.82,OK,20260102,
OPP00642,REP037,PRD04,3,1,Lead,46.72,OK,20260212,
OPP00643,REP020,PRD08,4,1,Closed Won,698.5,OK,20251227,20260131
OPP00644,REP024,PRD12,1,1,Qualified,53.26,OK,20260606,
OPP00645,REP014,PRD11,2,1,Proposal,469.31,OK,20250918,
OPP00646,REP008,PRD06,3,2,Closed Won,539.29,OK,20250920,20260311
OPP00647,REP017,PRD08,4,1,Closed Won,2656.35,OK,20251110,20260806
OPP00648,REP022,PRD13,5,2,Qualified,5.64,OK,20260221,
OPP00649,REP036,PRD10,5,4,Qualified,30.68,OK,20250726,
OPP00650,REP007,PRD03,3,2,Proposal,439.43,OK,20250808,
OPP00651,REP040,PRD08,2,2,Proposal,1472.58,OK,20260312,
OPP00652,REP017,PRD09,4,1,Lead,679.64,OK,20250816,
OPP00653,REP007,PRD11,3,1,Closed Lost,552.33,OK,20260216,20260705
OPP00654,REP002,PRD13,5,2,Proposal,165.74,OK,20260421,
OPP00655,REP036,PRD13,5,1,Lead,135.3,OK,20260603,
OPP00656,REP021,PRD03,2,2,Proposal,686.93,OK,20251025,
OPP00657,REP008,PRD03,3,1,Qualified,709.23,OK,20260109,
OPP00658,REP013,PRD08,5,2,Lead,5281.67,OK,20260820,
OPP00659,REP024,PRD04,1,2,Lead,48.48,OK,20260520,
OPP00660,REP010,PRD06,5,2,Lead,383.16,OK,20251120,
OPP00661,REP037,PRD03,3,1,Lead,684.85,OK,20251113,
OPP00662,REP001,PRD06,4,1,Lead,202.33,REVIEW,20251116,
OPP00663,REP014,PRD02,2,4,Proposal,197.16,OK,20250903,
OPP00664,REP035,PRD14,3,2,Lead,140.71,OK,20260427,
OPP00665,REP005,PRD10,5,2,Qualified,22.35,OK,20260107,
OPP00666,REP015,PRD08,4,4,Proposal,2037.23,OK,20260725,
OPP00667,REP029,PRD09,4,1,Proposal,206.6,OK,20251023,
OPP00668,REP030,PRD02,4,3,Proposal,215.3,OK,20251231,
OPP00669,REP039,PRD04,1,3,Lead,138.67,OK,20260627,
OPP00670,REP027,PRD08,3,1,Closed Lost,5970.64,OK,20260117,20260714
OPP00671,REP035,PRD15,3,3,Proposal,1735.41,OK,20260118,
OPP00672,REP028,PRD11,2,1,Lead,299.32,OK,20250711,
OPP00673,REP040,PRD11,2,5,Lead,1151.26,OK,20260630,
OPP00674,REP014,PRD11,2,1,Lead,821.92,OK,20260212,
OPP00675,REP006,PRD01,2,2,Qualified,68.51,OK,20260901,
OPP00676,REP003,PRD13,3,2,Closed Lost,42.5,OK,20251103,20251201
OPP00677,REP001,PRD05,4,4,Qualified,399.36,OK,20260612,
OPP00678,REP021,PRD09,2,3,Lead,682.43,OK,20260329,
OPP00679,REP039,PRD07,1,1,Lead,46.96,OK,20260221,
OPP00680,REP038,PRD05,5,4,Lead,1683.17,OK,20260529,
OPP00681,REP027,PRD10,3,1,Lead,51.29,OK,20260114,
OPP00682,REP039,PRD09,1,2,Closed Won,1372.12,OK,20260623,20260722
OPP00683,REP009,PRD08,3,3,Lead,2812.51,OK,20251205,
OPP00684,REP017,PRD01,4,1,Lead,24.72,OK,20260428,
OPP00685,REP005,PRD07,5,2,Closed Lost,70.43,OK,20260714,20260724
OPP00686,REP026,PRD01,3,1,Lead,12.74,OK,20260104,
OPP00687,REP025,PRD01,1,1,Closed Lost,20.22,OK,20260426,20260815
OPP00688,REP009,PRD04,3,2,Closed Lost,42.71,OK,20260408,20260728
OPP00689,REP040,PRD14,2,1,Closed Won,115.68,OK,20260218,20260612
OPP00690,REP014,PRD09,2,1,Proposal,623.65,OK,20250721,
OPP00691,REP004,PRD09,5,1,Lead,123.89,OK,20260507,
OPP00692,REP034,PRD10,1,1,Lead,21.17,OK,20260202,
OPP00693,REP005,PRD15,5,2,Lead,417.95,OK,20250710,
OPP00694,REP025,PRD08,1,3,Proposal,1800.83,OK,20250811,
OPP00695,REP030,PRD14,4,2,Qualified,97.06,OK,20260724,
OPP00696,REP026,PRD10,3,1,Qualified,10.3,OK,20260211,
OPP00697,REP021,PRD14,2,4,Proposal,42.9,OK,20251229,
OPP00698,REP026,PRD05,3,2,Proposal,1016.42,OK,20260403,
OPP00699,REP023,PRD11,4,1,Qualified,718.77,OK,20251221,
OPP00700,REP019,PRD09,1,1,Qualified,559.19,OK,20251128,
OPP00701,REP025,PRD09,1,2,Qualified,261.86,OK,20260114,
OPP00702,REP010,PRD05,5,2,Qualified,141.03,OK,20251018,
OPP00703,REP040,PRD08,2,2,Qualified,1452.33,OK,20250917,
OPP00704,REP001,PRD14,4,4,Proposal,33.07,OK,20250803,
OPP00705,REP008,PRD14,3,2,Qualified,93.97,OK,20260228,
OPP00706,REP002,PRD10,5,4,Proposal,120.26,OK,20260611,
OPP00707,REP021,PRD06,2,1,Proposal,94.64,OK,20250729,
OPP00708,REP029,PRD04,4,3,Qualified,46.04,OK,20260413,
OPP00709,REP026,PRD13,3,1,Lead,48.09,OK,20251014,
OPP00710,REP030,PRD07,4,1,Proposal,46.83,OK,20250912,
OPP00711,REP011,PRD13,4,1,Closed Lost,98.19,OK,20260218,20260624
OPP00712,REP030,PRD02,4,2,Closed Won,147.49,OK,20260522,20260625
OPP00713,REP016,PRD05,2,3,Closed Lost,1407.83,OK,20251206,20260126
OPP00714,REP010,PRD09,5,4,Proposal,27.71,OK,20260826,
OPP00715,REP036,PRD05,5,1,Qualified,612.77,OK,20260414,
OPP00716,REP040,PRD02,2,1,Lead,176.42,OK,20260820,
OPP00717,REP013,PRD10,5,1,Qualified,24.33,OK,20260728,
OPP00718,REP027,PRD11,3,2,Closed Won,5860.45,OK,20260131,20260404
OPP00719,REP037,PRD06,3,4,Lead,962.96,OK,20260119,
OPP00720,REP001,PRD07,4,3,Proposal,107.47,OK,20260713,
OPP00721,REP035,PRD01,3,2,Lead,81.74,OK,20260218,
OPP00722,REP009,PRD04,3,2,Proposal,53.07,OK,20260324,
OPP00723,REP003,PRD01,3,5,Closed Lost,47.25,OK,20251001,20260331
OPP00724,REP028,PRD02,2,3,Lead,58.85,OK,20250831,
OPP00725,REP022,PRD06,5,1,Lead,366.16,OK,20251021,
OPP00726,REP008,PRD03,3,5,Qualified,64.54,OK,20251226,
OPP00727,REP020,PRD12,4,2,Proposal,385.45,OK,20260508,
OPP00728,REP002,PRD04,5,1,Lead,28.22,OK,20260414,
OPP00729,REP004,PRD13,5,2,Lead,170.19,OK,20250912,
OPP00730,REP035,PRD02,3,4,Lead,50.9,OK,20260506,
OPP00731,REP019,PRD10,1,5,Lead,93.61,OK,20250714,
OPP00732,REP016,PRD09,2,1,Closed Lost,599.88,OK,20260125,20260821
OPP00733,REP026,PRD15,3,2,Qualified,875.19,OK,20251007,
OPP00734,REP040,PRD11,2,1,Qualified,2946.99,OK,20260622,
OPP00735,REP028,PRD14,2,2,Qualified,35.97,OK,20260416,
OPP00736,REP034,PRD02,1,2,Proposal,199.15,OK,20260123,
OPP00737,REP031,PRD14,3,4,Qualified,63.17,OK,20260425,
OPP00738,REP021,PRD15,2,4,Qualified,827.18,OK,20260418,
OPP00739,REP038,PRD12,5,2,Lead,134.37,OK,20250926,
OPP00740,REP029,PRD10,4,1,Proposal,16.3,OK,20260101,
OPP00741,REP010,PRD02,5,3,Qualified,101.59,OK,20260705,
OPP00742,REP029,PRD13,4,2,Closed Won,48.89,OK,20250723,20260403
OPP00743,REP030,PRD10,4,3,Lead,13.12,OK,20251222,
OPP00744,REP039,PRD07,1,3,Lead,116.56,OK,20250822,
OPP00745,REP014,PRD14,2,1,Qualified,75.06,OK,20260629,
OPP00746,REP036,PRD14,5,1,Closed Won,73.14,OK,20260223,20260629
OPP00747,REP030,PRD14,4,3,Proposal,35.59,OK,20260517,
OPP00748,REP028,PRD11,2,2,Qualified,4459.33,OK,20251002,
OPP00749,REP026,PRD02,3,2,Qualified,46.78,OK,20251020,
OPP00750,REP023,PRD09,4,3,Lead,439.08,OK,20250808,
OPP00751,REP006,PRD12,2,3,Closed Won,374.83,OK,20250801,20260325
OPP00752,REP029,PRD11,4,1,Lead,3079.99,OK,20260721,
OPP00753,REP040,PRD08,2,3,Lead,1005.0,OK,20251002,
OPP00754,REP005,PRD14,5,1,Lead,183.51,OK,20250917,
OPP00755,REP024,PRD15,1,4,Proposal,1171.8,OK,20260102,
OPP00756,REP008,PRD12,3,3,Proposal,478.1,OK,20260825,
OPP00757,REP035,PRD05,3,4,Lead,731.21,OK,20251017,
OPP00758,REP034,PRD04,1,4,Proposal,177.09,OK,20260501,
OPP00759,REP039,PRD12,1,4,Lead,339.38,OK,20260621,
OPP00760,REP016,PRD06,2,5,Lead,155.82,OK,20260418,
OPP00761,REP002,PRD06,5,1,Closed Won,225.64,OK,20260827,20260901
OPP00762,REP031,PRD13,3,2,Qualified,105.94,OK,20251101,
OPP00763,REP019,PRD06,1,2,Closed Won,354.59,OK,20260522,20260610
OPP00764,REP038,PRD08,5,1,Qualified,1481.74,OK,20260719,
OPP00765,REP003,PRD03,3,5,Proposal,313.79,OK,20260516,
OPP00766,REP009,PRD02,3,2,Closed Lost,52.81,OK,20260206,20260218
OPP00767,REP006,PRD01,2,5,Qualified,9.8,OK,20260417,
OPP00768,REP027,PRD14,3,2,Qualified,63.04,OK,20251219,
OPP00769,REP013,PRD13,5,1,Proposal,162.83,OK,20260613,
OPP00770,REP024,PRD15,1,3,Closed Won,1129.54,OK,20260614,20260706
OPP00771,REP007,PRD05,3,2,Closed Won,1997.64,OK,20260411,20260430
OPP00772,REP015,PRD13,4,2,Lead,311.95,OK,20260415,
OPP00773,REP018,PRD07,5,4,Qualified,54.58,OK,20260830,
OPP00774,REP012,PRD08,3,1,Closed Won,785.97,OK,20260408,20260419
OPP00775,REP026,PRD05,3,1,Qualified,205.72,OK,20260509,
OPP00776,REP040,PRD01,2,1,Lead,43.17,OK,20260203,
OPP00777,REP001,PRD07,4,2,Lead,50.87,OK,20251128,
OPP00778,REP023,PRD13,4,2,Qualified,182.31,OK,20251006,
OPP00779,REP024,PRD12,1,3,Lead,223.9,OK,20260622,
OPP00780,REP003,PRD03,3,1,Proposal,549.14,OK,20250913,
OPP00781,REP035,PRD08,3,3,Lead,3305.72,OK,20251215,
OPP00782,REP018,PRD01,5,1,Qualified,59.85,OK,20250720,
OPP00783,REP005,PRD06,5,4,Qualified,188.38,OK,20250812,
OPP00784,REP036,PRD14,5,4,Closed Won,145.56,OK,20260320,20260506
OPP00785,REP021,PRD10,2,5,Proposal,29.94,OK,20251009,
OPP00786,REP032,PRD12,4,1,Qualified,147.93,OK,20251210,
OPP00787,REP013,PRD05,5,2,Qualified,1418.28,OK,20250826,
OPP00788,REP018,PRD05,5,4,Qualified,589.87,OK,20251211,
OPP00789,REP019,PRD03,1,2,Proposal,217.72,OK,20251218,
OPP00790,REP022,PRD06,5,1,Proposal,204.24,OK,20251231,
OPP00791,REP014,PRD15,2,3,Qualified,2625.4,OK,20260316,
OPP00792,REP013,PRD06,5,2,Lead,88.86,OK,20251026,
OPP00793,REP030,PRD14,4,5,Lead,112.06,OK,20250706,
OPP00794,REP021,PRD12,2,3,Lead,227.98,OK,20260204,
OPP00795,REP024,PRD10,1,3,Closed Won,56.47,OK,20251024,20251213
OPP00796,REP040,PRD05,2,4,Lead,745.07,OK,20260827,
OPP00797,REP025,PRD01,1,2,Proposal,20.99,OK,20260114,
OPP00798,REP029,PRD09,4,2,Lead,364.37,OK,20251116,
OPP00799,REP017,PRD03,4,4,Qualified,443.81,OK,20250927,
OPP00800,REP001,PRD05,4,1,Closed Won,1020.29,OK,20250724,20251103
OPP00801,REP040,PRD11,2,2,Lead,1350.65,OK,20250715,
OPP00802,REP033,PRD10,4,1,Lead,58.06,OK,20260408,
OPP00803,REP022,PRD09,5,4,Proposal,490.74,OK,20260104,
OPP00804,REP028,PRD13,2,3,Proposal,19.4,OK,20260312,
OPP00805,REP006,PRD04,2,1,Lead,72.25,OK,20250716,
OPP00806,REP018,PRD14,5,2,Qualified,68.02,OK,20251116,
OPP00807,REP040,PRD10,2,2,Qualified,16.09,OK,20260126,
OPP00808,REP040,PRD08,2,2,Proposal,1988.86,OK,20250813,
OPP00809,REP022,PRD13,5,3,Qualified,41.81,OK,20251010,
OPP00810,REP037,PRD13,3,2,Qualified,161.05,OK,20260526,
OPP00811,REP013,PRD06,5,4,Qualified,524.88,OK,20260816,
OPP00812,REP022,PRD04,5,5,Qualified,83.66,OK,20250930,
OPP00813,REP037,PRD14,3,2,Qualified,16.01,OK,20250822,
OPP00814,REP035,PRD01,3,5,Proposal,34.41,OK,20260708,
OPP00815,REP039,PRD15,1,2,Lead,6741.82,OK,20260617,
OPP00816,REP020,PRD08,4,3,Lead,2348.59,OK,20260411,
OPP00817,REP010,PRD15,5,3,Proposal,753.93,OK,20260806,
OPP00818,REP020,PRD14,4,4,Lead,26.17,OK,20250926,
OPP00819,REP032,PRD04,4,2,Qualified,132.9,OK,20260620,
OPP00820,REP014,PRD15,2,4,Lead,731.63,OK,20260730,
OPP00821,REP028,PRD09,2,1,Lead,289.81,OK,20251223,
OPP00822,REP039,PRD07,1,3,Lead,11.11,OK,20250806,
OPP00823,REP013,PRD14,5,1,Proposal,26.59,OK,20260813,
OPP00824,REP003,PRD08,3,2,Qualified,3290.65,OK,20260223,
OPP00825,REP033,PRD06,4,1,Closed Won,297.87,OK,20260624,20260825
OPP00826,REP028,PRD09,2,2,Proposal,239.34,OK,20250728,
OPP00827,REP002,PRD01,5,1,Proposal,134.64,OK,20250820,
OPP00828,REP016,PRD11,2,2,Lead,2148.66,OK,20260711,
OPP00829,REP018,PRD06,5,3,Proposal,329.32,OK,20260511,
OPP00830,REP010,PRD05,5,2,Qualified,26.67,OK,20260531,
OPP00831,REP009,PRD08,3,2,Closed Won,2872.24,OK,20250925,20260403
OPP00832,REP038,PRD04,5,1,Lead,128.09,OK,20260613,
OPP00833,REP013,PRD03,5,3,Lead,573.75,OK,20250830,
OPP00834,REP007,PRD02,3,2,Qualified,157.94,OK,20250904,
OPP00835,REP013,PRD14,5,1,Proposal,35.84,OK,20260311,
OPP00836,REP025,PRD13,1,2,Closed Lost,171.91,OK,20251027,20251121
OPP00837,REP013,PRD14,5,2,Proposal,75.37,OK,20251010,
OPP00838,REP007,PRD06,3,5,Closed Lost,321.47,OK,20260202,20260902
OPP00839,REP023,PRD07,4,4,Qualified,60.95,OK,20260313,
OPP00840,REP026,PRD06,3,1,Lead,166.48,OK,20260425,
OPP00841,REP020,PRD12,4,4,Closed Won,70.58,OK,20260820,20260827
OPP00842,REP036,PRD13,5,2,Qualified,99.56,OK,20260621,
OPP00843,REP025,PRD05,1,3,Closed Lost,1653.92,OK,20260731,20260829
OPP00844,REP009,PRD01,3,1,Closed Won,121.21,OK,20260603,20260612
OPP00845,REP038,PRD06,5,2,Qualified,431.37,OK,20250930,
OPP00846,REP016,PRD03,2,4,Qualified,287.88,OK,20251218,
OPP00847,REP017,PRD06,4,5,Lead,287.22,OK,20260603,
OPP00848,REP023,PRD13,4,3,Closed Won,151.71,OK,20260619,20260711
OPP00849,REP010,PRD03,5,1,Lead,496.57,OK,20260521,
OPP00850,REP027,PRD10,3,4,Qualified,61.89,OK,20260324,
OPP00851,REP015,PRD01,4,2,Lead,40.36,OK,20260621,
OPP00852,REP034,PRD12,1,3,Lead,35.98,OK,20260509,
OPP00853,REP037,PRD07,3,5,Lead,141.22,OK,20260523,
OPP00854,REP029,PRD03,4,1,Lead,174.7,OK,20250915,
OPP00855,REP014,PRD11,2,1,Lead,677.28,OK,20260303,
OPP00856,REP036,PRD01,5,1,Closed Won,26.07,OK,20260531,20260630
OPP00857,REP026,PRD01,3,1,Qualified,16.3,OK,20260117,
OPP00858,REP021,PRD01,2,4,Qualified,107.51,OK,20260420,
OPP00859,REP023,PRD13,4,2,Closed Lost,274.85,OK,20251030,20260723
OPP00860,REP008,PRD03,3,1,Qualified,329.6,OK,20260707,
OPP00861,REP009,PRD11,3,2,Lead,2075.51,OK,20250825,
OPP00862,REP031,PRD01,3,3,Proposal,163.64,OK,20250912,
OPP00863,REP029,PRD04,4,1,Lead,164.32,OK,20250908,
OPP00864,REP004,PRD13,5,3,Closed Won,433.08,OK,20250914,20260228
OPP00865,REP029,PRD08,4,4,Qualified,557.39,OK,20250917,
OPP00866,REP013,PRD13,5,3,Closed Lost,292.01,OK,20260419,20260514
OPP00867,REP036,PRD07,5,1,Qualified,189.06,OK,20250819,
OPP00868,REP009,PRD13,3,1,Closed Won,131.65,OK,20260317,20260725
OPP00869,REP036,PRD13,5,3,Lead,198.89,OK,20251006,
OPP00870,REP001,PRD01,4,4,Lead,19.62,OK,20260519,
OPP00871,REP019,PRD08,1,4,Qualified,4365.6,OK,20260404,
OPP00872,REP022,PRD04,5,2,Closed Lost,54.83,OK,20260528,20260606
OPP00873,REP033,PRD04,4,2,Lead,41.39,OK,20260212,
OPP00874,REP025,PRD05,1,3,Proposal,434.82,OK,20260303,
OPP00875,REP006,PRD09,2,1,Qualified,823.26,OK,20260403,
OPP00876,REP027,PRD10,3,2,Proposal,27.76,OK,20250922,
OPP00877,REP012,PRD04,3,1,Proposal,50.81,OK,20260802,
OPP00878,REP014,PRD03,2,1,Closed Won,359.74,OK,20251216,20260214
OPP00879,REP035,PRD03,3,1,Lead,666.95,OK,20260713,
OPP00880,REP006,PRD11,2,1,Lead,839.82,OK,20251225,
OPP00881,REP028,PRD11,2,4,Proposal,2873.26,OK,20250926,
OPP00882,REP027,PRD05,3,4,Lead,404.84,OK,20260401,
OPP00883,REP015,PRD07,4,5,Lead,106.2,OK,20260415,
OPP00884,REP020,PRD15,4,2,Qualified,1436.05,OK,20251001,
OPP00885,REP025,PRD01,1,2,Closed Lost,140.57,OK,20260205,20260503
OPP00886,REP028,PRD09,2,4,Lead,677.64,OK,20260602,
OPP00887,REP037,PRD11,3,2,Closed Lost,640.85,OK,20250724,20260216
OPP00888,REP001,PRD11,4,2,Closed Lost,3102.48,OK,20250726,20251213
OPP00889,REP009,PRD07,3,1,Closed Won,21.4,OK,20260201,20260531
OPP00890,REP012,PRD11,3,5,Qualified,2789.31,OK,20260324,
OPP00891,REP026,PRD02,3,5,Qualified,63.86,OK,20260402,
OPP00892,REP032,PRD15,4,4,Proposal,741.92,OK,20250708,
OPP00893,REP030,PRD12,4,2,Lead,61.42,OK,20251121,
OPP00894,REP017,PRD01,4,2,Lead,39.26,REVIEW,20251023,
OPP00895,REP009,PRD03,3,2,Proposal,530.29,OK,20260511,
OPP00896,REP002,PRD02,5,4,Lead,38.3,OK,20250827,
OPP00897,REP032,PRD12,4,4,Lead,28.85,OK,20251022,
OPP00898,REP028,PRD01,2,4,Proposal,30.93,OK,20250727,
OPP00899,REP025,PRD07,1,1,Lead,23.8,OK,20250913,
OPP00900,REP012,PRD07,3,1,Lead,136.01,OK,20260820,
OPP00901,REP023,PRD12,4,1,Qualified,267.11,OK,20251218,
OPP00902,REP020,PRD07,4,2,Qualified,64.46,OK,20260422,
OPP00903,REP001,PRD09,4,1,Lead,166.88,OK,20260526,
OPP00904,REP015,PRD12,4,5,Lead,128.37,OK,20260621,
OPP00905,REP019,PRD05,1,4,Lead,1005.17,OK,20260325,
OPP00906,REP024,PRD13,1,1,Lead,337.17,OK,20251103,
OPP00907,REP007,PRD03,3,1,Lead,386.52,OK,20260417,
OPP00908,REP029,PRD11,4,5,Qualified,1354.42,OK,20260303,
OPP00909,REP035,PRD14,3,1,Lead,59.85,OK,20260312,
OPP00910,REP010,PRD08,5,3,Proposal,5441.66,OK,20250907,
OPP00911,REP006,PRD06,2,2,Lead,281.75,OK,20250813,
OPP00912,REP034,PRD04,1,2,Lead,64.73,OK,20251101,
OPP00913,REP033,PRD01,4,2,Lead,72.94,OK,20251103,
OPP00914,REP004,PRD13,5,1,Qualified,121.95,REVIEW,20250811,
OPP00915,REP016,PRD08,2,1,Qualified,2292.26,OK,20250905,
OPP00916,REP002,PRD03,5,3,Lead,661.58,OK,20260131,
OPP00917,REP006,PRD05,2,2,Lead,58.01,OK,20260613,
OPP00918,REP015,PRD07,4,5,Proposal,113.6,OK,20260529,
OPP00919,REP013,PRD10,5,3,Lead,7.36,OK,20260716,
OPP00920,REP035,PRD01,3,2,Qualified,67.36,OK,20260612,
OPP00921,REP016,PRD03,2,4,Proposal,65.66,OK,20260521,
OPP00922,REP014,PRD05,2,1,Qualified,834.63,OK,20260201,
OPP00923,REP003,PRD01,3,1,Lead,92.37,OK,20251218,
OPP00924,REP034,PRD04,1,3,Lead,28.74,OK,20260805,
OPP00925,REP039,PRD13,1,3,Closed Won,372.3,OK,20250930,20260211
OPP00926,REP039,PRD09,1,2,Lead,49.18,OK,20260602,
OPP00927,REP020,PRD12,4,3,Lead,169.98,OK,20250928,
OPP00928,REP021,PRD14,2,2,Closed Lost,32.58,OK,20260209,20260816
OPP00929,REP014,PRD09,2,1,Closed Lost,62.52,OK,20260817,20260902
OPP00930,REP032,PRD02,4,3,Qualified,457.67,OK,20260228,
OPP00931,REP007,PRD12,3,2,Proposal,74.5,OK,20250808,
OPP00932,REP017,PRD10,4,2,Proposal,33.06,OK,20251222,
OPP00933,REP001,PRD04,4,4,Qualified,22.72,OK,20260507,
OPP00934,REP018,PRD05,5,1,Lead,1261.83,OK,20250815,
OPP00935,REP039,PRD01,1,2,Lead,27.28,OK,20250709,
OPP00936,REP039,PRD14,1,3,Proposal,102.28,OK,20251209,
OPP00937,REP004,PRD12,5,2,Proposal,59.65,OK,20260223,
OPP00938,REP031,PRD14,3,1,Qualified,206.93,OK,20251215,
OPP00939,REP002,PRD11,5,4,Closed Won,1414.27,OK,20251018,20260810
OPP00940,REP021,PRD06,2,4,Proposal,63.61,OK,20260118,
OPP00941,REP022,PRD01,5,4,Proposal,49.36,OK,20260213,
OPP00942,REP039,PRD05,1,3,Lead,1105.38,OK,20260315,
OPP00943,REP024,PRD11,1,4,Qualified,226.76,OK,20251005,
OPP00944,REP012,PRD03,3,4,Proposal,697.35,OK,20250710,
OPP00945,REP037,PRD12,3,4,Qualified,342.3,OK,20260725,
OPP00946,REP035,PRD14,3,2,Qualified,74.15,OK,20260603,
OPP00947,REP006,PRD03,2,1,Lead,308.3,OK,20251117,
OPP00948,REP027,PRD02,3,2,Qualified,64.27,OK,20251012,
OPP00949,REP026,PRD02,3,5,Lead,303.56,OK,20260425,
OPP00950,REP011,PRD12,4,1,Qualified,502.24,OK,20260821,
OPP00951,REP039,PRD07,1,1,Lead,55.06,OK,20251229,
OPP00952,REP002,PRD10,5,1,Lead,18.03,OK,20260727,
OPP00953,REP036,PRD09,5,1,Lead,268.29,OK,20260405,
OPP00954,REP025,PRD06,1,2,Qualified,173.59,OK,20250828,
OPP00955,REP027,PRD04,3,5,Proposal,12.78,OK,20260508,
OPP00956,REP027,PRD10,3,4,Proposal,40.03,OK,20250805,
OPP00957,REP033,PRD12,4,1,Lead,68.32,OK,20260607,
OPP00958,REP004,PRD03,5,1,Lead,175.41,OK,20250718,
OPP00959,REP006,PRD01,2,1,Lead,9.28,OK,20260626,
OPP00960,REP013,PRD11,5,2,Proposal,3802.39,OK,20250902,
OPP00961,REP012,PRD03,3,2,Lead,890.81,OK,20260304,
OPP00962,REP002,PRD11,5,2,Proposal,1824.78,OK,20260602,
OPP00963,REP026,PRD15,3,4,Proposal,1248.2,OK,20260514,
OPP00964,REP019,PRD06,1,4,Lead,184.1,OK,20260524,
OPP00965,REP037,PRD08,3,3,Closed Lost,467.51,OK,20260213,20260329
OPP00966,REP032,PRD06,4,2,Proposal,114.43,OK,20260514,
OPP00967,REP019,PRD05,1,2,Qualified,1744.32,OK,20250720,
OPP00968,REP013,PRD05,5,2,Closed Won,1286.96,OK,20260313,20260415
OPP00969,REP014,PRD01,2,3,Lead,23.67,OK,20260626,
OPP00970,REP007,PRD07,3,3,Lead,200.5,OK,20260411,
OPP00971,REP010,PRD09,5,1,Qualified,184.96,OK,20250910,
OPP00972,REP040,PRD10,2,2,Lead,9.82,OK,20260608,
OPP00973,REP003,PRD10,3,4,Qualified,47.18,OK,20250924,
OPP00974,REP027,PRD02,3,1,Lead,98.65,OK,20260108,
OPP00975,REP011,PRD11,4,2,Lead,3618.84,OK,20260607,
OPP00976,REP016,PRD06,2,3,Qualified,236.16,OK,20260511,
OPP00977,REP015,PRD07,4,1,Lead,65.01,OK,20260814,
OPP00978,REP036,PRD08,5,3,Proposal,3869.33,OK,20250903,
OPP00979,REP037,PRD13,3,2,Closed Lost,148.48,OK,20260507,20260706
OPP00980,REP030,PRD14,4,3,Qualified,33.59,OK,20260324,
OPP00981,REP011,PRD10,4,5,Qualified,128.12,OK,20251223,
OPP00982,REP025,PRD10,1,1,Lead,20.31,OK,20260319,
OPP00983,REP031,PRD06,3,3,Qualified,1123.07,OK,20251111,
OPP00984,REP017,PRD15,4,1,Closed Lost,842.6,OK,20250901,20260318
OPP00985,REP039,PRD01,1,1,Qualified,23.16,OK,20250930,
OPP00986,REP026,PRD02,3,1,Qualified,62.15,OK,20260820,
OPP00987,REP001,PRD12,4,1,Lead,364.07,OK,20260804,
OPP00988,REP021,PRD04,2,2,Lead,102.42,OK,20251201,
OPP00989,REP028,PRD12,2,2,Lead,113.61,OK,20260401,
OPP00990,REP030,PRD11,4,2,Proposal,1546.91,OK,20260402,
OPP00991,REP002,PRD08,5,1,Lead,2056.0,OK,20251026,
OPP00992,REP035,PRD04,3,2,Proposal,42.64,OK,20260103,
OPP00993,REP029,PRD02,4,4,Lead,101.35,OK,20250921,
OPP00994,REP016,PRD04,2,3,Closed Won,25.45,OK,20251025,20260201
OPP00995,REP004,PRD06,5,4,Proposal,224.44,OK,20251204,
OPP00996,REP023,PRD01,4,2,Closed Won,34.37,OK,20251115,20260706
OPP00997,REP022,PRD15,5,4,Lead,1253.59,OK,20251030,
OPP00998,REP001,PRD07,4,1,Lead,169.58,OK,20250831,
OPP00999,REP032,PRD15,4,2,Qualified,699.75,OK,20251118,
OPP01000,REP006,PRD11,2,2,Qualified,1475.93,OK,20260722,
OPP01001,REP033,PRD03,4,4,Lead,49.73,OK,20260629,
OPP01002,REP001,PRD06,4,1,Lead,117.71,OK,20260617,
OPP01003,REP005,PRD14,5,5,Closed Lost,73.71,OK,20260312,20260826
OPP01004,REP023,PRD09,4,4,Lead,594.59,OK,20260306,
OPP01005,REP037,PRD10,3,4,Lead,12.89,OK,20251029,
OPP01006,REP015,PRD02,4,4,Lead,29.55,OK,20260610,
OPP01007,REP038,PRD09,5,3,Lead,606.74,OK,20250826,
OPP01008,REP030,PRD14,4,5,Proposal,111.39,OK,20260703,
OPP01009,REP026,PRD08,3,1,Closed Lost,257.27,OK,20260612,20260812
OPP01010,REP023,PRD03,4,2,Lead,117.13,OK,20260224,
OPP01011,REP018,PRD08,5,2,Lead,1136.65,OK,20260202,
OPP01012,REP024,PRD13,1,2,Lead,567.51,OK,20250816,
OPP01013,REP023,PRD13,4,1,Closed Lost,227.17,OK,20260403,20260710
OPP01014,REP013,PRD04,5,1,Proposal,47.52,OK,20250830,
OPP01015,REP010,PRD11,5,2,Lead,4845.38,OK,20260302,
OPP01016,REP037,PRD14,3,1,Closed Won,88.53,OK,20260627,20260809
OPP01017,REP019,PRD01,1,2,Proposal,204.42,OK,20250802,
OPP01018,REP034,PRD05,1,1,Proposal,385.06,OK,20250817,
OPP01019,REP023,PRD15,4,1,Lead,299.69,OK,20260416,
OPP01020,REP005,PRD04,5,1,Lead,37.23,OK,20260211,
OPP01021,REP003,PRD10,3,1,Qualified,57.11,OK,20250901,
OPP01022,REP004,PRD12,5,2,Proposal,265.17,OK,20250912,
OPP01023,REP029,PRD09,4,2,Lead,325.27,OK,20260801,
OPP01024,REP003,PRD06,3,1,Qualified,158.96,OK,20260428,
OPP01025,REP027,PRD05,3,1,Closed Lost,1646.05,OK,20260628,20260823
OPP01026,REP006,PRD01,2,2,Lead,65.16,OK,20250804,
OPP01027,REP026,PRD05,3,2,Lead,752.36,OK,20260618,
OPP01028,REP003,PRD09,3,1,Closed Won,1765.35,OK,20251127,20260331
OPP01029,REP032,PRD02,4,3,Closed Lost,119.41,OK,20260708,20260825
OPP01030,REP034,PRD12,1,5,Proposal,91.5,OK,20251029,
OPP01031,REP017,PRD09,4,5,Qualified,330.97,OK,20250821,
OPP01032,REP012,PRD12,3,5,Qualified,89.54,OK,20260618,
OPP01033,REP024,PRD13,1,3,Lead,85.21,OK,20250922,
OPP01034,REP022,PRD08,5,2,Lead,1523.74,OK,20260327,
OPP01035,REP017,PRD03,4,2,Qualified,162.69,OK,20250907,
OPP01036,REP029,PRD07,4,2,Lead,31.5,OK,20260730,
OPP01037,REP015,PRD15,4,2,Lead,2263.95,OK,20251115,
OPP01038,REP017,PRD01,4,3,Lead,12.57,OK,20250803,
OPP01039,REP019,PRD15,1,4,Lead,624.4,OK,20260112,
OPP01040,REP007,PRD03,3,4,Lead,216.41,OK,20260609,
OPP01041,REP013,PRD11,5,5,Lead,1921.23,OK,20260610,
OPP01042,REP026,PRD12,3,3,Proposal,236.3,OK,20260815,
OPP01043,REP027,PRD05,3,1,Closed Lost,651.0,OK,20260814,20260828
OPP01044,REP028,PRD15,2,1,Qualified,0.0,REVIEW,20251104,
OPP01045,REP040,PRD09,2,1,Proposal,272.83,OK,20260412,
OPP01046,REP032,PRD04,4,1,Lead,51.96,OK,20260419,
OPP01047,REP014,PRD13,2,2,Closed Won,200.88,OK,20260208,20260708
OPP01048,REP015,PRD02,4,2,Proposal,69.32,OK,20260517,
OPP01049,REP030,PRD10,4,3,Lead,136.02,OK,20260323,
OPP01050,REP024,PRD10,1,3,Qualified,49.31,OK,20250813,
OPP01051,REP025,PRD01,1,3,Lead,84.29,OK,20260320,
OPP01052,REP016,PRD13,2,1,Qualified,334.18,OK,20250824,
OPP01053,REP009,PRD13,3,2,Qualified,43.91,OK,20260317,
OPP01054,REP014,PRD10,2,1,Closed Won,22.36,OK,20250915,20260419
OPP01055,REP037,PRD13,3,3,Lead,534.4,OK,20260430,
OPP01056,REP014,PRD15,2,4,Qualified,1685.9,OK,20260209,
OPP01057,REP019,PRD09,1,1,Closed Lost,67.2,OK,20260115,20260314
OPP01058,REP005,PRD04,5,1,Closed Won,75.38,OK,20260319,20260403
OPP01059,REP015,PRD09,4,2,Closed Won,462.42,OK,20251021,20260305
OPP01060,REP021,PRD15,2,4,Qualified,547.92,OK,20260301,
OPP01061,REP007,PRD10,3,2,Qualified,19.79,OK,20260504,
OPP01062,REP038,PRD01,5,5,Lead,27.62,OK,20251012,
OPP01063,REP032,PRD11,4,2,Qualified,1389.41,OK,20250907,
OPP01064,REP036,PRD02,5,1,Closed Lost,101.55,OK,20260301,20260617
OPP01065,REP002,PRD13,5,4,Qualified,312.57,OK,20260422,
OPP01066,REP007,PRD13,3,4,Qualified,169.16,OK,20260316,
OPP01067,REP020,PRD04,4,1,Qualified,152.72,OK,20251011,
OPP01068,REP036,PRD08,5,2,Qualified,1183.94,OK,20260816,
OPP01069,REP004,PRD11,5,4,Lead,553.94,OK,20250914,
OPP01070,REP005,PRD04,5,2,Lead,31.65,OK,20260528,
OPP01071,REP037,PRD05,3,2,Proposal,529.32,OK,20260802,
OPP01072,REP025,PRD11,1,3,Lead,1872.34,OK,20260411,
OPP01073,REP010,PRD12,5,3,Closed Won,135.77,OK,20250718,20260425
OPP01074,REP028,PRD01,2,5,Lead,54.59,OK,20260228,
OPP01075,REP019,PRD05,1,1,Qualified,1355.39,OK,20251121,
OPP01076,REP002,PRD02,5,1,Closed Lost,17.07,OK,20251217,20260428
OPP01077,REP037,PRD12,3,1,Qualified,278.0,OK,20260716,
OPP01078,REP016,PRD07,2,5,Lead,64.31,OK,20251130,
OPP01079,REP030,PRD05,4,2,Lead,1172.36,OK,20251226,
OPP01080,REP030,PRD12,4,1,Lead,114.06,OK,20251018,
OPP01081,REP002,PRD09,5,2,Qualified,243.57,OK,20251101,
OPP01082,REP039,PRD13,1,2,Closed Won,363.99,OK,20250901,20251224
OPP01083,REP029,PRD07,4,4,Lead,131.09,OK,20250920,
OPP01084,REP026,PRD03,3,2,Qualified,867.33,OK,20260802,
OPP01085,REP014,PRD11,2,2,Lead,273.72,OK,20260827,
OPP01086,REP012,PRD04,3,2,Closed Won,47.15,OK,20260816,20260816
OPP01087,REP039,PRD07,1,3,Lead,150.39,OK,20260322,
OPP01088,REP016,PRD14,2,1,Closed Won,113.4,OK,20251013,20260601
OPP01089,REP030,PRD10,4,1,Closed Lost,18.51,OK,20260422,20260521
OPP01090,REP002,PRD09,5,3,Lead,47.91,OK,20251107,
OPP01091,REP006,PRD08,2,1,Qualified,1302.03,OK,20251121,
OPP01092,REP001,PRD06,4,2,Proposal,28.5,OK,20251109,
OPP01093,REP031,PRD05,3,1,Lead,535.48,OK,20260608,
OPP01094,REP005,PRD12,5,4,Closed Lost,33.5,OK,20250806,20260621
OPP01095,REP023,PRD11,4,1,Qualified,1045.44,OK,20260412,
OPP01096,REP040,PRD09,2,4,Qualified,404.86,OK,20260104,
OPP01097,REP035,PRD10,3,1,Proposal,51.01,REVIEW,20260614,
OPP01098,REP031,PRD07,3,3,Proposal,148.42,OK,20260210,
OPP01099,REP031,PRD02,3,2,Proposal,167.03,OK,20260617,
OPP01100,REP035,PRD06,3,4,Qualified,328.55,OK,20260101,
OPP01101,REP028,PRD09,2,1,Lead,419.55,OK,20260822,
OPP01102,REP025,PRD08,1,1,Closed Won,1779.56,OK,20260105,20260505
OPP01103,REP025,PRD03,1,2,Qualified,839.6,OK,20260703,
OPP01104,REP039,PRD10,1,3,Proposal,41.62,OK,20251201,
OPP01105,REP015,PRD11,4,1,Lead,5753.1,OK,20260415,
OPP01106,REP025,PRD02,1,3,Closed Won,243.36,OK,20260611,20260725
OPP01107,REP028,PRD06,2,4,Closed Lost,446.45,OK,20260207,20260705
OPP01108,REP023,PRD11,4,2,Proposal,555.53,OK,20260729,
OPP01109,REP021,PRD05,2,2,Lead,1075.86,OK,20260817,
OPP01110,REP029,PRD01,4,5,Closed Lost,52.69,OK,20260525,20260625
OPP01111,REP038,PRD10,5,2,Closed Lost,54.68,OK,20251206,20260728
OPP01112,REP025,PRD06,1,1,Lead,346.15,OK,20251019,
OPP01113,REP022,PRD12,5,1,Proposal,53.04,OK,20260114,
OPP01114,REP031,PRD10,3,3,Qualified,3.1,OK,20250813,
OPP01115,REP040,PRD03,2,1,Qualified,876.49,OK,20260712,
OPP01116,REP001,PRD08,4,1,Qualified,3871.39,OK,20260418,
OPP01117,REP023,PRD10,4,5,Lead,63.04,OK,20250921,
OPP01118,REP039,PRD04,1,4,Lead,11.05,OK,20260808,
OPP01119,REP030,PRD02,4,3,Qualified,221.38,OK,20251008,
OPP01120,REP020,PRD12,4,3,Lead,559.49,OK,20260210,
OPP01121,REP011,PRD09,4,1,Qualified,360.84,OK,20250907,
OPP01122,REP033,PRD03,4,4,Lead,374.26,OK,20251105,
OPP01123,REP038,PRD12,5,2,Closed Lost,66.09,OK,20260131,20260724
OPP01124,REP014,PRD13,2,2,Proposal,12.12,OK,20260806,
OPP01125,REP040,PRD14,2,2,Qualified,82.94,OK,20251026,
OPP01126,REP004,PRD15,5,4,Closed Won,897.59,OK,20260608,20260616
OPP01127,REP016,PRD09,2,2,Lead,459.05,OK,20251223,
OPP01128,REP013,PRD06,5,1,Closed Won,450.71,OK,20260619,20260722
OPP01129,REP019,PRD15,1,5,Closed Won,1923.76,OK,20250724,20260611
OPP01130,REP032,PRD03,4,2,Closed Won,240.05,OK,20250814,20260114
OPP01131,REP005,PRD01,5,3,Lead,239.69,OK,20260728,
OPP01132,REP011,PRD14,4,2,Lead,113.14,OK,20260420,
OPP01133,REP017,PRD05,4,3,Lead,939.59,OK,20260103,
OPP01134,REP027,PRD01,3,1,Qualified,39.97,OK,20260429,
OPP01135,REP001,PRD03,4,2,Qualified,319.55,OK,20250905,
OPP01136,REP032,PRD07,4,1,Closed Won,90.56,OK,20260421,20260603
OPP01137,REP021,PRD05,2,4,Qualified,1351.02,OK,20250725,
OPP01138,REP039,PRD14,1,2,Lead,28.32,OK,20260308,
OPP01139,REP006,PRD14,2,4,Qualified,82.7,OK,20250918,
OPP01140,REP005,PRD04,5,2,Qualified,95.51,OK,20260321,
OPP01141,REP029,PRD06,4,4,Lead,615.0,OK,20251025,
OPP01142,REP031,PRD12,3,4,Proposal,129.33,OK,20251018,
OPP01143,REP003,PRD13,3,2,Proposal,242.91,OK,20250802,
OPP01144,REP035,PRD07,3,1,Proposal,84.13,OK,20260211,
OPP01145,REP015,PRD11,4,2,Lead,1005.12,OK,20260705,
OPP01146,REP010,PRD04,5,1,Qualified,22.75,OK,20251019,
OPP01147,REP034,PRD05,1,1,Proposal,171.08,OK,20260703,
OPP01148,REP029,PRD05,4,2,Lead,944.99,OK,20260617,
OPP01149,REP021,PRD02,2,3,Closed Lost,22.42,OK,20250708,20250907
OPP01150,REP016,PRD01,2,2,Qualified,58.83,OK,20250718,
OPP01151,REP016,PRD03,2,2,Closed Won,752.17,OK,20260118,20260411
OPP01152,REP023,PRD04,4,1,Qualified,249.59,OK,20251028,
OPP01153,REP021,PRD04,2,4,Lead,49.64,OK,20260817,
OPP01154,REP008,PRD07,3,1,Closed Won,68.67,OK,20260528,20260618
OPP01155,REP023,PRD13,4,3,Lead,245.89,OK,20260212,
OPP01156,REP034,PRD02,1,2,Proposal,122.55,OK,20260104,
OPP01157,REP017,PRD11,4,3,Qualified,6844.38,OK,20260222,
OPP01158,REP014,PRD02,2,4,Lead,180.33,OK,20251006,
OPP01159,REP003,PRD03,3,2,Closed Lost,1127.72,OK,20250810,20260211
OPP01160,REP040,PRD13,2,2,Lead,140.38,OK,20260526,
OPP01161,REP015,PRD02,4,2,Lead,279.14,OK,20260624,
OPP01162,REP012,PRD04,3,2,Qualified,104.22,OK,20250821,
OPP01163,REP010,PRD07,5,5,Qualified,77.3,OK,20250928,
OPP01164,REP024,PRD02,1,1,Proposal,86.0,OK,20260727,
OPP01165,REP015,PRD04,4,2,Proposal,106.41,OK,20260824,
OPP01166,REP004,PRD12,5,1,Lead,312.11,OK,20250716,
OPP01167,REP016,PRD15,2,5,Lead,2257.37,OK,20260808,
OPP01168,REP037,PRD08,3,2,Qualified,1404.07,OK,20260107,
OPP01169,REP038,PRD04,5,1,Closed Lost,60.12,OK,20251023,20260213
OPP01170,REP013,PRD08,5,4,Lead,684.96,OK,20260602,
OPP01171,REP004,PRD03,5,5,Proposal,866.04,OK,20250705,
OPP01172,REP019,PRD15,1,4,Qualified,1591.99,OK,20260404,
OPP01173,REP014,PRD09,2,1,Closed Lost,368.43,OK,20260106,20260815
OPP01174,REP006,PRD08,2,1,Qualified,824.3,OK,20260523,
OPP01175,REP015,PRD06,4,2,Closed Lost,359.35,OK,20251126,20260811
OPP01176,REP034,PRD10,1,3,Closed Won,13.86,OK,20250908,20260330
OPP01177,REP015,PRD07,4,4,Closed Lost,83.69,OK,20260410,20260423
OPP01178,REP020,PRD08,4,1,Lead,3013.31,OK,20260816,
OPP01179,REP038,PRD13,5,2,Qualified,76.58,OK,20260830,
OPP01180,REP033,PRD08,4,2,Qualified,4601.46,OK,20260802,
OPP01181,REP031,PRD09,3,5,Closed Lost,546.2,OK,20260802,20260828
OPP01182,REP027,PRD11,3,5,Qualified,831.41,OK,20250719,
OPP01183,REP008,PRD11,3,1,Closed Won,2290.12,OK,20260503,20260802
OPP01184,REP011,PRD13,4,1,Qualified,52.55,OK,20250806,
OPP01185,REP015,PRD10,4,2,Qualified,17.48,OK,20260430,
OPP01186,REP026,PRD03,3,4,Qualified,64.04,OK,20260419,
OPP01187,REP036,PRD14,5,5,Lead,90.08,OK,20260117,
OPP01188,REP037,PRD10,3,2,Lead,58.12,OK,20250716,
OPP01189,REP032,PRD14,4,4,Lead,62.0,OK,20260407,
OPP01190,REP029,PRD15,4,2,Lead,1893.78,OK,20250825,
OPP01191,REP005,PRD08,5,5,Proposal,1861.82,OK,20260328,
OPP01192,REP006,PRD11,2,1,Closed Won,1035.93,OK,20260107,20260216
OPP01193,REP014,PRD07,2,3,Lead,59.16,OK,20260319,
OPP01194,REP017,PRD11,4,2,Lead,952.36,OK,20251015,
OPP01195,REP001,PRD06,4,4,Lead,76.11,OK,20250807,
OPP01196,REP011,PRD09,4,1,Lead,378.87,OK,20260403,
OPP01197,REP037,PRD15,3,2,Qualified,1053.23,OK,20260901,
OPP01198,REP037,PRD03,3,2,Qualified,413.67,OK,20260323,
OPP01199,REP015,PRD03,4,2,Lead,366.94,OK,20251116,
OPP01200,REP022,PRD12,5,3,Lead,257.1,OK,20260629,
OPP01201,REP001,PRD12,4,2,Lead,237.03,OK,20260710,
OPP01202,REP033,PRD01,4,1,Qualified,87.95,OK,20251122,
OPP01203,REP013,PRD11,5,2,Proposal,1869.98,OK,20251016,
OPP01204,REP032,PRD12,4,5,Proposal,86.56,OK,20250822,
OPP01205,REP039,PRD11,1,4,Qualified,77.57,OK,20260624,
OPP01206,REP016,PRD11,2,1,Lead,1530.29,OK,20250801,
OPP01207,REP020,PRD04,4,3,Qualified,33.55,OK,20260216,
OPP01208,REP029,PRD07,4,4,Closed Lost,36.89,OK,20251207,20251224
OPP01209,REP003,PRD05,3,3,Proposal,420.53,OK,20251205,
OPP01210,REP031,PRD05,3,2,Proposal,593.72,OK,20250805,
OPP01211,REP019,PRD11,1,2,Proposal,1128.33,OK,20260306,
OPP01212,REP007,PRD15,3,3,Qualified,626.71,OK,20260301,
OPP01213,REP013,PRD14,5,2,Proposal,52.14,OK,20260808,
OPP01214,REP017,PRD04,4,2,Closed Lost,43.71,OK,20260509,20260822
OPP01215,REP004,PRD15,5,1,Lead,580.93,OK,20260706,
OPP01216,REP004,PRD12,5,1,Lead,640.67,OK,20260116,
OPP01217,REP001,PRD08,4,5,Lead,2220.78,OK,20250801,
OPP01218,REP017,PRD01,4,2,Qualified,47.64,OK,20251129,
OPP01219,REP015,PRD02,4,3,Proposal,143.39,OK,20260211,
OPP01220,REP010,PRD01,5,3,Proposal,84.83,OK,20260407,
OPP01221,REP002,PRD12,5,2,Lead,24.72,OK,20250810,
OPP01222,REP024,PRD15,1,3,Qualified,1183.54,OK,20260318,
OPP01223,REP024,PRD11,1,5,Lead,92.13,OK,20260201,
OPP01224,REP036,PRD04,5,2,Qualified,42.56,OK,20251008,
OPP01225,REP004,PRD11,5,3,Lead,2145.18,OK,20260415,
OPP01226,REP020,PRD08,4,1,Proposal,400.88,OK,20260608,
OPP01227,REP037,PRD10,3,2,Lead,69.78,OK,20260510,
OPP01228,REP018,PRD06,5,1,Qualified,485.78,OK,20260610,
OPP01229,REP022,PRD14,5,5,Closed Won,137.08,OK,20260430,20260704
OPP01230,REP008,PRD02,3,4,Lead,154.69,OK,20251126,
OPP01231,REP028,PRD10,2,2,Lead,22.09,OK,20260724,
OPP01232,REP006,PRD05,2,3,Lead,1693.6,OK,20260725,
OPP01233,REP002,PRD02,5,3,Lead,388.09,OK,20260415,
OPP01234,REP026,PRD07,3,1,Closed Lost,124.95,OK,20260811,20260817
OPP01235,REP023,PRD15,4,2,Proposal,1316.9,OK,20250906,
OPP01236,REP036,PRD05,5,4,Proposal,1193.82,OK,20260529,
OPP01237,REP030,PRD15,4,5,Closed Won,615.06,OK,20250903,20260217
OPP01238,REP006,PRD13,2,3,Lead,177.11,OK,20251121,
OPP01239,REP032,PRD09,4,1,Lead,157.61,OK,20260831,
OPP01240,REP022,PRD06,5,2,Lead,546.93,OK,20260217,
OPP01241,REP028,PRD06,2,1,Lead,205.44,OK,20260310,
OPP01242,REP029,PRD15,4,4,Closed Lost,1853.37,OK,20250921,20251022
OPP01243,REP005,PRD11,5,2,Closed Lost,2930.43,OK,20260315,20260721
OPP01244,REP036,PRD06,5,4,Closed Won,328.8,OK,20260218,20260617
OPP01245,REP018,PRD12,5,1,Closed Lost,187.82,OK,20260615,20260812
OPP01246,REP020,PRD04,4,2,Qualified,34.31,OK,20260530,
OPP01247,REP034,PRD12,1,2,Lead,396.54,OK,20251110,
OPP01248,REP039,PRD14,1,2,Proposal,127.23,OK,20260613,
OPP01249,REP011,PRD04,4,1,Closed Lost,82.54,OK,20260403,20260628
OPP01250,REP022,PRD11,5,2,Lead,792.81,OK,20250805,
OPP01251,REP026,PRD14,3,2,Closed Lost,36.03,OK,20260403,20260731
OPP01252,REP032,PRD15,4,2,Closed Lost,1172.02,OK,20260606,20260702
OPP01253,REP037,PRD04,3,5,Proposal,25.01,OK,20250817,
OPP01254,REP021,PRD13,2,1,Qualified,97.11,OK,20250831,
OPP01255,REP005,PRD10,5,2,Proposal,47.66,OK,20260515,
OPP01256,REP015,PRD06,4,5,Closed Lost,170.72,OK,20260412,20260720
OPP01257,REP009,PRD01,3,5,Qualified,49.19,OK,20251105,
OPP01258,REP016,PRD15,2,4,Qualified,1276.09,OK,20250728,
OPP01259,REP023,PRD02,4,1,Lead,294.52,OK,20251022,
OPP01260,REP034,PRD13,1,1,Lead,21.61,OK,20260609,
OPP01261,REP013,PRD14,5,5,Qualified,161.49,OK,20250731,
OPP01262,REP039,PRD06,1,3,Proposal,553.99,OK,20251010,
OPP01263,REP003,PRD15,3,4,Lead,2399.57,OK,20250825,
OPP01264,REP028,PRD03,2,1,Qualified,991.34,OK,20260103,
OPP01265,REP029,PRD08,4,5,Closed Lost,1495.34,OK,20260414,20260623
OPP01266,REP020,PRD13,4,4,Qualified,246.86,OK,20260427,
OPP01267,REP012,PRD05,3,2,Qualified,494.87,OK,20250729,
OPP01268,REP027,PRD07,3,5,Proposal,58.6,OK,20251031,
OPP01269,REP030,PRD08,4,2,Lead,2484.85,OK,20260618,
OPP01270,REP018,PRD05,5,2,Qualified,1856.73,OK,20260418,
OPP01271,REP015,PRD14,4,1,Lead,47.1,OK,20260418,
OPP01272,REP004,PRD14,5,3,Lead,16.94,OK,20260613,
OPP01273,REP013,PRD03,5,1,Qualified,182.66,OK,20250901,
OPP01274,REP031,PRD11,3,3,Closed Lost,4046.96,OK,20251018,20260511
OPP01275,REP009,PRD09,3,1,Closed Won,217.88,OK,20260415,20260701
OPP01276,REP039,PRD05,1,1,Closed Lost,267.87,OK,20260305,20260709
OPP01277,REP039,PRD07,1,1,Proposal,169.97,OK,20260205,
OPP01278,REP019,PRD01,1,2,Lead,56.08,OK,20260113,
OPP01279,REP009,PRD02,3,5,Qualified,93.67,OK,20250930,
OPP01280,REP026,PRD13,3,2,Closed Won,166.55,OK,20250724,20251215
OPP01281,REP020,PRD03,4,2,Proposal,210.23,OK,20260726,
OPP01282,REP040,PRD05,2,5,Closed Won,1038.55,OK,20260810,20260819
OPP01283,REP019,PRD13,1,1,Qualified,172.14,OK,20251003,
OPP01284,REP011,PRD12,4,2,Lead,50.8,OK,20260123,
OPP01285,REP021,PRD12,2,4,Closed Won,3.98,OK,20260122,20260714
OPP01286,REP030,PRD05,4,5,Closed Lost,1239.4,OK,20251217,20260811
OPP01287,REP007,PRD05,3,2,Closed Won,1729.69,OK,20260210,20260819
OPP01288,REP003,PRD02,3,2,Closed Won,98.98,OK,20251206,20260122
OPP01289,REP005,PRD02,5,4,Lead,150.64,OK,20251017,
OPP01290,REP017,PRD08,4,2,Qualified,1883.92,OK,20250830,
OPP01291,REP023,PRD13,4,2,Closed Lost,80.75,OK,20260620,20260706
OPP01292,REP002,PRD08,5,2,Proposal,3325.53,OK,20260614,
OPP01293,REP024,PRD13,1,4,Proposal,32.29,OK,20250910,
OPP01294,REP003,PRD09,3,5,Closed Won,680.64,OK,20260309,20260716
OPP01295,REP001,PRD14,4,1,Proposal,41.12,OK,20260330,
OPP01296,REP039,PRD10,1,2,Closed Won,48.55,OK,20250823,20260324
OPP01297,REP013,PRD02,5,2,Qualified,221.76,OK,20260829,
OPP01298,REP028,PRD10,2,1,Qualified,102.79,OK,20260214,
OPP01299,REP001,PRD09,4,2,Qualified,133.16,OK,20260221,
OPP01300,REP001,PRD13,4,5,Closed Won,560.01,OK,20251103,20260806
OPP01301,REP021,PRD08,2,1,Lead,892.95,OK,20251116,
OPP01302,REP036,PRD02,5,1,Closed Won,12.26,OK,20260410,20260717
OPP01303,REP017,PRD01,4,2,Closed Won,17.1,OK,20251225,20260210
OPP01304,REP036,PRD15,5,1,Qualified,821.94,OK,20251207,
OPP01305,REP012,PRD12,3,3,Proposal,312.1,OK,20251019,
OPP01306,REP017,PRD07,4,1,Closed Won,173.8,OK,20260103,20260713
OPP01307,REP023,PRD15,4,5,Lead,842.12,OK,20250724,
OPP01308,REP019,PRD12,1,2,Lead,243.19,OK,20260410,
OPP01309,REP029,PRD02,4,1,Lead,540.8,OK,20260416,
OPP01310,REP036,PRD11,5,1,Lead,2205.4,OK,20260702,
OPP01311,REP017,PRD07,4,1,Lead,19.17,OK,20251012,
OPP01312,REP029,PRD06,4,2,Lead,235.12,OK,20250908,
OPP01313,REP036,PRD10,5,2,Lead,19.0,OK,20250824,
OPP01314,REP015,PRD15,4,1,Proposal,1470.0,OK,20260301,
OPP01315,REP018,PRD15,5,4,Lead,833.89,OK,20260509,
OPP01316,REP032,PRD09,4,2,Lead,239.39,OK,20260710,
OPP01317,REP023,PRD10,4,2,Closed Lost,16.57,OK,20260816,20260825
OPP01318,REP020,PRD12,4,4,Qualified,52.4,OK,20260518,
OPP01319,REP004,PRD10,5,2,Closed Lost,49.2,OK,20250830,20251017
OPP01320,REP012,PRD08,3,2,Proposal,4769.27,OK,20260307,
OPP01321,REP021,PRD11,2,3,Qualified,2283.08,OK,20250830,
OPP01322,REP029,PRD03,4,4,Qualified,373.48,OK,20260618,
OPP01323,REP014,PRD06,2,2,Lead,498.29,OK,20260630,
OPP01324,REP014,PRD03,2,1,Proposal,209.16,OK,20260809,
OPP01325,REP029,PRD07,4,5,Lead,50.19,OK,20260328,
OPP01326,REP018,PRD10,5,2,Proposal,5.26,OK,20251011,
OPP01327,REP034,PRD01,1,2,Closed Won,80.11,OK,20251122,20260111
OPP01328,REP040,PRD10,2,2,Lead,29.41,OK,20260605,
OPP01329,REP031,PRD11,3,1,Proposal,2095.82,OK,20260729,
OPP01330,REP024,PRD01,1,1,Qualified,59.72,OK,20250816,
OPP01331,REP022,PRD04,5,2,Lead,86.92,OK,20251008,
OPP01332,REP008,PRD13,3,3,Qualified,318.2,OK,20260810,
OPP01333,REP036,PRD07,5,5,Closed Lost,459.89,OK,20251030,20260225
OPP01334,REP006,PRD09,2,1,Lead,140.26,OK,20251108,
OPP01335,REP018,PRD13,5,2,Qualified,196.22,OK,20251106,
OPP01336,REP036,PRD10,5,4,Qualified,20.05,OK,20260311,
OPP01337,REP008,PRD03,3,1,Lead,59.75,OK,20251226,
OPP01338,REP017,PRD07,4,3,Proposal,356.95,OK,20260329,
OPP01339,REP021,PRD13,2,2,Lead,273.11,OK,20260811,
OPP01340,REP018,PRD09,5,3,Closed Won,134.71,OK,20260209,20260311
OPP01341,REP002,PRD15,5,3,Lead,1777.25,OK,20260114,
OPP01342,REP020,PRD01,4,3,Closed Lost,65.71,OK,20251203,20260806
OPP01343,REP007,PRD03,3,1,Closed Won,313.35,OK,20260202,20260322
OPP01344,REP037,PRD11,3,2,Qualified,710.48,OK,20260224,
OPP01345,REP040,PRD13,2,1,Closed Lost,94.33,OK,20260822,20260823
OPP01346,REP013,PRD08,5,2,Qualified,2512.22,OK,20260729,
OPP01347,REP004,PRD02,5,2,Lead,125.56,OK,20251111,
OPP01348,REP002,PRD11,5,3,Qualified,1988.94,OK,20251031,
OPP01349,REP018,PRD04,5,2,Closed Lost,52.06,OK,20251113,20260726
OPP01350,REP033,PRD04,4,4,Qualified,8.83,OK,20260323,
OPP01351,REP039,PRD06,1,1,Qualified,115.16,OK,20250804,
OPP01352,REP038,PRD06,5,4,Proposal,219.65,OK,20250726,
OPP01353,REP024,PRD06,1,1,Lead,314.68,OK,20250905,
OPP01354,REP023,PRD08,4,4,Closed Lost,1959.4,OK,20250808,20260301
OPP01355,REP005,PRD05,5,4,Lead,1336.87,OK,20251214,
OPP01356,REP037,PRD09,3,1,Closed Lost,93.16,OK,20260523,20260528
OPP01357,REP037,PRD08,3,1,Qualified,2228.61,OK,20260725,
OPP01358,REP035,PRD07,3,3,Proposal,64.99,OK,20260831,
OPP01359,REP031,PRD05,3,3,Lead,754.8,OK,20260213,
OPP01360,REP015,PRD09,4,2,Closed Won,37.1,OK,20260223,20260527
OPP01361,REP003,PRD12,3,1,Lead,245.48,OK,20260110,
OPP01362,REP013,PRD11,5,1,Lead,547.14,OK,20260515,
OPP01363,REP002,PRD15,5,2,Closed Won,1172.38,OK,20260220,20260815
OPP01364,REP032,PRD05,4,4,Lead,2390.8,OK,20250829,
OPP01365,REP029,PRD12,4,4,Qualified,135.48,OK,20250819,
OPP01366,REP017,PRD09,4,1,Closed Won,367.87,OK,20251103,20260422
OPP01367,REP002,PRD07,5,4,Lead,114.82,OK,20260522,
OPP01368,REP013,PRD02,5,4,Lead,56.88,OK,20260715,
OPP01369,REP026,PRD03,3,2,Closed Won,543.04,OK,20260629,20260718
OPP01370,REP003,PRD07,3,3,Lead,65.14,OK,20260325,
OPP01371,REP001,PRD08,4,2,Closed Won,2182.9,OK,20251023,20260221
OPP01372,REP018,PRD07,5,2,Qualified,265.83,OK,20260309,
OPP01373,REP002,PRD13,5,2,Qualified,109.79,OK,20260329,
OPP01374,REP007,PRD07,3,4,Proposal,96.78,OK,20260509,
OPP01375,REP011,PRD02,4,2,Lead,143.28,OK,20251013,
OPP01376,REP008,PRD14,3,4,Lead,28.23,OK,20260417,
OPP01377,REP036,PRD01,5,4,Closed Won,90.69,OK,20260807,20260812
OPP01378,REP012,PRD13,3,4,Proposal,120.37,OK,20260308,
OPP01379,REP037,PRD06,3,2,Qualified,253.37,OK,20260107,
OPP01380,REP025,PRD15,1,2,Proposal,611.61,OK,20260701,
OPP01381,REP007,PRD04,3,1,Qualified,151.53,OK,20251007,
OPP01382,REP008,PRD11,3,1,Qualified,365.94,OK,20260127,
OPP01383,REP002,PRD04,5,4,Lead,22.35,OK,20260618,
OPP01384,REP021,PRD07,2,1,Qualified,147.75,OK,20260112,
OPP01385,REP028,PRD12,2,2,Qualified,25.68,OK,20251021,
OPP01386,REP017,PRD04,4,1,Qualified,237.04,OK,20250917,
OPP01387,REP005,PRD05,5,1,Qualified,650.19,OK,20250812,
OPP01388,REP022,PRD09,5,4,Qualified,579.21,OK,20260214,
OPP01389,REP019,PRD08,1,1,Closed Won,724.74,OK,20260428,20260825
OPP01390,REP007,PRD03,3,3,Lead,880.29,OK,20260524,
OPP01391,REP001,PRD04,4,4,Proposal,67.9,OK,20260112,
OPP01392,REP025,PRD12,1,1,Proposal,134.96,OK,20251105,
OPP01393,REP014,PRD02,2,3,Closed Won,95.51,OK,20260315,20260705
OPP01394,REP001,PRD12,4,4,Proposal,71.58,OK,20260303,
OPP01395,REP032,PRD11,4,5,Lead,2323.17,OK,20251128,
OPP01396,REP020,PRD11,4,4,Lead,186.33,OK,20251104,
OPP01397,REP018,PRD15,5,3,Proposal,1597.17,OK,20260726,
OPP01398,REP021,PRD10,2,5,Lead,96.19,OK,20260807,
OPP01399,REP026,PRD07,3,2,Closed Lost,96.14,OK,20260701,20260818
OPP01400,REP027,PRD01,3,5,Lead,54.17,OK,20260228,
OPP01401,REP007,PRD03,3,4,Qualified,505.78,OK,20260725,
OPP01402,REP010,PRD13,5,5,Qualified,130.1,OK,20250722,
OPP01403,REP039,PRD06,1,1,Proposal,224.04,OK,20250911,
OPP01404,REP039,PRD11,1,5,Closed Lost,2742.75,OK,20260505,20260811
OPP01405,REP018,PRD01,5,3,Lead,12.48,OK,20260624,
OPP01406,REP035,PRD04,3,1,Proposal,21.81,OK,20260106,
OPP01407,REP005,PRD04,5,5,Qualified,110.83,OK,20251218,
OPP01408,REP001,PRD07,4,3,Lead,107.77,OK,20260404,
OPP01409,REP039,PRD03,1,2,Qualified,118.31,OK,20250810,
OPP01410,REP028,PRD03,2,4,Qualified,344.09,OK,20250812,
OPP01411,REP023,PRD07,4,1,Lead,93.31,OK,20260207,
OPP01412,REP017,PRD10,4,1,Qualified,69.23,OK,20260723,
OPP01413,REP015,PRD08,4,2,Lead,2294.04,OK,20260704,
OPP01414,REP026,PRD04,3,1,Lead,82.22,OK,20260210,
OPP01415,REP019,PRD04,1,1,Closed Lost,35.82,OK,20260824,20260824
OPP01416,REP014,PRD05,2,5,Proposal,245.11,OK,20250925,
OPP01417,REP002,PRD01,5,4,Qualified,175.61,OK,20260603,
OPP01418,REP001,PRD13,4,2,Qualified,135.16,OK,20251016,
OPP01419,REP021,PRD07,2,1,Closed Won,119.52,OK,20260125,20260616
OPP01420,REP038,PRD05,5,3,Lead,301.7,OK,20260513,
OPP01421,REP029,PRD10,4,5,Closed Lost,53.71,OK,20260414,20260422
OPP01422,REP011,PRD13,4,2,Lead,85.91,OK,20260511,
OPP01423,REP027,PRD06,3,1,Lead,391.99,OK,20250812,
OPP01424,REP019,PRD13,1,2,Lead,260.21,OK,20251202,
OPP01425,REP019,PRD12,1,2,Proposal,317.1,OK,20260411,
OPP01426,REP039,PRD04,1,1,Closed Won,152.49,OK,20260213,20260313
OPP01427,REP009,PRD04,3,5,Qualified,65.7,OK,20260430,
OPP01428,REP003,PRD07,3,2,Lead,214.18,OK,20260730,
OPP01429,REP027,PRD06,3,4,Lead,121.72,OK,20260618,
OPP01430,REP016,PRD09,2,1,Closed Lost,302.85,OK,20260206,20260324
OPP01431,REP003,PRD05,3,2,Lead,1820.88,OK,20251011,
OPP01432,REP029,PRD02,4,3,Closed Lost,28.08,OK,20250917,20260216
OPP01433,REP001,PRD11,4,1,Closed Won,755.11,OK,20260419,20260623
OPP01434,REP030,PRD14,4,1,Lead,35.15,OK,20260413,
OPP01435,REP037,PRD02,3,1,Proposal,335.49,OK,20251024,
OPP01436,REP012,PRD05,3,3,Qualified,340.38,REVIEW,20251205,
OPP01437,REP003,PRD06,3,4,Qualified,377.51,OK,20260803,
OPP01438,REP033,PRD10,4,3,Lead,62.68,OK,20260511,
OPP01439,REP002,PRD13,5,4,Lead,108.64,OK,20260727,
OPP01440,REP001,PRD07,4,4,Lead,69.31,OK,20250804,
OPP01441,REP029,PRD14,4,1,Closed Lost,112.12,OK,20250808,20250907
OPP01442,REP030,PRD01,4,4,Lead,12.32,OK,20251018,
OPP01443,REP015,PRD05,4,3,Qualified,855.15,OK,20260319,
OPP01444,REP009,PRD04,3,4,Qualified,18.48,OK,20260706,
OPP01445,REP003,PRD09,3,1,Closed Won,396.52,OK,20260811,20260822
OPP01446,REP023,PRD05,4,2,Qualified,1434.81,OK,20251027,
OPP01447,REP025,PRD06,1,1,Closed Lost,61.36,OK,20260808,20260814
OPP01448,REP006,PRD03,2,2,Proposal,399.76,OK,20260315,
OPP01449,REP033,PRD11,4,1,Qualified,1797.35,OK,20260308,
OPP01450,REP016,PRD13,2,3,Closed Won,220.94,REVIEW,20251107,20260408
OPP01451,REP014,PRD04,2,2,Qualified,81.22,OK,20260221,
OPP01452,REP026,PRD13,3,4,Qualified,265.86,OK,20260322,
OPP01453,REP006,PRD07,2,4,Qualified,61.34,OK,20260802,
OPP01454,REP034,PRD14,1,3,Lead,61.31,OK,20260803,
OPP01455,REP003,PRD10,3,4,Lead,41.38,OK,20260821,
OPP01456,REP028,PRD13,2,2,Closed Lost,145.48,OK,20260719,20260822
OPP01457,REP005,PRD14,5,1,Proposal,108.65,OK,20260221,
OPP01458,REP016,PRD03,2,2,Closed Won,356.25,OK,20260707,20260708
OPP01459,REP002,PRD05,5,2,Qualified,1202.11,OK,20260416,
OPP01460,REP003,PRD08,3,1,Lead,1986.19,OK,20260318,
OPP01461,REP003,PRD07,3,5,Qualified,31.36,OK,20250927,
OPP01462,REP040,PRD04,2,2,Lead,70.6,OK,20260523,
OPP01463,REP013,PRD12,5,1,Lead,180.31,OK,20260227,
OPP01464,REP033,PRD14,4,2,Lead,50.28,OK,20250724,
OPP01465,REP008,PRD09,3,1,Lead,437.99,OK,20260707,
OPP01466,REP031,PRD07,3,1,Qualified,47.9,OK,20260126,
OPP01467,REP011,PRD13,4,2,Lead,175.21,OK,20251227,
OPP01468,REP017,PRD09,4,1,Qualified,304.22,OK,20250812,
OPP01469,REP002,PRD06,5,2,Qualified,188.49,OK,20260712,
OPP01470,REP036,PRD10,5,4,Qualified,24.04,OK,20251113,
OPP01471,REP008,PRD04,3,4,Lead,174.41,OK,20260815,
OPP01472,REP025,PRD10,1,2,Lead,64.88,OK,20260425,
OPP01473,REP014,PRD05,2,2,Closed Won,37.19,OK,20251026,20260717
OPP01474,REP027,PRD01,3,1,Qualified,35.24,OK,20260108,
OPP01475,REP038,PRD12,5,1,Closed Lost,364.93,OK,20250728,20251021
OPP01476,REP024,PRD02,1,3,Qualified,36.87,OK,20251129,
OPP01477,REP030,PRD07,4,2,Qualified,152.15,OK,20250718,
OPP01478,REP002,PRD12,5,5,Qualified,107.77,OK,20260611,
OPP01479,REP015,PRD05,4,2,Lead,615.2,OK,20260304,
OPP01480,REP029,PRD13,4,1,Proposal,316.75,OK,20260525,
OPP01481,REP013,PRD04,5,1,Closed Won,159.85,OK,20251029,20260407
OPP01482,REP021,PRD04,2,2,Proposal,60.85,OK,20251209,
OPP01483,REP003,PRD11,3,3,Proposal,2880.14,OK,20260518,
OPP01484,REP029,PRD01,4,1,Closed Won,67.26,OK,20260728,20260826
OPP01485,REP014,PRD09,2,2,Closed Lost,117.38,OK,20260705,20260711
OPP01486,REP024,PRD13,1,1,Qualified,27.9,OK,20251019,
OPP01487,REP039,PRD01,1,2,Closed Won,115.6,OK,20260810,20260815
OPP01488,REP010,PRD12,5,2,Closed Lost,237.1,OK,20260313,20260719
OPP01489,REP017,PRD04,4,4,Proposal,104.44,OK,20260710,
OPP01490,REP030,PRD13,4,2,Lead,418.27,OK,20260816,
OPP01491,REP013,PRD13,5,5,Closed Won,469.85,OK,20260422,20260621
OPP01492,REP017,PRD03,4,2,Qualified,448.11,OK,20251115,
OPP01493,REP015,PRD11,4,2,Closed Lost,2855.1,OK,20260626,20260816
OPP01494,REP031,PRD05,3,1,Lead,1250.85,OK,20260326,
OPP01495,REP024,PRD08,1,4,Closed Won,256.9,OK,20260901,20260902
OPP01496,REP018,PRD10,5,2,Lead,22.29,OK,20260125,
OPP01497,REP008,PRD03,3,4,Proposal,642.51,OK,20260715,
OPP01498,REP033,PRD05,4,2,Closed Won,362.78,OK,20251130,20260305
OPP01499,REP017,PRD04,4,5,Closed Won,30.3,OK,20260205,20260531
OPP01500,REP021,PRD12,2,4,Proposal,191.53,OK,20251225,
OPP01501,REP016,PRD06,2,2,Qualified,315.93,OK,20260220,
OPP01502,REP035,PRD09,3,1,Qualified,125.34,OK,20260213,
OPP01503,REP001,PRD14,4,4,Proposal,113.58,OK,20251211,
OPP01504,REP015,PRD05,4,1,Proposal,3744.25,OK,20260718,
OPP01505,REP040,PRD10,2,1,Proposal,93.45,OK,20260307,
OPP01506,REP020,PRD14,4,2,Qualified,232.24,OK,20260711,
OPP01507,REP024,PRD12,1,1,Lead,330.62,OK,20260331,
OPP01508,REP004,PRD03,5,1,Closed Lost,146.86,OK,20260201,20260523
OPP01509,REP029,PRD05,4,1,Qualified,691.6,OK,20251006,
OPP01510,REP038,PRD01,5,2,Lead,107.13,OK,20260829,
OPP01511,REP023,PRD15,4,2,Qualified,755.32,OK,20260424,
OPP01512,REP027,PRD11,3,2,Lead,978.97,OK,20260506,
OPP01513,REP004,PRD15,5,5,Lead,241.55,OK,20260329,
OPP01514,REP001,PRD10,4,5,Closed Won,48.05,OK,20251025,20260214
OPP01515,REP016,PRD11,2,1,Qualified,2401.41,OK,20250805,
OPP01516,REP019,PRD11,1,3,Qualified,2038.92,OK,20260212,
OPP01517,REP015,PRD09,4,4,Proposal,113.99,OK,20250903,
OPP01518,REP026,PRD15,3,3,Lead,1089.16,OK,20260330,
OPP01519,REP008,PRD03,3,2,Closed Won,395.91,OK,20260612,20260814
OPP01520,REP027,PRD11,3,1,Proposal,2117.23,OK,20260119,
OPP01521,REP029,PRD01,4,5,Lead,67.51,OK,20260711,
OPP01522,REP016,PRD10,2,2,Closed Lost,19.89,OK,20251217,20260305
OPP01523,REP012,PRD13,3,5,Proposal,265.95,OK,20260826,
OPP01524,REP037,PRD13,3,3,Qualified,289.56,OK,20260130,
OPP01525,REP018,PRD09,5,3,Closed Won,89.05,OK,20260130,20260324
OPP01526,REP025,PRD02,1,2,Proposal,65.74,OK,20250926,
OPP01527,REP030,PRD11,4,1,Closed Lost,735.02,OK,20260105,20260409
OPP01528,REP040,PRD03,2,3,Closed Lost,1018.76,OK,20250812,20260429
OPP01529,REP012,PRD03,3,4,Lead,691.66,OK,20260820,
OPP01530,REP035,PRD13,3,2,Lead,304.34,OK,20251226,
OPP01531,REP005,PRD03,5,4,Qualified,566.03,OK,20251231,
OPP01532,REP011,PRD06,4,1,Lead,238.41,OK,20250813,
OPP01533,REP008,PRD10,3,2,Closed Won,34.23,OK,20250919,20260226
OPP01534,REP032,PRD08,4,5,Qualified,1417.72,OK,20260317,
OPP01535,REP025,PRD09,1,4,Proposal,183.6,OK,20260705,
OPP01536,REP034,PRD14,1,3,Lead,139.4,OK,20250920,
OPP01537,REP030,PRD10,4,4,Qualified,67.2,OK,20251018,
OPP01538,REP039,PRD05,1,1,Qualified,990.43,OK,20250708,
OPP01539,REP038,PRD12,5,3,Lead,330.25,OK,20251103,
OPP01540,REP034,PRD01,1,2,Proposal,48.32,OK,20260516,
OPP01541,REP037,PRD03,3,1,Lead,151.33,OK,20260708,
OPP01542,REP009,PRD13,3,1,Closed Lost,109.01,OK,20260709,20260728
OPP01543,REP029,PRD14,4,2,Qualified,62.08,OK,20260212,
OPP01544,REP007,PRD02,3,2,Lead,385.17,OK,20260310,
OPP01545,REP010,PRD14,5,1,Lead,54.66,OK,20260210,
OPP01546,REP036,PRD10,5,5,Qualified,24.49,OK,20250818,
OPP01547,REP016,PRD07,2,5,Lead,108.59,OK,20250911,
OPP01548,REP024,PRD13,1,3,Lead,7.71,OK,20251231,
OPP01549,REP006,PRD08,2,4,Lead,1436.18,OK,20260823,
OPP01550,REP008,PRD13,3,2,Closed Won,181.82,OK,20250801,20251214
OPP01551,REP036,PRD12,5,4,Lead,415.76,OK,20260524,
OPP01552,REP038,PRD14,5,2,Closed Won,134.0,OK,20251117,20251201
OPP01553,REP018,PRD11,5,5,Closed Lost,3466.66,OK,20260508,20260812
OPP01554,REP029,PRD14,4,1,Lead,55.11,OK,20251125,
OPP01555,REP007,PRD09,3,1,Proposal,510.8,OK,20260213,
OPP01556,REP023,PRD13,4,4,Proposal,174.23,OK,20250802,
OPP01557,REP018,PRD12,5,2,Closed Won,285.99,OK,20250711,20260227
OPP01558,REP020,PRD12,4,4,Lead,152.37,OK,20250925,
OPP01559,REP013,PRD13,5,1,Proposal,426.27,OK,20260321,
OPP01560,REP038,PRD05,5,2,Qualified,468.55,OK,20260210,
OPP01561,REP036,PRD10,5,1,Qualified,58.58,OK,20260621,
OPP01562,REP012,PRD09,3,1,Closed Won,269.22,OK,20260829,20260901
OPP01563,REP006,PRD11,2,2,Proposal,3755.68,OK,20260722,
OPP01564,REP012,PRD05,3,3,Proposal,742.39,OK,20251016,
OPP01565,REP032,PRD06,4,3,Closed Lost,100.12,OK,20260730,20260821
OPP01566,REP010,PRD07,5,2,Qualified,141.95,OK,20260131,
OPP01567,REP034,PRD13,1,5,Closed Won,116.55,OK,20251130,20260112
OPP01568,REP010,PRD07,5,4,Closed Won,119.92,OK,20260317,20260417
OPP01569,REP003,PRD12,3,1,Closed Won,173.73,OK,20260625,20260826
OPP01570,REP003,PRD07,3,4,Qualified,42.86,OK,20260119,
OPP01571,REP026,PRD15,3,2,Lead,435.88,OK,20251125,
OPP01572,REP001,PRD03,4,2,Qualified,627.29,OK,20250714,
OPP01573,REP007,PRD08,3,2,Qualified,1508.12,OK,20260322,
OPP01574,REP033,PRD02,4,1,Closed Lost,120.18,OK,20260218,20260504
OPP01575,REP021,PRD09,2,2,Closed Won,384.01,OK,20251117,20260712
OPP01576,REP004,PRD09,5,2,Lead,323.37,OK,20260514,
OPP01577,REP029,PRD02,4,1,Proposal,77.06,OK,20260601,
OPP01578,REP034,PRD04,1,1,Lead,92.74,OK,20260808,
OPP01579,REP026,PRD07,3,4,Qualified,134.53,OK,20260315,
OPP01580,REP025,PRD12,1,3,Lead,385.34,OK,20250909,
OPP01581,REP006,PRD01,2,4,Proposal,53.73,OK,20260511,
OPP01582,REP015,PRD03,4,1,Closed Lost,646.0,OK,20250916,20251126
OPP01583,REP027,PRD12,3,3,Qualified,503.17,OK,20251021,
OPP01584,REP010,PRD03,5,5,Proposal,265.11,OK,20260709,
OPP01585,REP027,PRD01,3,2,Lead,24.16,OK,20260312,
OPP01586,REP027,PRD02,3,2,Closed Lost,8.15,OK,20260112,20260114
OPP01587,REP015,PRD04,4,2,Closed Won,170.78,OK,20260122,20260619
OPP01588,REP028,PRD04,2,1,Proposal,17.94,OK,20260102,
OPP01589,REP036,PRD07,5,3,Qualified,29.88,OK,20260615,
OPP01590,REP015,PRD02,4,4,Closed Won,135.03,OK,20260127,20260604
OPP01591,REP028,PRD09,2,4,Lead,542.7,OK,20260223,
OPP01592,REP003,PRD10,3,2,Qualified,26.06,OK,20250712,
OPP01593,REP002,PRD06,5,2,Lead,310.94,OK,20260123,
OPP01594,REP022,PRD13,5,5,Lead,155.35,OK,20260409,
OPP01595,REP036,PRD09,5,4,Closed Lost,342.5,OK,20260103,20260127
OPP01596,REP039,PRD06,1,2,Closed Lost,41.24,OK,20251003,20260401
OPP01597,REP030,PRD08,4,1,Lead,759.0,OK,20260227,
OPP01598,REP009,PRD05,3,3,Qualified,149.37,OK,20251105,
OPP01599,REP040,PRD05,2,4,Closed Lost,523.53,OK,20260514,20260819
OPP01600,REP005,PRD07,5,4,Closed Won,107.56,OK,20260302,20260714
OPP01601,REP030,PRD05,4,1,Qualified,677.95,OK,20251003,
OPP01602,REP023,PRD08,4,4,Lead,6293.24,OK,20260218,
OPP01603,REP020,PRD09,4,5,Qualified,195.58,OK,20260415,
OPP01604,REP002,PRD06,5,3,Qualified,187.01,REVIEW,20251222,
OPP01605,REP028,PRD05,2,4,Proposal,1448.42,OK,20251221,
OPP01606,REP022,PRD10,5,4,Lead,52.2,OK,20251015,
OPP01607,REP009,PRD13,3,5,Closed Lost,225.8,OK,20260710,20260724
OPP01608,REP009,PRD03,3,1,Qualified,486.54,OK,20260622,
OPP01609,REP039,PRD14,1,4,Closed Lost,29.55,OK,20260420,20260709
OPP01610,REP021,PRD05,2,2,Qualified,631.25,OK,20260704,
OPP01611,REP009,PRD04,3,1,Closed Won,119.68,OK,20260825,20260902
OPP01612,REP011,PRD06,4,2,Lead,333.86,OK,20251220,
OPP01613,REP016,PRD10,2,2,Qualified,23.09,OK,20260112,
OPP01614,REP022,PRD12,5,4,Qualified,147.38,OK,20250905,
OPP01615,REP010,PRD11,5,4,Proposal,580.84,OK,20260816,
OPP01616,REP012,PRD03,3,1,Closed Won,149.24,OK,20260615,20260805
OPP01617,REP016,PRD06,2,1,Qualified,162.88,OK,20260411,
OPP01618,REP012,PRD08,3,4,Qualified,1949.37,OK,20250902,
OPP01619,REP008,PRD02,3,1,Lead,0.0,REVIEW,20250929,
OPP01620,REP002,PRD10,5,1,Qualified,57.69,OK,20250820,
OPP01621,REP026,PRD07,3,2,Closed Lost,35.16,OK,20260731,20260809
OPP01622,REP034,PRD14,1,1,Closed Lost,27.17,OK,20260824,20260825
OPP01623,REP009,PRD01,3,4,Qualified,109.59,OK,20251108,
OPP01624,REP013,PRD04,5,5,Closed Won,124.26,OK,20260315,20260827
OPP01625,REP021,PRD08,2,4,Closed Lost,1595.82,OK,20260812,20260822
OPP01626,REP026,PRD11,3,5,Lead,705.04,OK,20251002,
OPP01627,REP017,PRD14,4,1,Lead,242.25,OK,20251210,
OPP01628,REP029,PRD09,4,1,Qualified,269.36,OK,20260718,
OPP01629,REP030,PRD10,4,2,Lead,27.63,OK,20250912,
OPP01630,REP017,PRD14,4,1,Qualified,43.21,OK,20260804,
OPP01631,REP013,PRD01,5,4,Proposal,63.26,OK,20260615,
OPP01632,REP019,PRD14,1,1,Proposal,116.87,OK,20250816,
OPP01633,REP040,PRD09,2,1,Lead,447.99,OK,20260621,
OPP01634,REP014,PRD02,2,4,Qualified,69.46,OK,20251014,
OPP01635,REP001,PRD08,4,2,Qualified,882.45,OK,20260806,
OPP01636,REP003,PRD04,3,1,Closed Lost,40.94,OK,20260522,20260818
OPP01637,REP007,PRD13,3,2,Closed Lost,125.75,OK,20250817,20260322
OPP01638,REP002,PRD09,5,2,Proposal,232.73,OK,20260628,
OPP01639,REP038,PRD07,5,1,Qualified,9.83,OK,20260228,
OPP01640,REP034,PRD03,1,3,Qualified,309.62,OK,20250720,
OPP01641,REP010,PRD10,5,1,Lead,52.81,OK,20260507,
OPP01642,REP018,PRD07,5,2,Qualified,117.15,OK,20260117,
OPP01643,REP021,PRD01,2,1,Qualified,51.49,OK,20250706,
OPP01644,REP013,PRD01,5,1,Qualified,37.79,OK,20251220,
OPP01645,REP029,PRD08,4,2,Lead,6158.71,OK,20250829,
OPP01646,REP013,PRD06,5,1,Closed Won,25.9,OK,20250808,20260703
OPP01647,REP019,PRD11,1,3,Proposal,1782.99,OK,20260328,
OPP01648,REP026,PRD11,3,2,Proposal,496.17,OK,20250822,
OPP01649,REP014,PRD04,2,2,Lead,105.13,OK,20260828,
OPP01650,REP009,PRD10,3,1,Qualified,58.47,OK,20250819,
OPP01651,REP002,PRD06,5,1,Lead,199.54,OK,20250826,
OPP01652,REP020,PRD07,4,1,Closed Lost,0.0,REVIEW,20260705,20260708
OPP01653,REP023,PRD10,4,1,Lead,31.14,OK,20260211,
OPP01654,REP019,PRD04,1,2,Lead,125.27,OK,20260517,
OPP01655,REP017,PRD01,4,4,Lead,39.46,OK,20251120,
OPP01656,REP039,PRD10,1,1,Qualified,20.21,OK,20251017,
OPP01657,REP015,PRD12,4,2,Closed Won,609.35,OK,20260526,20260806
OPP01658,REP023,PRD07,4,2,Proposal,249.98,OK,20260427,
OPP01659,REP019,PRD09,1,1,Qualified,328.02,OK,20260617,
OPP01660,REP040,PRD01,2,4,Qualified,2.27,OK,20260423,
OPP01661,REP037,PRD12,3,1,Lead,485.4,OK,20260421,
OPP01662,REP004,PRD14,5,2,Lead,236.68,OK,20250904,
OPP01663,REP034,PRD10,1,3,Lead,38.14,OK,20260826,
OPP01664,REP012,PRD05,3,1,Qualified,466.1,OK,20251015,
OPP01665,REP002,PRD12,5,3,Lead,165.78,OK,20260331,
OPP01666,REP018,PRD05,5,2,Lead,148.73,OK,20251004,
OPP01667,REP003,PRD12,3,3,Proposal,440.41,OK,20251119,
OPP01668,REP002,PRD04,5,4,Closed Lost,208.85,OK,20260825,20260829
OPP01669,REP008,PRD07,3,5,Lead,18.48,OK,20260818,
OPP01670,REP019,PRD10,1,3,Closed Won,40.59,OK,20251010,20260719
OPP01671,REP002,PRD08,5,1,Closed Lost,808.89,OK,20251223,20251224
OPP01672,REP024,PRD04,1,2,Qualified,58.26,OK,20250721,
OPP01673,REP028,PRD04,2,1,Lead,64.21,OK,20260220,
OPP01674,REP031,PRD12,3,1,Closed Lost,210.15,OK,20260628,20260901
OPP01675,REP025,PRD11,1,1,Lead,3436.28,OK,20260830,
OPP01676,REP023,PRD06,4,4,Lead,400.85,OK,20260529,
OPP01677,REP016,PRD08,2,1,Qualified,2599.48,OK,20260821,
OPP01678,REP039,PRD07,1,2,Qualified,76.45,OK,20260424,
OPP01679,REP031,PRD01,3,4,Closed Won,21.76,OK,20251229,20260404
OPP01680,REP015,PRD03,4,2,Proposal,337.32,OK,20260626,
OPP01681,REP032,PRD03,4,2,Lead,141.64,OK,20260329,
OPP01682,REP030,PRD05,4,3,Closed Lost,451.78,OK,20251101,20260216
OPP01683,REP017,PRD04,4,2,Proposal,128.91,OK,20251127,
OPP01684,REP004,PRD07,5,2,Proposal,98.17,OK,20250929,
OPP01685,REP033,PRD06,4,4,Proposal,170.44,OK,20250729,
OPP01686,REP016,PRD09,2,1,Lead,626.86,OK,20260525,
OPP01687,REP032,PRD14,4,2,Proposal,105.13,OK,20250716,
OPP01688,REP018,PRD15,5,3,Closed Won,2416.4,OK,20260106,20260327
OPP01689,REP007,PRD12,3,2,Closed Won,129.43,OK,20250825,20251003
OPP01690,REP028,PRD01,2,1,Lead,102.75,OK,20250730,
OPP01691,REP004,PRD09,5,3,Proposal,152.93,OK,20260615,
OPP01692,REP010,PRD06,5,2,Qualified,262.01,OK,20250810,
OPP01693,REP020,PRD11,4,3,Closed Won,319.6,OK,20260110,20260127
OPP01694,REP037,PRD12,3,1,Qualified,50.83,OK,20260512,
OPP01695,REP018,PRD15,5,2,Closed Lost,2017.89,OK,20260609,20260701
OPP01696,REP019,PRD12,1,3,Lead,331.21,OK,20260827,
OPP01697,REP001,PRD02,4,2,Proposal,83.03,OK,20251219,
OPP01698,REP032,PRD01,4,5,Closed Won,13.9,OK,20250816,20251009
OPP01699,REP022,PRD12,5,5,Qualified,5.42,OK,20260730,
OPP01700,REP027,PRD07,3,2,Lead,156.03,OK,20260213,
OPP01701,REP010,PRD11,5,2,Proposal,573.38,OK,20260101,
OPP01702,REP020,PRD07,4,2,Qualified,32.4,OK,20260308,
OPP01703,REP038,PRD02,5,2,Lead,116.49,OK,20260310,
OPP01704,REP011,PRD14,4,2,Closed Lost,23.8,OK,20260104,20260501
OPP01705,REP015,PRD12,4,2,Closed Won,122.47,OK,20251023,20260706
OPP01706,REP008,PRD04,3,2,Closed Lost,46.16,OK,20260812,20260817
OPP01707,REP030,PRD02,4,1,Lead,27.22,OK,20260521,
OPP01708,REP021,PRD04,2,3,Qualified,39.41,OK,20260222,
OPP01709,REP006,PRD04,2,2,Lead,0.0,REVIEW,20260202,
OPP01710,REP013,PRD06,5,5,Proposal,748.31,OK,20250820,
OPP01711,REP021,PRD06,2,1,Lead,421.37,OK,20251117,
OPP01712,REP020,PRD12,4,1,Lead,475.04,OK,20260531,
OPP01713,REP017,PRD14,4,2,Lead,97.54,OK,20260723,
OPP01714,REP003,PRD09,3,2,Proposal,340.6,OK,20250809,
OPP01715,REP036,PRD14,5,4,Lead,83.62,OK,20260328,
OPP01716,REP023,PRD08,4,3,Closed Lost,4858.25,OK,20260426,20260805
OPP01717,REP024,PRD04,1,2,Proposal,46.9,OK,20260308,
OPP01718,REP011,PRD01,4,1,Proposal,53.0,OK,20260523,
OPP01719,REP031,PRD02,3,3,Qualified,125.14,OK,20260517,
OPP01720,REP037,PRD14,3,5,Lead,74.1,OK,20251027,
OPP01721,REP005,PRD14,5,3,Qualified,22.84,OK,20260221,
OPP01722,REP035,PRD05,3,1,Qualified,499.86,OK,20260422,
OPP01723,REP014,PRD05,2,2,Qualified,570.28,OK,20251123,
OPP01724,REP013,PRD11,5,1,Qualified,158.05,OK,20260825,
OPP01725,REP008,PRD09,3,2,Lead,304.4,OK,20260706,
OPP01726,REP026,PRD12,3,1,Proposal,463.98,OK,20260107,
OPP01727,REP033,PRD14,4,2,Qualified,99.26,OK,20251226,
OPP01728,REP005,PRD01,5,2,Closed Lost,34.21,OK,20260222,20260807
OPP01729,REP006,PRD14,2,2,Qualified,154.27,OK,20251024,
OPP01730,REP012,PRD07,3,1,Closed Lost,119.97,REVIEW,20260628,20260703
OPP01731,REP003,PRD09,3,3,Qualified,492.33,OK,20260520,
OPP01732,REP015,PRD05,4,3,Lead,1215.08,OK,20260523,
OPP01733,REP020,PRD04,4,5,Proposal,139.55,OK,20260819,
OPP01734,REP013,PRD01,5,1,Lead,130.71,OK,20251016,
OPP01735,REP009,PRD13,3,2,Closed Lost,376.47,OK,20260501,20260617
OPP01736,REP001,PRD04,4,2,Closed Lost,51.42,OK,20260118,20260406
OPP01737,REP038,PRD05,5,1,Closed Won,354.53,OK,20260317,20260720
OPP01738,REP024,PRD15,1,1,Lead,220.56,OK,20250903,
OPP01739,REP014,PRD13,2,2,Qualified,321.07,OK,20260618,
OPP01740,REP018,PRD12,5,2,Lead,147.17,OK,20260418,
OPP01741,REP036,PRD05,5,1,Qualified,815.3,OK,20250913,
OPP01742,REP026,PRD10,3,3,Qualified,49.34,OK,20260824,
OPP01743,REP018,PRD02,5,1,Lead,91.24,OK,20251128,
OPP01744,REP014,PRD09,2,3,Lead,920.19,OK,20250813,
OPP01745,REP021,PRD12,2,2,Lead,222.64,OK,20260128,
OPP01746,REP013,PRD05,5,1,Qualified,284.17,OK,20260422,
OPP01747,REP032,PRD03,4,1,Qualified,576.86,OK,20250803,
OPP01748,REP027,PRD09,3,2,Closed Won,101.41,OK,20250829,20251110
OPP01749,REP034,PRD02,1,3,Lead,132.75,OK,20251219,
OPP01750,REP040,PRD15,2,3,Qualified,340.84,OK,20260711,
OPP01751,REP029,PRD15,4,4,Closed Won,2249.58,OK,20251213,20260421
OPP01752,REP002,PRD07,5,1,Proposal,66.01,OK,20260224,
OPP01753,REP027,PRD01,3,3,Closed Lost,20.17,OK,20250715,20251226
OPP01754,REP001,PRD05,4,1,Qualified,1054.76,OK,20251128,
OPP01755,REP023,PRD13,4,5,Closed Won,260.84,OK,20251003,20260720
OPP01756,REP020,PRD11,4,1,Qualified,1007.82,OK,20260710,
OPP01757,REP035,PRD02,3,2,Qualified,137.7,OK,20260108,
OPP01758,REP033,PRD03,4,1,Qualified,198.37,OK,20251209,
OPP01759,REP004,PRD01,5,2,Qualified,5.19,OK,20260508,
OPP01760,REP016,PRD05,2,5,Lead,589.1,OK,20260105,
OPP01761,REP037,PRD11,3,2,Qualified,3831.53,OK,20260310,
OPP01762,REP030,PRD14,4,1,Qualified,122.82,OK,20260208,
OPP01763,REP016,PRD07,2,2,Lead,192.59,OK,20260425,
OPP01764,REP022,PRD15,5,4,Closed Lost,0.0,REVIEW,20260701,20260821
OPP01765,REP026,PRD09,3,4,Closed Lost,287.22,OK,20260409,20260607
OPP01766,REP009,PRD10,3,1,Qualified,45.79,OK,20260123,
OPP01767,REP005,PRD01,5,1,Closed Lost,5.14,OK,20260409,20260717
OPP01768,REP003,PRD07,3,3,Closed Won,218.1,OK,20260725,20260816
OPP01769,REP020,PRD13,4,2,Qualified,268.77,OK,20250918,
OPP01770,REP014,PRD12,2,1,Proposal,639.46,OK,20260703,
OPP01771,REP004,PRD15,5,4,Lead,704.75,OK,20260309,
OPP01772,REP006,PRD15,2,2,Qualified,838.1,OK,20251208,
OPP01773,REP034,PRD15,1,4,Closed Lost,165.28,OK,20260417,20260616
OPP01774,REP003,PRD06,3,2,Qualified,493.29,OK,20260521,
OPP01775,REP004,PRD09,5,2,Proposal,119.4,OK,20250808,
OPP01776,REP035,PRD06,3,2,Qualified,163.73,OK,20251222,
OPP01777,REP019,PRD13,1,2,Closed Won,158.49,OK,20251025,20251031
OPP01778,REP006,PRD05,2,2,Qualified,653.11,OK,20260122,
OPP01779,REP015,PRD11,4,2,Lead,787.31,OK,20260524,
OPP01780,REP027,PRD09,3,1,Proposal,223.69,OK,20260218,
OPP01781,REP023,PRD13,4,1,Qualified,74.97,OK,20251030,
OPP01782,REP029,PRD07,4,1,Closed Lost,126.27,OK,20251203,20260410
OPP01783,REP002,PRD10,5,2,Closed Won,16.41,OK,20251229,20260525
OPP01784,REP031,PRD15,3,2,Qualified,946.38,OK,20260110,
OPP01785,REP035,PRD15,3,2,Closed Won,2606.98,OK,20260726,20260821
OPP01786,REP009,PRD12,3,1,Qualified,167.65,OK,20260323,
OPP01787,REP040,PRD03,2,2,Proposal,772.78,OK,20260119,
OPP01788,REP028,PRD02,2,1,Closed Lost,50.0,OK,20260718,20260902
OPP01789,REP023,PRD02,4,3,Qualified,138.7,OK,20260720,
OPP01790,REP014,PRD08,2,3,Qualified,1766.53,OK,20260626,
OPP01791,REP027,PRD10,3,3,Qualified,63.57,OK,20251111,
OPP01792,REP012,PRD13,3,3,Lead,150.15,OK,20260403,
OPP01793,REP035,PRD05,3,2,Lead,1565.81,OK,20251112,
OPP01794,REP026,PRD09,3,4,Lead,148.76,OK,20251020,
OPP01795,REP020,PRD05,4,2,Qualified,749.02,OK,20260901,
OPP01796,REP037,PRD12,3,1,Proposal,264.54,OK,20260718,
OPP01797,REP030,PRD06,4,1,Qualified,319.59,OK,20251123,
OPP01798,REP009,PRD04,3,1,Lead,49.8,OK,20260829,
OPP01799,REP037,PRD01,3,4,Closed Won,21.66,OK,20250818,20260309
OPP01800,REP006,PRD12,2,3,Qualified,356.19,OK,20250730,
OPP01801,REP005,PRD14,5,3,Lead,127.43,OK,20250830,
OPP01802,REP027,PRD11,3,1,Lead,4594.62,OK,20250810,
OPP01803,REP002,PRD08,5,4,Proposal,1525.44,OK,20250708,
OPP01804,REP006,PRD12,2,5,Qualified,50.37,OK,20260520,
OPP01805,REP023,PRD05,4,2,Closed Won,164.35,OK,20251018,20260619
OPP01806,REP018,PRD10,5,1,Qualified,25.56,OK,20251230,
OPP01807,REP006,PRD02,2,4,Qualified,158.24,OK,20250825,
OPP01808,REP013,PRD09,5,2,Qualified,630.77,OK,20251029,
OPP01809,REP006,PRD04,2,4,Proposal,36.09,OK,20250711,
OPP01810,REP010,PRD11,5,1,Qualified,4794.74,OK,20251220,
OPP01811,REP032,PRD15,4,1,Qualified,2391.23,OK,20260731,
OPP01812,REP006,PRD06,2,4,Qualified,241.21,OK,20260623,
OPP01813,REP024,PRD14,1,4,Closed Lost,72.86,OK,20260419,20260430
OPP01814,REP016,PRD02,2,3,Lead,120.13,OK,20260714,
OPP01815,REP010,PRD10,5,1,Qualified,31.68,OK,20260717,
OPP01816,REP031,PRD15,3,1,Lead,431.38,OK,20250716,
OPP01817,REP020,PRD09,4,2,Qualified,1024.47,OK,20250709,
OPP01818,REP022,PRD01,5,3,Qualified,63.31,OK,20260821,
OPP01819,REP005,PRD10,5,1,Lead,22.04,OK,20260519,
OPP01820,REP017,PRD01,4,4,Closed Lost,43.69,OK,20250713,20250725
OPP01821,REP034,PRD07,1,1,Closed Lost,78.82,OK,20260819,20260825
OPP01822,REP034,PRD04,1,1,Lead,107.5,OK,20260824,
OPP01823,REP021,PRD02,2,3,Qualified,370.74,OK,20260211,
OPP01824,REP001,PRD12,4,4,Lead,284.72,OK,20250717,
OPP01825,REP007,PRD15,3,1,Qualified,2363.51,OK,20260729,
OPP01826,REP022,PRD15,5,1,Closed Lost,2160.04,OK,20260603,20260820
OPP01827,REP022,PRD09,5,5,Lead,904.23,OK,20251120,
OPP01828,REP013,PRD07,5,5,Proposal,101.6,OK,20250925,
OPP01829,REP022,PRD15,5,2,Closed Lost,804.51,OK,20250916,20260407
OPP01830,REP014,PRD01,2,2,Qualified,33.0,OK,20251027,
OPP01831,REP023,PRD11,4,2,Qualified,479.26,OK,20260107,
OPP01832,REP018,PRD01,5,4,Proposal,15.76,OK,20251130,
OPP01833,REP017,PRD01,4,2,Closed Lost,17.27,OK,20260816,20260822
OPP01834,REP013,PRD09,5,1,Qualified,291.35,OK,20260405,
OPP01835,REP017,PRD07,4,4,Closed Won,134.89,OK,20260127,20260630
OPP01836,REP002,PRD07,5,2,Lead,142.25,OK,20250903,
OPP01837,REP009,PRD09,3,2,Lead,138.99,OK,20260419,
OPP01838,REP039,PRD03,1,1,Qualified,254.87,OK,20260515,
OPP01839,REP013,PRD01,5,2,Closed Lost,20.55,OK,20260625,20260818
OPP01840,REP002,PRD08,5,2,Lead,3111.74,OK,20260108,
OPP01841,REP019,PRD03,1,2,Qualified,296.35,OK,20251226,
OPP01842,REP021,PRD15,2,1,Qualified,1319.45,OK,20260221,
OPP01843,REP019,PRD01,1,1,Lead,44.87,OK,20250904,
OPP01844,REP021,PRD15,2,1,Closed Lost,363.46,OK,20250728,20251008
OPP01845,REP026,PRD12,3,2,Qualified,180.24,OK,20260514,
OPP01846,REP034,PRD12,1,1,Closed Won,601.14,OK,20260424,20260706
OPP01847,REP003,PRD07,3,3,Lead,141.97,OK,20260708,
OPP01848,REP003,PRD05,3,1,Closed Won,1615.51,OK,20250816,20260420
OPP01849,REP010,PRD08,5,1,Lead,2906.51,OK,20250711,
OPP01850,REP038,PRD02,5,4,Qualified,119.45,OK,20251114,
OPP01851,REP033,PRD07,4,3,Proposal,115.2,OK,20250906,
OPP01852,REP010,PRD08,5,1,Closed Won,770.17,OK,20260727,20260817
OPP01853,REP010,PRD10,5,3,Lead,75.54,OK,20260318,
OPP01854,REP023,PRD02,4,1,Qualified,148.67,OK,20250916,
OPP01855,REP006,PRD07,2,1,Closed Won,3.98,OK,20260818,20260819
OPP01856,REP038,PRD10,5,2,Closed Lost,93.74,OK,20251229,20260321
OPP01857,REP031,PRD15,3,5,Qualified,1596.9,OK,20260708,
OPP01858,REP015,PRD15,4,3,Lead,3188.65,OK,20260130,
OPP01859,REP022,PRD08,5,3,Qualified,2003.65,OK,20250809,
OPP01860,REP010,PRD04,5,4,Closed Lost,45.33,OK,20250830,20260522
OPP01861,REP029,PRD08,4,2,Proposal,3749.52,OK,20260206,
OPP01862,REP027,PRD15,3,1,Closed Won,517.08,OK,20260829,20260901
OPP01863,REP010,PRD06,5,3,Closed Won,159.32,OK,20250729,20251215
OPP01864,REP036,PRD06,5,3,Qualified,291.99,OK,20260305,
OPP01865,REP026,PRD05,3,4,Qualified,1021.48,OK,20250716,
OPP01866,REP005,PRD01,5,1,Proposal,22.66,OK,20251211,
OPP01867,REP037,PRD03,3,1,Proposal,101.91,OK,20251023,
OPP01868,REP036,PRD01,5,1,Qualified,11.86,OK,20260509,
OPP01869,REP032,PRD10,4,1,Closed Lost,49.44,OK,20250901,20251226
OPP01870,REP032,PRD04,4,4,Proposal,27.19,OK,20251107,
OPP01871,REP016,PRD12,2,3,Proposal,321.56,OK,20260106,
OPP01872,REP009,PRD09,3,3,Closed Lost,348.15,OK,20260502,20260814
OPP01873,REP011,PRD10,4,1,Lead,12.35,OK,20260318,
OPP01874,REP012,PRD10,3,5,Lead,108.53,OK,20260428,
OPP01875,REP023,PRD03,4,2,Qualified,341.14,OK,20251020,
OPP01876,REP003,PRD15,3,2,Closed Won,1002.66,OK,20250902,20260315
OPP01877,REP039,PRD12,1,4,Closed Won,172.09,OK,20260329,20260408
OPP01878,REP013,PRD06,5,2,Qualified,1406.9,OK,20250917,
OPP01879,REP009,PRD12,3,2,Proposal,384.66,OK,20260608,
OPP01880,REP034,PRD09,1,3,Qualified,118.69,OK,20251231,
OPP01881,REP005,PRD10,5,3,Closed Lost,116.29,OK,20250901,20260111
OPP01882,REP036,PRD08,5,2,Qualified,1752.54,REVIEW,20260508,
OPP01883,REP040,PRD11,2,4,Lead,2114.61,OK,20260314,
OPP01884,REP039,PRD10,1,2,Closed Won,163.27,OK,20250727,20260224
OPP01885,REP028,PRD06,2,5,Lead,387.24,OK,20260618,
OPP01886,REP017,PRD15,4,3,Qualified,3437.98,OK,20260720,
OPP01887,REP004,PRD14,5,1,Closed Lost,91.68,OK,20251228,20260515
OPP01888,REP038,PRD13,5,1,Lead,91.03,OK,20260421,
OPP01889,REP030,PRD01,4,3,Closed Won,25.12,OK,20260604,20260622
OPP01890,REP022,PRD04,5,1,Qualified,64.39,OK,20260425,
OPP01891,REP005,PRD08,5,5,Qualified,3734.36,OK,20250908,
OPP01892,REP006,PRD15,2,4,Proposal,807.17,OK,20260218,
OPP01893,REP032,PRD15,4,1,Qualified,4042.19,OK,20260111,
OPP01894,REP025,PRD13,1,2,Qualified,228.72,OK,20250830,
OPP01895,REP028,PRD11,2,2,Closed Won,1117.16,OK,20250905,20251218
OPP01896,REP017,PRD03,4,2,Qualified,628.28,OK,20251031,
OPP01897,REP025,PRD05,1,4,Closed Won,492.62,OK,20260425,20260826
OPP01898,REP012,PRD09,3,2,Qualified,201.25,OK,20251031,
OPP01899,REP032,PRD11,4,1,Proposal,1101.59,OK,20260502,
OPP01900,REP014,PRD07,2,1,Closed Won,88.19,OK,20260306,20260515
OPP01901,REP029,PRD10,4,3,Proposal,112.56,OK,20250924,
OPP01902,REP019,PRD14,1,2,Closed Lost,128.37,OK,20250913,20250915
OPP01903,REP027,PRD06,3,1,Lead,247.2,OK,20260228,
OPP01904,REP006,PRD01,2,1,Proposal,34.41,OK,20260614,
OPP01905,REP029,PRD09,4,5,Proposal,488.07,OK,20260409,
OPP01906,REP034,PRD02,1,3,Qualified,71.6,OK,20260129,
OPP01907,REP014,PRD05,2,4,Proposal,801.83,OK,20250921,
OPP01908,REP016,PRD02,2,3,Lead,175.87,OK,20251014,
OPP01909,REP028,PRD07,2,3,Lead,55.1,OK,20250909,
OPP01910,REP032,PRD11,4,5,Qualified,2681.62,OK,20251126,
OPP01911,REP011,PRD13,4,3,Lead,56.41,OK,20260603,
OPP01912,REP022,PRD12,5,1,Closed Won,107.74,OK,20260617,20260810
OPP01913,REP031,PRD04,3,5,Closed Won,103.84,OK,20260806,20260825
OPP01914,REP018,PRD07,5,2,Qualified,25.9,OK,20250922,
OPP01915,REP026,PRD05,3,1,Lead,867.43,OK,20250724,
OPP01916,REP031,PRD10,3,5,Qualified,40.85,OK,20250911,
OPP01917,REP001,PRD07,4,3,Proposal,255.13,OK,20260404,
OPP01918,REP015,PRD01,4,2,Proposal,88.13,OK,20250914,
OPP01919,REP038,PRD05,5,3,Lead,469.12,OK,20260312,
OPP01920,REP017,PRD04,4,2,Lead,128.48,OK,20260429,
OPP01921,REP033,PRD10,4,1,Qualified,27.95,OK,20250713,
OPP01922,REP026,PRD15,3,3,Qualified,103.16,OK,20260215,
OPP01923,REP038,PRD09,5,3,Proposal,357.63,OK,20260521,
OPP01924,REP013,PRD12,5,3,Closed Won,141.41,OK,20260501,20260517
OPP01925,REP003,PRD13,3,1,Lead,10.92,OK,20260108,
OPP01926,REP035,PRD13,3,1,Qualified,369.51,OK,20260812,
OPP01927,REP030,PRD05,4,1,Qualified,359.1,OK,20251112,
OPP01928,REP022,PRD09,5,2,Proposal,397.07,OK,20260425,
OPP01929,REP018,PRD06,5,5,Lead,231.85,OK,20251112,
OPP01930,REP006,PRD03,2,1,Proposal,254.91,OK,20251019,
OPP01931,REP019,PRD09,1,4,Lead,324.54,OK,20260128,
OPP01932,REP031,PRD10,3,5,Lead,10.5,OK,20260222,
OPP01933,REP011,PRD11,4,3,Lead,2544.71,OK,20260128,
OPP01934,REP022,PRD08,5,2,Proposal,4692.89,OK,20260722,
OPP01935,REP003,PRD02,3,1,Lead,156.11,OK,20251025,
OPP01936,REP022,PRD09,5,1,Qualified,29.06,OK,20250822,
OPP01937,REP026,PRD13,3,5,Qualified,165.05,OK,20251110,
OPP01938,REP030,PRD15,4,2,Closed Lost,1669.31,OK,20260606,20260702
OPP01939,REP038,PRD07,5,3,Lead,45.44,OK,20260527,
OPP01940,REP004,PRD06,5,2,Closed Won,629.37,OK,20260221,20260526
OPP01941,REP018,PRD12,5,2,Proposal,148.62,OK,20250901,
OPP01942,REP032,PRD04,4,4,Lead,71.86,OK,20260410,
OPP01943,REP027,PRD05,3,3,Lead,720.61,OK,20260115,
OPP01944,REP027,PRD01,3,1,Qualified,164.07,OK,20260111,
OPP01945,REP035,PRD04,3,2,Closed Lost,17.8,OK,20260724,20260821
OPP01946,REP021,PRD04,2,2,Qualified,103.68,OK,20251202,
OPP01947,REP018,PRD06,5,1,Closed Lost,34.5,OK,20260624,20260704
OPP01948,REP005,PRD05,5,2,Lead,197.38,OK,20251017,
OPP01949,REP015,PRD03,4,5,Qualified,9.37,OK,20260225,
OPP01950,REP030,PRD03,4,5,Proposal,420.25,OK,20250709,
OPP01951,REP033,PRD01,4,4,Proposal,130.0,OK,20260507,
OPP01952,REP017,PRD03,4,3,Qualified,183.53,OK,20260319,
OPP01953,REP004,PRD12,5,2,Closed Won,209.22,OK,20260425,20260627
OPP01954,REP001,PRD04,4,1,Proposal,39.38,OK,20260610,
OPP01955,REP017,PRD08,4,4,Closed Won,3562.53,OK,20260320,20260611
OPP01956,REP028,PRD03,2,5,Qualified,395.54,OK,20251017,
OPP01957,REP020,PRD02,4,1,Closed Won,61.99,OK,20260222,20260425
OPP01958,REP024,PRD09,1,3,Closed Won,966.58,OK,20251207,20260611
OPP01959,REP037,PRD11,3,4,Lead,1490.07,OK,20260305,
OPP01960,REP019,PRD12,1,3,Lead,308.22,OK,20251118,
OPP01961,REP015,PRD01,4,1,Closed Lost,46.15,OK,20260509,20260709
OPP01962,REP024,PRD15,1,4,Lead,4457.89,OK,20260215,
OPP01963,REP006,PRD15,2,2,Qualified,848.26,OK,20260720,
OPP01964,REP019,PRD02,1,2,Qualified,172.57,OK,20260108,
OPP01965,REP017,PRD07,4,1,Lead,25.07,OK,20260314,
OPP01966,REP021,PRD11,2,2,Lead,1285.25,OK,20260422,
OPP01967,REP034,PRD15,1,2,Qualified,2301.29,OK,20260206,
OPP01968,REP015,PRD15,4,5,Proposal,1187.46,OK,20260505,
OPP01969,REP023,PRD06,4,1,Closed Won,169.94,OK,20260413,20260505
OPP01970,REP030,PRD13,4,4,Lead,59.35,OK,20251206,
OPP01971,REP037,PRD09,3,3,Proposal,352.85,OK,20260831,
OPP01972,REP023,PRD14,4,1,Qualified,58.55,OK,20251120,
OPP01973,REP016,PRD02,2,1,Proposal,77.31,OK,20250724,
OPP01974,REP034,PRD01,1,4,Qualified,112.81,OK,20260627,
OPP01975,REP031,PRD10,3,5,Closed Lost,120.6,OK,20251213,20260601
OPP01976,REP016,PRD13,2,2,Lead,66.66,OK,20260215,
OPP01977,REP030,PRD05,4,1,Proposal,1000.25,OK,20250826,
OPP01978,REP021,PRD07,2,2,Closed Won,60.37,OK,20260517,20260821
OPP01979,REP017,PRD09,4,2,Qualified,389.27,OK,20251020,
OPP01980,REP025,PRD13,1,4,Qualified,407.3,OK,20260224,
OPP01981,REP040,PRD04,2,2,Closed Lost,79.37,OK,20260107,20260415
OPP01982,REP036,PRD01,5,3,Closed Lost,16.32,OK,20251031,20260804
OPP01983,REP001,PRD05,4,1,Qualified,2246.58,OK,20260528,
OPP01984,REP009,PRD09,3,1,Qualified,587.38,OK,20260422,
OPP01985,REP014,PRD07,2,3,Qualified,143.18,OK,20250830,
OPP01986,REP038,PRD08,5,2,Qualified,3960.17,OK,20260617,
OPP01987,REP026,PRD09,3,1,Qualified,417.93,OK,20260711,
OPP01988,REP006,PRD08,2,2,Lead,590.59,OK,20260511,
OPP01989,REP019,PRD07,1,1,Lead,229.76,OK,20260823,
OPP01990,REP017,PRD13,4,4,Closed Lost,50.76,OK,20260801,20260821
OPP01991,REP036,PRD10,5,1,Proposal,94.6,OK,20260830,
OPP01992,REP029,PRD03,4,2,Qualified,653.66,OK,20250801,
OPP01993,REP002,PRD08,5,1,Proposal,762.75,OK,20260409,
OPP01994,REP032,PRD05,4,3,Lead,788.9,OK,20260825,
OPP01995,REP003,PRD11,3,4,Proposal,1697.46,OK,20250908,
OPP01996,REP002,PRD01,5,2,Qualified,20.65,OK,20250926,
OPP01997,REP011,PRD05,4,4,Qualified,249.38,OK,20260112,
OPP01998,REP005,PRD09,5,1,Closed Won,204.35,OK,20260405,20260507
OPP01999,REP036,PRD06,5,5,Proposal,637.06,OK,20250807,
OPP02000,REP034,PRD06,1,1,Qualified,316.5,OK,20260510,
OPP02001,REP001,PRD14,4,2,Qualified,197.68,OK,20260318,
OPP02002,REP019,PRD07,1,3,Qualified,29.67,OK,20260603,
OPP02003,REP027,PRD14,3,2,Closed Lost,33.75,OK,20250924,20250928
OPP02004,REP005,PRD15,5,1,Closed Lost,1357.8,OK,20250918,20251227
OPP02005,REP017,PRD14,4,1,Qualified,17.88,OK,20251223,
OPP02006,REP019,PRD09,1,5,Proposal,643.62,OK,20260804,
OPP02007,REP012,PRD11,3,3,Qualified,1102.98,OK,20260810,
OPP02008,REP038,PRD08,5,1,Qualified,1639.99,OK,20251222,
OPP02009,REP038,PRD02,5,4,Lead,29.73,OK,20260615,
OPP02010,REP008,PRD15,3,2,Closed Lost,896.72,OK,20260420,20260704
OPP02011,REP021,PRD13,2,1,Proposal,73.12,OK,20260628,
OPP02012,REP034,PRD03,1,3,Closed Lost,88.18,OK,20260727,20260803
OPP02013,REP009,PRD09,3,1,Closed Won,250.04,OK,20260328,20260401
OPP02014,REP029,PRD07,4,2,Qualified,75.91,OK,20260713,
OPP02015,REP032,PRD06,4,4,Closed Won,23.55,OK,20250923,20260115
OPP02016,REP037,PRD02,3,2,Lead,686.51,OK,20260523,
OPP02017,REP010,PRD08,5,3,Qualified,969.52,OK,20250908,
OPP02018,REP005,PRD04,5,4,Qualified,69.09,OK,20251002,
OPP02019,REP033,PRD03,4,5,Closed Lost,464.05,OK,20251022,20260306
OPP02020,REP010,PRD13,5,1,Qualified,140.92,OK,20260303,
OPP02021,REP001,PRD05,4,3,Closed Lost,1752.28,OK,20260327,20260623
OPP02022,REP021,PRD01,2,1,Closed Lost,112.77,OK,20251211,20260701
OPP02023,REP022,PRD12,5,3,Closed Won,243.79,OK,20260714,20260816
OPP02024,REP031,PRD03,3,2,Qualified,109.17,OK,20260708,
OPP02025,REP034,PRD15,1,1,Lead,918.13,OK,20250917,
OPP02026,REP015,PRD12,4,1,Lead,292.99,OK,20260609,
OPP02027,REP005,PRD15,5,4,Qualified,922.31,OK,20260620,
OPP02028,REP034,PRD02,1,4,Lead,30.3,OK,20260308,
OPP02029,REP024,PRD08,1,1,Closed Won,4324.25,OK,20250825,20251219
OPP02030,REP009,PRD02,3,4,Qualified,170.38,OK,20250807,
OPP02031,REP010,PRD14,5,4,Closed Lost,74.78,OK,20251001,20251009
OPP02032,REP001,PRD15,4,1,Lead,87.83,OK,20260327,
OPP02033,REP005,PRD14,5,3,Lead,137.43,OK,20250926,
OPP02034,REP013,PRD03,5,5,Qualified,287.88,OK,20251108,
OPP02035,REP038,PRD15,5,3,Closed Won,839.59,OK,20260109,20260728
OPP02036,REP016,PRD10,2,4,Lead,35.74,OK,20251116,
OPP02037,REP006,PRD06,2,1,Proposal,174.25,OK,20251105,
OPP02038,REP033,PRD14,4,5,Closed Won,186.21,OK,20260318,20260704
OPP02039,REP012,PRD12,3,5,Proposal,92.29,OK,20260531,
OPP02040,REP030,PRD08,4,4,Lead,701.17,OK,20260627,
OPP02041,REP017,PRD11,4,1,Lead,1021.88,OK,20251231,
OPP02042,REP026,PRD14,3,3,Lead,110.74,OK,20260514,
OPP02043,REP033,PRD15,4,5,Lead,696.38,OK,20251124,
OPP02044,REP010,PRD02,5,1,Lead,403.49,OK,20251125,
OPP02045,REP036,PRD14,5,5,Qualified,12.28,OK,20260604,
OPP02046,REP034,PRD13,1,2,Qualified,72.24,OK,20260507,
OPP02047,REP025,PRD03,1,2,Lead,422.59,OK,20250726,
OPP02048,REP019,PRD09,1,4,Lead,495.87,OK,20251204,
OPP02049,REP034,PRD13,1,5,Closed Won,133.35,OK,20260618,20260814
OPP02050,REP006,PRD06,2,1,Proposal,335.4,OK,20260602,
OPP02051,REP021,PRD11,2,4,Proposal,1444.62,OK,20260502,
OPP02052,REP014,PRD12,2,2,Qualified,231.48,OK,20250707,
OPP02053,REP027,PRD10,3,4,Closed Lost,24.52,OK,20251217,20260306
OPP02054,REP038,PRD10,5,2,Lead,49.88,OK,20260205,
OPP02055,REP014,PRD14,2,1,Proposal,133.22,OK,20250821,
OPP02056,REP032,PRD08,4,2,Closed Lost,1463.48,OK,20250921,20260728
OPP02057,REP031,PRD01,3,1,Lead,70.34,OK,20260825,
OPP02058,REP021,PRD09,2,3,Lead,462.59,OK,20251126,
OPP02059,REP026,PRD11,3,5,Lead,1592.9,OK,20260414,
OPP02060,REP040,PRD04,2,2,Proposal,37.56,OK,20260314,
OPP02061,REP008,PRD15,3,2,Qualified,707.26,OK,20251204,
OPP02062,REP038,PRD02,5,2,Closed Won,158.99,OK,20260624,20260705
OPP02063,REP028,PRD06,2,3,Qualified,164.91,OK,20260123,
OPP02064,REP001,PRD14,4,2,Proposal,97.19,OK,20260719,
OPP02065,REP033,PRD15,4,2,Qualified,3206.36,OK,20260817,
OPP02066,REP029,PRD13,4,2,Closed Won,153.49,OK,20260304,20260627
OPP02067,REP016,PRD13,2,2,Qualified,379.92,OK,20260501,
OPP02068,REP019,PRD06,1,2,Qualified,147.94,OK,20260504,
OPP02069,REP011,PRD09,4,2,Lead,175.94,OK,20250930,
OPP02070,REP019,PRD05,1,1,Lead,622.09,OK,20260331,
OPP02071,REP030,PRD15,4,3,Lead,436.17,OK,20260403,
OPP02072,REP004,PRD13,5,4,Lead,222.41,OK,20260624,
OPP02073,REP006,PRD14,2,4,Closed Won,46.12,OK,20251115,20260803
OPP02074,REP031,PRD15,3,2,Lead,211.96,OK,20260220,
OPP02075,REP029,PRD15,4,1,Qualified,1529.59,OK,20250907,
OPP02076,REP028,PRD12,2,4,Closed Lost,314.07,OK,20251016,20260214
OPP02077,REP030,PRD06,4,5,Lead,414.31,OK,20251003,
OPP02078,REP027,PRD14,3,1,Lead,73.07,OK,20260105,
OPP02079,REP021,PRD08,2,4,Qualified,4249.56,OK,20260226,
OPP02080,REP004,PRD06,5,1,Closed Won,135.41,OK,20251002,20251212
OPP02081,REP013,PRD01,5,5,Lead,77.95,OK,20260419,
OPP02082,REP020,PRD11,4,1,Qualified,630.26,OK,20251021,
OPP02083,REP013,PRD13,5,4,Closed Lost,50.87,OK,20260804,20260822
OPP02084,REP032,PRD15,4,2,Qualified,1212.46,OK,20260524,
OPP02085,REP017,PRD08,4,2,Proposal,1953.43,OK,20251019,
OPP02086,REP033,PRD12,4,1,Qualified,169.6,OK,20260428,
OPP02087,REP040,PRD06,2,1,Lead,563.65,OK,20260528,
OPP02088,REP029,PRD06,4,1,Lead,85.47,OK,20251125,
OPP02089,REP016,PRD03,2,4,Qualified,21.08,OK,20260717,
OPP02090,REP009,PRD10,3,3,Closed Won,24.78,OK,20260825,20260902
OPP02091,REP037,PRD10,3,2,Lead,107.27,OK,20251115,
OPP02092,REP035,PRD12,3,2,Lead,335.47,OK,20251110,
OPP02093,REP007,PRD02,3,4,Lead,105.56,OK,20260719,
OPP02094,REP001,PRD03,4,5,Closed Lost,770.06,OK,20260213,20260408
OPP02095,REP003,PRD15,3,4,Closed Lost,1822.73,OK,20251126,20260328
OPP02096,REP005,PRD11,5,1,Qualified,978.65,OK,20260619,
OPP02097,REP001,PRD02,4,4,Lead,28.38,OK,20250814,
OPP02098,REP031,PRD14,3,1,Closed Lost,40.86,OK,20260408,20260409
OPP02099,REP005,PRD08,5,1,Proposal,4589.45,OK,20260715,
OPP02100,REP029,PRD15,4,4,Closed Lost,2501.01,OK,20251018,20260101
OPP02101,REP016,PRD14,2,3,Closed Won,53.52,OK,20260428,20260815
OPP02102,REP038,PRD07,5,1,Proposal,118.46,OK,20260731,
OPP02103,REP010,PRD14,5,1,Lead,105.89,OK,20260723,
OPP02104,REP001,PRD03,4,3,Closed Lost,253.04,OK,20260517,20260820
OPP02105,REP009,PRD05,3,5,Closed Won,407.5,OK,20260522,20260816
OPP02106,REP026,PRD07,3,4,Qualified,99.05,OK,20260718,
OPP02107,REP015,PRD03,4,1,Lead,636.79,OK,20251110,
OPP02108,REP040,PRD02,2,1,Qualified,138.74,OK,20250906,
OPP02109,REP021,PRD08,2,4,Closed Won,1927.71,OK,20250727,20260114
OPP02110,REP009,PRD09,3,5,Lead,187.04,OK,20260215,
OPP02111,REP004,PRD14,5,1,Closed Won,96.62,OK,20250729,20260227
OPP02112,REP039,PRD14,1,2,Proposal,100.18,OK,20251225,
OPP02113,REP013,PRD08,5,2,Lead,5426.94,OK,20260825,
OPP02114,REP010,PRD05,5,4,Qualified,873.97,OK,20260213,
OPP02115,REP009,PRD07,3,3,Proposal,234.31,OK,20251111,
OPP02116,REP011,PRD15,4,1,Qualified,2858.93,OK,20260624,
OPP02117,REP007,PRD03,3,4,Lead,131.23,OK,20260723,
OPP02118,REP016,PRD12,2,4,Closed Lost,189.75,OK,20260804,20260809
OPP02119,REP010,PRD06,5,5,Closed Lost,312.26,OK,20250930,20260112
OPP02120,REP030,PRD14,4,1,Proposal,60.58,OK,20260829,
OPP02121,REP033,PRD09,4,3,Qualified,288.03,OK,20260414,
OPP02122,REP037,PRD01,3,3,Closed Won,4.05,OK,20260829,20260902
OPP02123,REP032,PRD07,4,4,Lead,231.48,OK,20250805,
OPP02124,REP040,PRD05,2,4,Proposal,2377.77,OK,20260611,
OPP02125,REP006,PRD01,2,1,Closed Won,66.71,OK,20260901,20260901
OPP02126,REP023,PRD12,4,1,Closed Lost,331.68,OK,20260530,20260608
OPP02127,REP037,PRD08,3,2,Lead,1276.49,OK,20260112,
OPP02128,REP004,PRD01,5,3,Closed Lost,37.7,OK,20260220,20260304
OPP02129,REP007,PRD14,3,1,Proposal,148.58,OK,20260618,
OPP02130,REP014,PRD02,2,1,Proposal,245.01,OK,20260124,
OPP02131,REP037,PRD06,3,2,Proposal,414.3,OK,20260331,
OPP02132,REP037,PRD10,3,1,Proposal,19.51,OK,20250909,
OPP02133,REP018,PRD06,5,1,Lead,586.43,OK,20260610,
OPP02134,REP025,PRD01,1,1,Closed Lost,66.34,OK,20251003,20260731
OPP02135,REP032,PRD15,4,1,Closed Won,1101.78,OK,20260104,20260326
OPP02136,REP003,PRD07,3,4,Closed Won,298.76,OK,20260402,20260818
OPP02137,REP018,PRD13,5,2,Qualified,123.2,OK,20260601,
OPP02138,REP016,PRD06,2,2,Closed Won,343.27,OK,20251109,20260706
OPP02139,REP027,PRD11,3,3,Lead,1284.92,OK,20251020,
OPP02140,REP003,PRD11,3,2,Closed Won,30.12,OK,20251211,20260301
OPP02141,REP015,PRD13,4,1,Qualified,317.81,OK,20250819,
OPP02142,REP032,PRD15,4,3,Lead,1704.26,OK,20260402,
OPP02143,REP010,PRD12,5,1,Lead,376.21,OK,20260821,
OPP02144,REP014,PRD03,2,1,Lead,793.96,OK,20260207,
OPP02145,REP027,PRD13,3,4,Closed Won,92.37,OK,20260826,20260828
OPP02146,REP034,PRD13,1,4,Closed Lost,163.16,OK,20260312,20260726
OPP02147,REP026,PRD02,3,4,Lead,342.86,OK,20260216,
OPP02148,REP027,PRD10,3,5,Closed Won,25.9,OK,20260213,20260527
OPP02149,REP029,PRD07,4,3,Lead,131.51,OK,20260807,
OPP02150,REP024,PRD07,1,3,Closed Won,165.69,OK,20250915,20251106
OPP02151,REP029,PRD13,4,1,Lead,154.01,OK,20260519,
OPP02152,REP034,PRD05,1,4,Proposal,398.56,OK,20250819,
OPP02153,REP030,PRD11,4,1,Qualified,920.87,OK,20260204,
OPP02154,REP014,PRD08,2,1,Proposal,2003.55,OK,20251010,
OPP02155,REP013,PRD04,5,5,Closed Won,24.76,OK,20251015,20260119
OPP02156,REP012,PRD11,3,1,Proposal,1203.48,OK,20251025,
OPP02157,REP034,PRD09,1,1,Qualified,731.64,OK,20260311,
OPP02158,REP017,PRD08,4,2,Lead,2152.82,OK,20260112,
OPP02159,REP030,PRD10,4,2,Qualified,67.95,OK,20260505,
OPP02160,REP037,PRD11,3,2,Lead,1826.62,OK,20260719,
OPP02161,REP018,PRD15,5,1,Proposal,353.4,OK,20251022,
OPP02162,REP013,PRD06,5,2,Proposal,387.0,OK,20260128,
OPP02163,REP004,PRD04,5,4,Lead,19.3,OK,20260521,
OPP02164,REP009,PRD04,3,4,Lead,10.67,OK,20260421,
OPP02165,REP010,PRD08,5,4,Proposal,2464.35,OK,20260620,
OPP02166,REP039,PRD15,1,2,Lead,1935.73,OK,20250831,
OPP02167,REP026,PRD15,3,2,Qualified,565.34,OK,20250914,
OPP02168,REP023,PRD04,4,2,Lead,82.19,OK,20260512,
OPP02169,REP016,PRD13,2,4,Lead,139.18,OK,20260808,
OPP02170,REP034,PRD09,1,5,Qualified,365.56,OK,20260205,
OPP02171,REP024,PRD14,1,1,Qualified,21.95,OK,20260416,
OPP02172,REP012,PRD10,3,1,Proposal,62.69,OK,20260622,
OPP02173,REP012,PRD12,3,1,Closed Lost,378.26,OK,20260718,20260802
OPP02174,REP036,PRD14,5,1,Qualified,90.33,OK,20250705,
OPP02175,REP026,PRD12,3,5,Closed Lost,95.97,OK,20250914,20260624
OPP02176,REP024,PRD08,1,1,Proposal,2447.68,OK,20260625,
OPP02177,REP002,PRD08,5,1,Lead,820.09,OK,20260408,
OPP02178,REP021,PRD06,2,2,Closed Lost,238.22,OK,20250822,20260627
OPP02179,REP009,PRD12,3,5,Closed Won,489.5,OK,20260823,20260827
OPP02180,REP009,PRD15,3,2,Lead,2851.63,OK,20251220,
OPP02181,REP002,PRD06,5,2,Lead,314.53,OK,20260602,
OPP02182,REP003,PRD10,3,1,Lead,25.19,OK,20251215,
OPP02183,REP027,PRD02,3,2,Closed Lost,111.8,REVIEW,20260723,20260805
OPP02184,REP031,PRD14,3,2,Closed Won,151.67,OK,20260311,20260818
OPP02185,REP010,PRD02,5,4,Qualified,24.25,OK,20260209,
OPP02186,REP031,PRD01,3,3,Lead,62.28,OK,20260323,
OPP02187,REP025,PRD11,1,2,Lead,1216.27,OK,20251013,
OPP02188,REP040,PRD05,2,2,Closed Won,197.64,OK,20260715,20260817
OPP02189,REP037,PRD13,3,2,Qualified,172.26,OK,20250810,
OPP02190,REP005,PRD14,5,4,Closed Won,9.13,OK,20250808,20251024
OPP02191,REP002,PRD15,5,1,Qualified,1171.56,OK,20260625,
OPP02192,REP040,PRD14,2,2,Qualified,53.52,OK,20250716,
OPP02193,REP029,PRD15,4,4,Proposal,622.91,OK,20251008,
OPP02194,REP037,PRD13,3,4,Proposal,217.49,OK,20251103,
OPP02195,REP024,PRD08,1,3,Lead,3957.22,OK,20260611,
OPP02196,REP008,PRD02,3,1,Lead,210.16,OK,20260623,
OPP02197,REP035,PRD11,3,4,Qualified,787.77,OK,20250704,
OPP02198,REP012,PRD03,3,3,Qualified,505.49,OK,20260601,
OPP02199,REP028,PRD15,2,1,Qualified,703.91,OK,20251208,
OPP02200,REP029,PRD14,4,3,Lead,36.7,OK,20251014,
OPP02201,REP001,PRD11,4,1,Lead,3534.82,OK,20260223,
OPP02202,REP002,PRD02,5,5,Lead,369.4,OK,20251104,
OPP02203,REP016,PRD14,2,2,Qualified,60.82,OK,20260201,
OPP02204,REP032,PRD09,4,2,Qualified,131.92,OK,20250914,
OPP02205,REP033,PRD12,4,2,Closed Lost,149.77,OK,20260409,20260527
OPP02206,REP014,PRD06,2,2,Qualified,174.43,OK,20250906,
OPP02207,REP036,PRD04,5,2,Lead,39.57,OK,20260418,
OPP02208,REP013,PRD07,5,3,Lead,91.41,OK,20251109,
OPP02209,REP023,PRD09,4,4,Qualified,384.64,OK,20250813,
OPP02210,REP030,PRD10,4,4,Lead,38.8,OK,20260507,
OPP02211,REP038,PRD03,5,4,Lead,535.33,OK,20260226,
OPP02212,REP007,PRD13,3,2,Lead,424.23,OK,20260101,
OPP02213,REP007,PRD04,3,2,Proposal,5.49,OK,20260602,
OPP02214,REP037,PRD14,3,5,Qualified,165.26,OK,20250912,
OPP02215,REP013,PRD04,5,4,Proposal,30.93,OK,20250915,
OPP02216,REP032,PRD06,4,3,Qualified,274.03,OK,20250704,
OPP02217,REP038,PRD02,5,4,Qualified,88.21,OK,20251216,
OPP02218,REP039,PRD07,1,4,Lead,63.11,OK,20260709,
OPP02219,REP030,PRD11,4,3,Lead,2259.71,OK,20250902,
OPP02220,REP024,PRD09,1,4,Lead,383.06,OK,20251015,
OPP02221,REP030,PRD10,4,4,Qualified,26.79,OK,20251226,
OPP02222,REP017,PRD01,4,1,Closed Lost,130.91,OK,20260811,20260827
OPP02223,REP021,PRD03,2,2,Qualified,258.38,OK,20260614,
OPP02224,REP027,PRD02,3,3,Lead,189.52,OK,20250711,
OPP02225,REP016,PRD04,2,1,Qualified,107.82,OK,20250710,
OPP02226,REP008,PRD02,3,1,Qualified,33.26,OK,20260327,
OPP02227,REP032,PRD15,4,1,Lead,2104.47,OK,20251005,
OPP02228,REP035,PRD11,3,1,Closed Lost,2366.43,OK,20260528,20260622
OPP02229,REP039,PRD11,1,4,Proposal,641.52,OK,20260710,
OPP02230,REP024,PRD05,1,1,Qualified,660.25,OK,20250828,
OPP02231,REP004,PRD07,5,1,Lead,70.81,OK,20251228,
OPP02232,REP009,PRD02,3,2,Lead,139.45,OK,20260427,
OPP02233,REP031,PRD02,3,1,Closed Lost,120.26,OK,20250911,20260621
OPP02234,REP012,PRD05,3,3,Proposal,268.52,OK,20250921,
OPP02235,REP012,PRD13,3,1,Proposal,105.3,OK,20250922,
OPP02236,REP037,PRD06,3,1,Qualified,104.93,OK,20260304,
OPP02237,REP005,PRD05,5,2,Lead,274.9,OK,20260415,
OPP02238,REP035,PRD07,3,1,Closed Won,99.17,OK,20260221,20260319
OPP02239,REP005,PRD01,5,4,Proposal,56.38,OK,20260427,
OPP02240,REP033,PRD12,4,5,Qualified,174.69,OK,20251015,
OPP02241,REP039,PRD06,1,5,Lead,296.32,OK,20251022,
OPP02242,REP009,PRD14,3,1,Lead,106.16,OK,20250826,
OPP02243,REP014,PRD14,2,1,Qualified,109.79,OK,20260820,
OPP02244,REP035,PRD13,3,4,Lead,57.39,OK,20250710,
OPP02245,REP023,PRD15,4,2,Proposal,265.64,OK,20251108,
OPP02246,REP011,PRD10,4,4,Qualified,68.2,OK,20260610,
OPP02247,REP025,PRD03,1,1,Lead,268.78,OK,20260402,
OPP02248,REP040,PRD08,2,2,Closed Lost,3202.33,OK,20251216,20260816
OPP02249,REP026,PRD06,3,3,Qualified,322.1,OK,20251029,
OPP02250,REP026,PRD05,3,1,Proposal,285.86,OK,20260519,
OPP02251,REP036,PRD04,5,1,Qualified,32.12,OK,20260612,
OPP02252,REP026,PRD05,3,2,Proposal,241.33,OK,20251219,
OPP02253,REP006,PRD13,2,1,Closed Lost,222.62,OK,20250909,20260823
OPP02254,REP034,PRD09,1,1,Closed Won,147.57,OK,20250920,20251113
OPP02255,REP009,PRD09,3,1,Lead,256.29,OK,20251007,
OPP02256,REP008,PRD07,3,1,Lead,100.62,OK,20260428,
OPP02257,REP010,PRD07,5,3,Qualified,104.35,OK,20260403,
OPP02258,REP019,PRD04,1,4,Lead,111.58,OK,20260602,
OPP02259,REP018,PRD08,5,1,Qualified,546.49,OK,20260305,
OPP02260,REP009,PRD04,3,1,Lead,75.39,OK,20251020,
OPP02261,REP036,PRD05,5,4,Closed Won,602.96,OK,20260112,20260429
OPP02262,REP004,PRD09,5,3,Lead,390.89,OK,20250907,
OPP02263,REP030,PRD10,4,2,Lead,52.98,OK,20260112,
OPP02264,REP019,PRD12,1,1,Lead,599.2,OK,20260210,
OPP02265,REP018,PRD10,5,2,Proposal,78.63,OK,20250724,
OPP02266,REP012,PRD13,3,4,Closed Won,327.27,OK,20260223,20260403
OPP02267,REP007,PRD10,3,1,Qualified,44.08,OK,20260810,
OPP02268,REP033,PRD09,4,3,Lead,370.18,OK,20260803,
OPP02269,REP005,PRD01,5,3,Qualified,67.73,OK,20251127,
OPP02270,REP020,PRD01,4,2,Proposal,63.47,OK,20260504,
OPP02271,REP009,PRD07,3,1,Proposal,246.63,OK,20260218,
OPP02272,REP019,PRD09,1,2,Closed Won,216.36,OK,20250815,20260615
OPP02273,REP015,PRD14,4,1,Lead,304.62,OK,20260105,
OPP02274,REP015,PRD03,4,1,Proposal,437.26,OK,20260723,
OPP02275,REP033,PRD11,4,5,Closed Won,1572.63,OK,20260429,20260520
OPP02276,REP020,PRD08,4,1,Lead,2916.99,OK,20260107,
OPP02277,REP030,PRD14,4,5,Proposal,51.15,OK,20260727,
OPP02278,REP011,PRD09,4,2,Qualified,112.76,OK,20250828,
OPP02279,REP027,PRD01,3,1,Proposal,18.53,OK,20260818,
OPP02280,REP040,PRD10,2,2,Closed Lost,16.4,OK,20250713,20260419
OPP02281,REP021,PRD14,2,2,Lead,21.13,OK,20260306,
OPP02282,REP014,PRD09,2,4,Qualified,318.68,OK,20251014,
OPP02283,REP003,PRD04,3,4,Proposal,85.09,OK,20260430,
OPP02284,REP006,PRD07,2,2,Closed Lost,46.37,OK,20260526,20260804
OPP02285,REP035,PRD06,3,1,Qualified,146.66,OK,20260901,
OPP02286,REP023,PRD08,4,3,Proposal,1127.03,OK,20251115,
OPP02287,REP040,PRD11,2,1,Lead,637.69,OK,20260704,
OPP02288,REP039,PRD04,1,5,Qualified,43.86,OK,20250829,
OPP02289,REP036,PRD05,5,4,Proposal,993.29,OK,20250716,
OPP02290,REP026,PRD14,3,5,Lead,205.98,OK,20250825,
OPP02291,REP035,PRD11,3,2,Proposal,1867.48,OK,20250714,
OPP02292,REP037,PRD10,3,1,Lead,23.2,OK,20260123,
OPP02293,REP010,PRD11,5,2,Proposal,2581.85,OK,20251218,
OPP02294,REP020,PRD15,4,1,Closed Lost,2609.31,OK,20250803,20250918
OPP02295,REP032,PRD12,4,1,Lead,264.35,OK,20260509,
OPP02296,REP021,PRD04,2,1,Lead,91.26,OK,20260801,
OPP02297,REP002,PRD14,5,2,Lead,66.95,OK,20260211,
OPP02298,REP009,PRD05,3,2,Lead,1171.61,OK,20260728,
OPP02299,REP030,PRD14,4,2,Closed Lost,36.96,OK,20260522,20260812
OPP02300,REP007,PRD07,3,1,Proposal,148.21,OK,20260512,
OPP02301,REP018,PRD05,5,2,Lead,1092.01,OK,20250906,
OPP02302,REP014,PRD02,2,4,Closed Lost,33.74,OK,20260824,20260830
OPP02303,REP034,PRD01,1,1,Proposal,11.5,OK,20251030,
OPP02304,REP017,PRD08,4,3,Qualified,1361.22,OK,20260204,
OPP02305,REP030,PRD15,4,3,Lead,1554.84,OK,20250906,
OPP02306,REP006,PRD11,2,1,Lead,2316.95,OK,20260301,
OPP02307,REP011,PRD13,4,1,Proposal,39.67,OK,20250903,
OPP02308,REP027,PRD05,3,1,Lead,260.41,OK,20260805,
OPP02309,REP029,PRD12,4,2,Closed Won,253.3,OK,20251208,20260206
OPP02310,REP018,PRD07,5,2,Proposal,86.21,OK,20260824,
OPP02311,REP021,PRD07,2,2,Qualified,42.18,OK,20260314,
OPP02312,REP012,PRD14,3,1,Lead,207.8,OK,20260503,
OPP02313,REP038,PRD15,5,4,Proposal,4143.91,OK,20250824,
OPP02314,REP034,PRD03,1,1,Lead,234.3,OK,20260301,
OPP02315,REP031,PRD08,3,3,Lead,1624.37,OK,20260608,
OPP02316,REP029,PRD02,4,2,Lead,275.45,OK,20260105,
OPP02317,REP011,PRD07,4,4,Lead,78.91,OK,20250817,
OPP02318,REP025,PRD07,1,2,Qualified,97.24,OK,20260109,
OPP02319,REP040,PRD09,2,4,Proposal,542.34,OK,20250908,
OPP02320,REP015,PRD05,4,2,Lead,1566.43,OK,20260606,
OPP02321,REP037,PRD13,3,1,Closed Won,156.29,OK,20251002,20260327
OPP02322,REP004,PRD15,5,1,Qualified,640.95,OK,20250815,
OPP02323,REP040,PRD15,2,2,Closed Lost,838.85,OK,20260301,20260708
OPP02324,REP018,PRD07,5,2,Qualified,173.04,OK,20251117,
OPP02325,REP013,PRD11,5,3,Qualified,2392.2,OK,20251004,
OPP02326,REP024,PRD10,1,5,Closed Won,26.75,OK,20250713,20251027
OPP02327,REP036,PRD10,5,4,Qualified,59.64,OK,20250712,
OPP02328,REP024,PRD09,1,1,Qualified,970.0,OK,20251108,
OPP02329,REP017,PRD09,4,1,Closed Lost,110.11,OK,20260724,20260809
OPP02330,REP010,PRD04,5,2,Lead,74.11,OK,20260814,
OPP02331,REP005,PRD01,5,1,Qualified,15.51,OK,20260809,
OPP02332,REP018,PRD14,5,4,Qualified,56.73,OK,20260121,
OPP02333,REP021,PRD15,2,3,Lead,1276.54,OK,20251110,
OPP02334,REP010,PRD07,5,3,Lead,134.0,OK,20260418,
OPP02335,REP002,PRD15,5,5,Lead,5928.38,OK,20251010,
OPP02336,REP004,PRD15,5,1,Lead,249.38,OK,20260128,
OPP02337,REP025,PRD04,1,4,Closed Won,90.67,OK,20251003,20260729
OPP02338,REP010,PRD02,5,4,Qualified,0.0,REVIEW,20250726,
OPP02339,REP029,PRD05,4,1,Qualified,1415.84,OK,20260321,
OPP02340,REP017,PRD11,4,4,Qualified,2287.5,OK,20260602,
OPP02341,REP013,PRD02,5,2,Qualified,158.16,OK,20260131,
OPP02342,REP006,PRD13,2,1,Proposal,209.8,OK,20260814,
OPP02343,REP023,PRD13,4,2,Closed Won,198.98,OK,20250822,20251202
OPP02344,REP026,PRD02,3,2,Qualified,136.54,OK,20250901,
OPP02345,REP025,PRD03,1,1,Closed Lost,131.06,OK,20260724,20260815
OPP02346,REP037,PRD15,3,3,Lead,1295.55,OK,20260804,
OPP02347,REP031,PRD06,3,2,Proposal,311.87,OK,20260409,
OPP02348,REP009,PRD07,3,2,Closed Won,33.44,OK,20250816,20260226
OPP02349,REP034,PRD08,1,2,Closed Lost,2573.07,OK,20251110,20260401
OPP02350,REP036,PRD07,5,3,Lead,13.69,OK,20251103,
OPP02351,REP023,PRD10,4,2,Qualified,39.73,OK,20260118,
OPP02352,REP002,PRD06,5,2,Proposal,255.18,OK,20250921,
OPP02353,REP010,PRD11,5,1,Lead,435.29,OK,20251001,
OPP02354,REP040,PRD15,2,2,Qualified,3629.42,OK,20251228,
OPP02355,REP002,PRD06,5,5,Closed Won,34.84,OK,20260803,20260803
OPP02356,REP026,PRD14,3,3,Proposal,155.33,OK,20250807,
OPP02357,REP001,PRD14,4,1,Closed Won,50.03,OK,20250713,20260118
OPP02358,REP026,PRD12,3,3,Closed Lost,908.4,OK,20250808,20260809
OPP02359,REP011,PRD05,4,4,Lead,685.23,OK,20260412,
OPP02360,REP033,PRD09,4,4,Lead,345.45,OK,20260427,
OPP02361,REP009,PRD02,3,1,Lead,113.44,OK,20251028,
OPP02362,REP016,PRD06,2,4,Qualified,309.51,OK,20251120,
OPP02363,REP040,PRD03,2,3,Closed Lost,294.02,OK,20250731,20260621
OPP02364,REP031,PRD08,3,2,Lead,1503.54,OK,20251225,
OPP02365,REP027,PRD08,3,3,Closed Won,1697.5,OK,20260310,20260427
OPP02366,REP004,PRD05,5,3,Lead,1256.39,OK,20260523,
OPP02367,REP015,PRD07,4,1,Lead,69.33,OK,20260309,
OPP02368,REP034,PRD11,1,4,Closed Lost,1347.72,OK,20260130,20260301
OPP02369,REP034,PRD10,1,3,Closed Lost,114.74,OK,20260419,20260512
OPP02370,REP013,PRD03,5,1,Qualified,404.6,OK,20260728,
OPP02371,REP033,PRD04,4,2,Closed Won,34.38,OK,20250813,20251021
OPP02372,REP036,PRD15,5,2,Proposal,2229.61,OK,20251224,
OPP02373,REP035,PRD04,3,2,Lead,86.38,OK,20260808,
OPP02374,REP026,PRD04,3,1,Closed Lost,61.84,OK,20250808,20260615
OPP02375,REP035,PRD06,3,2,Lead,35.54,OK,20250826,
OPP02376,REP025,PRD12,1,5,Qualified,484.55,OK,20260630,
OPP02377,REP029,PRD07,4,3,Lead,49.63,OK,20260208,
OPP02378,REP028,PRD04,2,1,Proposal,103.36,OK,20260302,
OPP02379,REP006,PRD05,2,5,Closed Lost,781.74,OK,20260315,20260331
OPP02380,REP002,PRD14,5,1,Closed Won,84.28,OK,20260623,20260623
OPP02381,REP004,PRD14,5,3,Lead,94.93,OK,20260416,
OPP02382,REP024,PRD01,1,2,Closed Won,53.9,OK,20251206,20260329
OPP02383,REP013,PRD08,5,2,Proposal,3943.38,OK,20260225,
OPP02384,REP008,PRD10,3,4,Lead,109.74,OK,20260108,
OPP02385,REP008,PRD02,3,4,Lead,49.67,OK,20260629,
OPP02386,REP031,PRD06,3,3,Closed Won,68.86,OK,20260416,20260808
OPP02387,REP032,PRD09,4,1,Proposal,793.32,OK,20260722,
OPP02388,REP001,PRD14,4,3,Lead,71.21,OK,20251202,
OPP02389,REP039,PRD10,1,2,Closed Won,10.64,OK,20260901,20260901
OPP02390,REP018,PRD13,5,1,Closed Won,110.95,OK,20251028,20251030
OPP02391,REP004,PRD08,5,1,Closed Won,988.2,OK,20260518,20260522
OPP02392,REP024,PRD08,1,2,Qualified,938.4,OK,20251231,
OPP02393,REP007,PRD10,3,3,Qualified,24.22,OK,20260828,
OPP02394,REP005,PRD05,5,5,Lead,297.09,OK,20260330,
OPP02395,REP011,PRD07,4,3,Proposal,77.48,OK,20250711,
OPP02396,REP037,PRD07,3,3,Proposal,115.89,OK,20260321,
OPP02397,REP008,PRD10,3,2,Qualified,10.3,OK,20250705,
OPP02398,REP004,PRD02,5,4,Closed Won,89.68,OK,20260422,20260620
OPP02399,REP028,PRD02,2,4,Lead,87.42,OK,20250922,
OPP02400,REP008,PRD03,3,5,Qualified,824.37,OK,20251210,
OPP02401,REP037,PRD09,3,4,Proposal,220.46,OK,20260819,
OPP02402,REP024,PRD06,1,4,Proposal,185.15,OK,20260104,
OPP02403,REP026,PRD12,3,2,Qualified,191.58,OK,20260526,
OPP02404,REP020,PRD06,4,3,Lead,185.02,OK,20260721,
OPP02405,REP025,PRD11,1,1,Proposal,3343.33,OK,20250819,
OPP02406,REP030,PRD09,4,5,Lead,218.78,OK,20251022,
OPP02407,REP037,PRD07,3,2,Proposal,73.38,OK,20260206,
OPP02408,REP009,PRD04,3,2,Proposal,92.53,OK,20250914,
OPP02409,REP037,PRD06,3,3,Lead,36.25,OK,20250807,
OPP02410,REP008,PRD02,3,1,Lead,364.41,OK,20251230,
OPP02411,REP002,PRD09,5,3,Qualified,148.08,OK,20260811,
OPP02412,REP009,PRD03,3,2,Proposal,801.75,OK,20260520,
OPP02413,REP024,PRD07,1,5,Lead,31.68,OK,20260419,
OPP02414,REP014,PRD12,2,2,Closed Won,446.2,OK,20260625,20260703
OPP02415,REP038,PRD05,5,2,Lead,564.93,OK,20250916,
OPP02416,REP040,PRD03,2,1,Qualified,69.56,OK,20260731,
OPP02417,REP006,PRD14,2,3,Qualified,78.92,OK,20251015,
OPP02418,REP001,PRD02,4,2,Proposal,283.35,OK,20260506,
OPP02419,REP021,PRD11,2,4,Closed Won,1492.34,OK,20250831,20260417
OPP02420,REP040,PRD11,2,1,Closed Lost,199.65,OK,20250821,20260205
OPP02421,REP020,PRD11,4,1,Qualified,758.2,OK,20251013,
OPP02422,REP010,PRD02,5,5,Lead,33.38,OK,20260103,
OPP02423,REP005,PRD02,5,4,Proposal,292.17,OK,20260215,
OPP02424,REP037,PRD04,3,1,Lead,24.85,OK,20260122,
OPP02425,REP018,PRD04,5,3,Proposal,138.38,OK,20260305,
OPP02426,REP025,PRD08,1,1,Closed Won,0.0,REVIEW,20260505,20260707
OPP02427,REP039,PRD11,1,2,Proposal,79.29,OK,20260308,
OPP02428,REP022,PRD14,5,1,Lead,138.24,OK,20260620,
OPP02429,REP019,PRD07,1,1,Lead,79.9,OK,20260131,
OPP02430,REP037,PRD08,3,1,Closed Won,1676.47,OK,20260101,20260130
OPP02431,REP003,PRD07,3,1,Proposal,138.31,OK,20251208,
OPP02432,REP005,PRD05,5,2,Lead,1137.25,OK,20251017,
OPP02433,REP034,PRD02,1,1,Qualified,127.87,OK,20250926,
OPP02434,REP035,PRD09,3,1,Closed Lost,314.87,OK,20251101,20251212
OPP02435,REP010,PRD12,5,2,Proposal,264.22,OK,20251108,
OPP02436,REP029,PRD04,4,5,Proposal,73.72,OK,20260618,
OPP02437,REP013,PRD06,5,2,Proposal,138.35,OK,20260630,
OPP02438,REP036,PRD02,5,1,Lead,149.09,OK,20260304,
OPP02439,REP024,PRD12,1,1,Lead,182.4,OK,20260515,
OPP02440,REP025,PRD05,1,4,Closed Won,511.12,OK,20251005,20260501
OPP02441,REP023,PRD12,4,2,Proposal,530.66,OK,20260408,
OPP02442,REP019,PRD02,1,5,Closed Won,95.86,OK,20251212,20260605
OPP02443,REP031,PRD02,3,1,Lead,66.48,OK,20260228,
OPP02444,REP040,PRD13,2,4,Qualified,313.72,OK,20260628,
OPP02445,REP024,PRD09,1,3,Proposal,847.16,OK,20260125,
OPP02446,REP025,PRD11,1,2,Proposal,1374.84,OK,20251005,
OPP02447,REP009,PRD06,3,2,Closed Lost,362.58,OK,20250912,20251112
OPP02448,REP035,PRD13,3,3,Qualified,152.72,OK,20260225,
OPP02449,REP005,PRD04,5,1,Qualified,21.77,OK,20250804,
OPP02450,REP034,PRD12,1,2,Closed Won,320.79,OK,20251218,20260424
OPP02451,REP005,PRD07,5,1,Closed Won,64.07,OK,20251027,20251201
OPP02452,REP015,PRD04,4,3,Lead,28.19,OK,20260112,
OPP02453,REP019,PRD04,1,3,Lead,89.96,OK,20260406,
OPP02454,REP023,PRD15,4,2,Lead,643.54,OK,20260507,
OPP02455,REP005,PRD09,5,1,Qualified,181.46,OK,20260806,
OPP02456,REP021,PRD03,2,4,Lead,958.14,OK,20250811,
OPP02457,REP014,PRD07,2,2,Proposal,107.17,OK,20260221,
OPP02458,REP017,PRD13,4,2,Qualified,224.49,OK,20260122,
OPP02459,REP022,PRD01,5,2,Lead,45.51,OK,20251116,
OPP02460,REP030,PRD05,4,1,Lead,1116.15,OK,20250728,
OPP02461,REP016,PRD03,2,1,Lead,1085.68,OK,20260514,
OPP02462,REP028,PRD13,2,5,Closed Won,18.51,OK,20260620,20260812
OPP02463,REP035,PRD03,3,1,Proposal,284.76,OK,20260114,
OPP02464,REP013,PRD07,5,3,Qualified,64.19,OK,20250915,
OPP02465,REP004,PRD14,5,4,Qualified,52.16,OK,20260627,
OPP02466,REP013,PRD11,5,1,Qualified,2335.16,OK,20250921,
OPP02467,REP001,PRD05,4,4,Closed Won,590.62,OK,20251020,20251206
OPP02468,REP001,PRD02,4,2,Lead,218.84,OK,20250713,
OPP02469,REP028,PRD01,2,1,Proposal,20.02,OK,20250820,
OPP02470,REP017,PRD13,4,4,Closed Lost,70.86,OK,20251223,20260211
OPP02471,REP012,PRD06,3,2,Lead,501.23,OK,20251204,
OPP02472,REP011,PRD08,4,1,Proposal,404.47,OK,20260511,
OPP02473,REP036,PRD02,5,5,Closed Lost,423.92,OK,20260419,20260830
OPP02474,REP013,PRD07,5,1,Closed Won,226.91,OK,20250907,20260421
OPP02475,REP012,PRD04,3,2,Proposal,71.48,OK,20260121,
OPP02476,REP033,PRD06,4,2,Lead,157.18,OK,20250831,
OPP02477,REP038,PRD02,5,1,Lead,77.02,OK,20250720,
OPP02478,REP007,PRD07,3,2,Lead,38.66,OK,20250823,
OPP02479,REP031,PRD15,3,4,Qualified,2877.39,OK,20251204,
OPP02480,REP012,PRD07,3,2,Proposal,44.94,OK,20260613,
OPP02481,REP021,PRD04,2,1,Lead,36.06,OK,20251012,
OPP02482,REP020,PRD02,4,4,Lead,19.62,OK,20250913,
OPP02483,REP030,PRD02,4,1,Proposal,125.56,OK,20260318,
OPP02484,REP021,PRD09,2,1,Proposal,130.18,OK,20251007,
OPP02485,REP002,PRD06,5,2,Proposal,246.39,OK,20250806,
OPP02486,REP005,PRD03,5,2,Lead,421.32,OK,20260627,
OPP02487,REP004,PRD11,5,2,Proposal,3856.33,OK,20250812,
OPP02488,REP018,PRD09,5,2,Closed Won,277.43,OK,20251111,20260621
OPP02489,REP009,PRD12,3,4,Proposal,34.06,OK,20260605,
OPP02490,REP026,PRD07,3,3,Lead,56.98,OK,20260506,
OPP02491,REP033,PRD13,4,2,Qualified,142.85,OK,20260724,
OPP02492,REP037,PRD15,3,3,Lead,526.31,OK,20250726,
OPP02493,REP027,PRD02,3,1,Lead,151.36,OK,20260427,
OPP02494,REP026,PRD11,3,4,Lead,1205.75,OK,20260531,
OPP02495,REP012,PRD09,3,1,Lead,626.92,OK,20251115,
OPP02496,REP022,PRD15,5,2,Closed Lost,318.31,OK,20260404,20260515
OPP02497,REP038,PRD06,5,2,Closed Won,187.61,OK,20251126,20260312
OPP02498,REP017,PRD12,4,2,Closed Lost,410.42,OK,20260206,20260729
OPP02499,REP030,PRD10,4,1,Lead,45.53,OK,20251027,
OPP02500,REP020,PRD03,4,1,Qualified,667.13,OK,20250730,
OPP02501,REP021,PRD08,2,2,Qualified,1575.44,OK,20260110,
OPP02502,REP010,PRD02,5,2,Lead,154.69,OK,20260218,
OPP02503,REP033,PRD03,4,5,Lead,42.56,OK,20260726,
OPP02504,REP010,PRD03,5,4,Proposal,149.93,OK,20260520,
OPP02505,REP025,PRD05,1,4,Proposal,311.63,OK,20260711,
OPP02506,REP017,PRD06,4,3,Lead,341.6,OK,20250820,
OPP02507,REP033,PRD08,4,2,Qualified,2966.44,OK,20250910,
OPP02508,REP035,PRD03,3,4,Closed Won,437.91,OK,20260206,20260704
OPP02509,REP023,PRD15,4,4,Lead,4535.9,OK,20251018,
OPP02510,REP033,PRD09,4,2,Closed Lost,62.1,OK,20260525,20260702
OPP02511,REP008,PRD10,3,3,Closed Won,11.14,OK,20260816,20260822
OPP02512,REP029,PRD14,4,2,Qualified,78.31,OK,20260830,
OPP02513,REP023,PRD14,4,5,Proposal,28.31,OK,20250719,
OPP02514,REP023,PRD10,4,2,Lead,85.88,OK,20260427,
OPP02515,REP022,PRD03,5,1,Proposal,713.79,OK,20260408,
OPP02516,REP034,PRD03,1,1,Qualified,930.14,OK,20260711,
OPP02517,REP006,PRD13,2,5,Lead,127.11,OK,20260830,
OPP02518,REP031,PRD08,3,4,Qualified,2159.27,OK,20260715,
OPP02519,REP002,PRD04,5,2,Proposal,42.68,OK,20260328,
OPP02520,REP010,PRD02,5,3,Lead,71.07,OK,20260729,
OPP02521,REP017,PRD09,4,2,Proposal,471.14,OK,20260310,
OPP02522,REP012,PRD13,3,2,Lead,46.65,OK,20260501,
OPP02523,REP011,PRD03,4,4,Qualified,229.5,OK,20260130,
OPP02524,REP014,PRD02,2,1,Qualified,112.99,OK,20251120,
OPP02525,REP016,PRD13,2,1,Qualified,139.79,OK,20250724,
OPP02526,REP024,PRD01,1,3,Proposal,44.52,OK,20260308,
OPP02527,REP031,PRD06,3,2,Qualified,159.79,OK,20251221,
OPP02528,REP039,PRD09,1,5,Closed Won,513.34,OK,20250726,20260301
OPP02529,REP015,PRD07,4,1,Lead,32.73,OK,20250818,
OPP02530,REP013,PRD02,5,2,Lead,148.57,OK,20260705,
OPP02531,REP005,PRD01,5,5,Lead,86.71,OK,20260819,
OPP02532,REP028,PRD04,2,2,Lead,86.27,OK,20260407,
OPP02533,REP028,PRD13,2,2,Lead,263.0,OK,20251231,
OPP02534,REP020,PRD07,4,3,Qualified,103.44,OK,20251104,
OPP02535,REP012,PRD02,3,1,Qualified,107.23,OK,20250919,
OPP02536,REP031,PRD14,3,1,Lead,326.18,OK,20260112,
OPP02537,REP003,PRD08,3,3,Lead,779.76,OK,20260107,
OPP02538,REP017,PRD11,4,2,Qualified,2607.69,OK,20260127,
OPP02539,REP030,PRD07,4,3,Qualified,152.85,OK,20260822,
OPP02540,REP022,PRD02,5,2,Proposal,211.48,OK,20250816,
OPP02541,REP019,PRD05,1,2,Closed Won,564.42,OK,20251221,20260801
OPP02542,REP021,PRD08,2,3,Lead,2829.12,OK,20260501,
OPP02543,REP013,PRD07,5,5,Proposal,329.2,OK,20260405,
OPP02544,REP020,PRD08,4,5,Lead,3564.4,OK,20251115,
OPP02545,REP026,PRD10,3,4,Qualified,78.95,OK,20251117,
OPP02546,REP033,PRD09,4,5,Qualified,116.18,OK,20260103,
OPP02547,REP006,PRD15,2,4,Proposal,732.37,OK,20260308,
OPP02548,REP011,PRD03,4,2,Lead,598.51,OK,20260408,
OPP02549,REP027,PRD13,3,2,Closed Won,73.82,OK,20250725,20260424
OPP02550,REP030,PRD14,4,5,Lead,3.72,OK,20251022,
OPP02551,REP016,PRD03,2,1,Lead,1826.46,OK,20251127,
OPP02552,REP028,PRD08,2,1,Lead,3604.47,OK,20260721,
OPP02553,REP037,PRD10,3,4,Lead,35.79,OK,20260829,
OPP02554,REP032,PRD14,4,2,Proposal,279.37,OK,20260301,
OPP02555,REP030,PRD07,4,1,Qualified,71.21,OK,20251117,
OPP02556,REP010,PRD04,5,3,Lead,75.21,OK,20260719,
OPP02557,REP006,PRD08,2,4,Qualified,3036.93,OK,20250802,
OPP02558,REP023,PRD09,4,1,Qualified,468.73,OK,20250912,
OPP02559,REP013,PRD01,5,2,Qualified,125.57,OK,20250816,
OPP02560,REP024,PRD14,1,4,Lead,95.99,OK,20251231,
OPP02561,REP032,PRD14,4,1,Closed Won,184.37,OK,20251220,20251227
OPP02562,REP014,PRD03,2,3,Lead,427.28,OK,20260816,
OPP02563,REP017,PRD11,4,2,Proposal,3337.41,OK,20260710,
OPP02564,REP022,PRD15,5,1,Qualified,720.75,OK,20250704,
OPP02565,REP025,PRD09,1,1,Lead,679.62,OK,20260318,
OPP02566,REP004,PRD03,5,3,Lead,72.25,OK,20251207,
OPP02567,REP027,PRD07,3,2,Qualified,35.66,OK,20251013,
OPP02568,REP007,PRD04,3,1,Closed Won,18.33,OK,20260325,20260811
OPP02569,REP008,PRD13,3,3,Lead,126.5,OK,20251118,
OPP02570,REP019,PRD03,1,1,Closed Lost,361.09,OK,20260312,20260323
OPP02571,REP025,PRD12,1,1,Qualified,232.77,OK,20250721,
OPP02572,REP003,PRD04,3,3,Qualified,25.59,OK,20251026,
OPP02573,REP032,PRD06,4,4,Proposal,202.62,OK,20251022,
OPP02574,REP019,PRD11,1,1,Qualified,2300.62,OK,20250928,
OPP02575,REP016,PRD03,2,4,Proposal,294.6,OK,20260816,
OPP02576,REP034,PRD03,1,4,Closed Lost,645.09,OK,20260413,20260427
OPP02577,REP006,PRD09,2,5,Qualified,451.53,OK,20260420,
OPP02578,REP030,PRD07,4,1,Proposal,276.71,OK,20260507,
OPP02579,REP004,PRD09,5,2,Proposal,203.88,OK,20250920,
OPP02580,REP005,PRD07,5,2,Proposal,140.75,OK,20260322,
OPP02581,REP016,PRD15,2,1,Lead,3975.89,OK,20260223,
OPP02582,REP008,PRD06,3,4,Qualified,252.11,OK,20260311,
OPP02583,REP011,PRD13,4,2,Lead,129.17,OK,20251017,
OPP02584,REP038,PRD09,5,1,Lead,461.43,OK,20251103,
OPP02585,REP012,PRD02,3,1,Qualified,191.2,OK,20260608,
OPP02586,REP008,PRD11,3,1,Qualified,1225.49,OK,20260717,
OPP02587,REP033,PRD15,4,1,Proposal,345.51,OK,20260307,
OPP02588,REP023,PRD07,4,3,Qualified,78.64,OK,20251116,
OPP02589,REP019,PRD08,1,1,Qualified,3151.81,OK,20260407,
OPP02590,REP021,PRD01,2,2,Lead,83.37,OK,20251224,
OPP02591,REP040,PRD05,2,3,Lead,1045.48,OK,20251117,
OPP02592,REP033,PRD01,4,1,Qualified,58.06,OK,20260423,
OPP02593,REP009,PRD08,3,2,Proposal,991.41,OK,20260227,
OPP02594,REP011,PRD08,4,1,Qualified,4104.65,OK,20260217,
OPP02595,REP005,PRD02,5,1,Lead,177.39,OK,20251010,
OPP02596,REP004,PRD09,5,2,Qualified,160.2,OK,20251119,
OPP02597,REP005,PRD01,5,3,Qualified,86.04,OK,20250705,
OPP02598,REP015,PRD06,4,4,Closed Lost,555.16,OK,20260504,20260822
OPP02599,REP031,PRD15,3,2,Lead,718.58,OK,20250729,
OPP02600,REP006,PRD12,2,5,Closed Won,103.88,OK,20251122,20260713
OPP02601,REP018,PRD10,5,1,Lead,106.55,OK,20260308,
OPP02602,REP008,PRD14,3,1,Lead,37.53,OK,20251222,
OPP02603,REP030,PRD06,4,1,Lead,599.4,OK,20250922,
OPP02604,REP026,PRD05,3,2,Qualified,527.59,OK,20260724,
OPP02605,REP033,PRD08,4,3,Lead,5470.03,OK,20251021,
OPP02606,REP018,PRD14,5,4,Lead,188.64,OK,20260318,
OPP02607,REP032,PRD12,4,1,Lead,25.0,OK,20250902,
OPP02608,REP007,PRD06,3,1,Lead,74.29,OK,20260104,
OPP02609,REP038,PRD11,5,2,Lead,709.37,OK,20260330,
OPP02610,REP035,PRD15,3,2,Lead,1068.96,OK,20260309,
OPP02611,REP022,PRD14,5,1,Lead,63.35,OK,20251111,
OPP02612,REP018,PRD09,5,4,Qualified,703.98,OK,20250910,
OPP02613,REP028,PRD03,2,1,Qualified,607.09,OK,20260321,
OPP02614,REP039,PRD12,1,4,Qualified,1130.57,OK,20260615,
OPP02615,REP028,PRD01,2,1,Qualified,3.26,OK,20250712,
OPP02616,REP021,PRD08,2,2,Lead,591.45,OK,20260125,
OPP02617,REP007,PRD14,3,4,Closed Lost,119.86,OK,20251213,20260319
OPP02618,REP014,PRD08,2,2,Lead,827.93,OK,20250825,
OPP02619,REP025,PRD14,1,1,Closed Lost,60.2,OK,20260402,20260521
OPP02620,REP020,PRD12,4,1,Closed Won,83.26,OK,20250925,20260701
OPP02621,REP023,PRD07,4,5,Proposal,240.89,OK,20250704,
OPP02622,REP010,PRD03,5,4,Qualified,152.72,OK,20250810,
OPP02623,REP002,PRD02,5,2,Lead,37.72,OK,20260429,
OPP02624,REP040,PRD05,2,2,Closed Lost,1172.11,OK,20260609,20260819
OPP02625,REP004,PRD02,5,2,Qualified,248.88,OK,20260525,
OPP02626,REP004,PRD05,5,4,Proposal,3212.19,OK,20251110,
OPP02627,REP008,PRD15,3,2,Proposal,744.33,OK,20260521,
OPP02628,REP003,PRD09,3,2,Closed Lost,290.69,OK,20260721,20260901
OPP02629,REP029,PRD14,4,1,Proposal,30.09,OK,20260424,
OPP02630,REP011,PRD13,4,4,Proposal,147.69,OK,20260402,
OPP02631,REP001,PRD08,4,4,Qualified,3525.28,OK,20260901,
OPP02632,REP016,PRD14,2,2,Qualified,68.67,OK,20260421,
OPP02633,REP003,PRD02,3,1,Closed Lost,79.6,OK,20250920,20260807
OPP02634,REP018,PRD13,5,3,Lead,74.41,OK,20260711,
OPP02635,REP003,PRD10,3,5,Lead,21.59,OK,20251226,
OPP02636,REP018,PRD04,5,2,Qualified,124.39,OK,20251107,
OPP02637,REP012,PRD10,3,3,Lead,16.93,OK,20260619,
OPP02638,REP004,PRD09,5,2,Proposal,5.81,OK,20250830,
OPP02639,REP031,PRD10,3,4,Lead,72.07,OK,20250729,
OPP02640,REP015,PRD01,4,5,Closed Lost,26.35,OK,20260218,20260225
OPP02641,REP033,PRD01,4,1,Qualified,77.83,OK,20260308,
OPP02642,REP027,PRD10,3,5,Proposal,60.72,OK,20260122,
OPP02643,REP012,PRD03,3,2,Closed Won,94.02,OK,20250923,20251021
OPP02644,REP025,PRD06,1,1,Qualified,203.75,OK,20260326,
OPP02645,REP038,PRD10,5,2,Closed Lost,75.83,OK,20251113,20260407
OPP02646,REP009,PRD04,3,3,Closed Lost,96.82,OK,20251105,20260816
OPP02647,REP010,PRD10,5,2,Closed Won,49.68,OK,20250831,20260331
OPP02648,REP036,PRD14,5,2,Lead,34.95,OK,20250914,
OPP02649,REP022,PRD03,5,3,Lead,371.4,OK,20260323,
OPP02650,REP040,PRD07,2,3,Qualified,259.05,OK,20260713,
OPP02651,REP008,PRD11,3,4,Qualified,924.26,OK,20250728,
OPP02652,REP023,PRD02,4,3,Lead,219.56,OK,20260604,
OPP02653,REP037,PRD11,3,5,Lead,2005.1,OK,20251109,
OPP02654,REP032,PRD09,4,2,Lead,294.77,OK,20260606,
OPP02655,REP019,PRD03,1,4,Lead,838.0,OK,20251103,
OPP02656,REP012,PRD03,3,4,Proposal,126.47,OK,20250814,
OPP02657,REP030,PRD15,4,1,Lead,1135.82,OK,20250920,
OPP02658,REP022,PRD15,5,2,Lead,2556.76,OK,20260318,
OPP02659,REP007,PRD04,3,1,Proposal,78.89,OK,20251210,
OPP02660,REP013,PRD04,5,3,Closed Won,235.13,OK,20251128,20260505
OPP02661,REP033,PRD01,4,2,Qualified,14.78,OK,20260827,
OPP02662,REP028,PRD07,2,2,Closed Won,37.16,OK,20260126,20260515
OPP02663,REP001,PRD11,4,2,Qualified,3779.31,OK,20260219,
OPP02664,REP016,PRD13,2,5,Lead,172.3,OK,20260104,
OPP02665,REP005,PRD10,5,2,Qualified,66.91,OK,20250916,
OPP02666,REP029,PRD01,4,5,Closed Won,38.8,OK,20250811,20260110
OPP02667,REP026,PRD13,3,1,Lead,191.88,OK,20260720,
OPP02668,REP015,PRD08,4,1,Proposal,543.74,OK,20251031,
OPP02669,REP020,PRD01,4,2,Qualified,34.89,OK,20250815,
OPP02670,REP034,PRD02,1,1,Lead,94.94,OK,20260410,
OPP02671,REP013,PRD14,5,3,Lead,13.17,OK,20250706,
OPP02672,REP011,PRD06,4,2,Qualified,420.37,OK,20260601,
OPP02673,REP039,PRD06,1,2,Proposal,196.89,OK,20250910,
OPP02674,REP030,PRD08,4,2,Closed Lost,3453.22,OK,20260217,20260822
OPP02675,REP003,PRD14,3,4,Closed Lost,146.5,OK,20251206,20260112
OPP02676,REP021,PRD06,2,2,Closed Won,518.53,OK,20250723,20251230
OPP02677,REP012,PRD12,3,4,Lead,507.82,OK,20251113,
OPP02678,REP023,PRD10,4,3,Qualified,7.59,OK,20260215,
OPP02679,REP029,PRD10,4,2,Lead,35.6,OK,20250905,
OPP02680,REP026,PRD01,3,4,Closed Won,72.97,OK,20260706,20260717
OPP02681,REP004,PRD07,5,1,Closed Won,144.92,OK,20260228,20260730
OPP02682,REP037,PRD05,3,1,Lead,1027.21,OK,20260508,
OPP02683,REP030,PRD12,4,1,Proposal,43.45,OK,20260704,
OPP02684,REP024,PRD12,1,2,Lead,215.78,OK,20260718,
OPP02685,REP001,PRD13,4,2,Lead,52.69,OK,20260125,
OPP02686,REP038,PRD14,5,4,Closed Lost,114.75,OK,20250912,20260519
OPP02687,REP019,PRD05,1,1,Lead,944.79,OK,20260830,
OPP02688,REP030,PRD02,4,5,Lead,194.19,OK,20260501,
OPP02689,REP039,PRD14,1,1,Lead,146.57,OK,20251124,
OPP02690,REP033,PRD03,4,3,Proposal,618.81,OK,20260418,
OPP02691,REP003,PRD09,3,4,Qualified,907.95,OK,20260426,
OPP02692,REP039,PRD13,1,3,Qualified,179.67,OK,20260416,
OPP02693,REP026,PRD09,3,1,Qualified,348.64,OK,20251125,
OPP02694,REP018,PRD03,5,1,Qualified,680.84,OK,20260615,
OPP02695,REP040,PRD05,2,1,Lead,1430.56,OK,20250807,
OPP02696,REP004,PRD04,5,1,Lead,40.04,OK,20260124,
OPP02697,REP004,PRD06,5,4,Proposal,245.04,OK,20260610,
OPP02698,REP032,PRD10,4,1,Lead,70.34,OK,20260630,
OPP02699,REP033,PRD04,4,3,Lead,64.01,OK,20260124,
OPP02700,REP006,PRD02,2,4,Lead,261.03,OK,20251226,
OPP02701,REP015,PRD06,4,2,Closed Lost,47.65,OK,20260128,20260220
OPP02702,REP012,PRD07,3,2,Proposal,168.61,OK,20251029,
OPP02703,REP001,PRD13,4,1,Closed Won,114.45,OK,20250917,20251020
OPP02704,REP024,PRD13,1,4,Proposal,44.75,OK,20260328,
OPP02705,REP022,PRD13,5,2,Proposal,88.66,OK,20260828,
OPP02706,REP011,PRD14,4,2,Qualified,57.47,OK,20260521,
OPP02707,REP029,PRD05,4,2,Lead,719.1,OK,20251227,
OPP02708,REP011,PRD12,4,1,Proposal,73.82,OK,20250820,
OPP02709,REP019,PRD07,1,5,Lead,26.4,OK,20260430,
OPP02710,REP025,PRD09,1,2,Closed Won,225.74,OK,20260813,20260823
OPP02711,REP024,PRD09,1,2,Proposal,752.93,OK,20260823,
OPP02712,REP039,PRD12,1,1,Qualified,188.26,OK,20260707,
OPP02713,REP016,PRD09,2,1,Closed Lost,549.23,OK,20260103,20260706
OPP02714,REP025,PRD03,1,1,Closed Won,172.5,OK,20260221,20260308
OPP02715,REP012,PRD03,3,2,Lead,417.16,OK,20260506,
OPP02716,REP020,PRD01,4,4,Qualified,61.93,OK,20250730,
OPP02717,REP003,PRD09,3,2,Lead,140.4,OK,20260728,
OPP02718,REP009,PRD04,3,3,Proposal,90.79,OK,20260809,
OPP02719,REP008,PRD11,3,3,Proposal,3365.67,OK,20251026,
OPP02720,REP038,PRD05,5,4,Closed Won,56.83,OK,20251005,20260726
OPP02721,REP023,PRD09,4,1,Lead,117.08,OK,20260617,
OPP02722,REP010,PRD13,5,2,Lead,102.47,OK,20251115,
OPP02723,REP012,PRD08,3,2,Proposal,1936.94,OK,20251110,
OPP02724,REP013,PRD11,5,2,Lead,2947.82,OK,20251215,
OPP02725,REP015,PRD11,4,1,Proposal,1350.55,OK,20251130,
OPP02726,REP016,PRD08,2,1,Qualified,3767.08,OK,20251010,
OPP02727,REP003,PRD13,3,3,Qualified,111.49,OK,20250806,
OPP02728,REP002,PRD02,5,2,Closed Lost,402.73,OK,20260528,20260612
OPP02729,REP001,PRD03,4,1,Lead,744.01,OK,20260607,
OPP02730,REP018,PRD13,5,2,Lead,236.51,OK,20251207,
OPP02731,REP038,PRD15,5,2,Qualified,507.79,OK,20251026,
OPP02732,REP013,PRD02,5,2,Lead,89.69,OK,20260120,
OPP02733,REP021,PRD03,2,4,Proposal,489.5,OK,20260309,
OPP02734,REP006,PRD14,2,2,Lead,18.82,OK,20250825,
OPP02735,REP021,PRD06,2,2,Lead,186.72,OK,20250909,
OPP02736,REP016,PRD10,2,3,Lead,14.17,OK,20260501,
OPP02737,REP032,PRD02,4,2,Closed Lost,117.97,OK,20260508,20260823
OPP02738,REP029,PRD14,4,3,Closed Lost,25.66,OK,20260314,20260827
OPP02739,REP011,PRD02,4,3,Qualified,20.15,OK,20260203,
OPP02740,REP002,PRD03,5,3,Qualified,641.37,OK,20260811,
OPP02741,REP015,PRD10,4,3,Lead,18.96,OK,20260624,
OPP02742,REP009,PRD08,3,5,Proposal,1732.74,OK,20250713,
OPP02743,REP012,PRD07,3,3,Lead,181.23,OK,20260813,
OPP02744,REP007,PRD15,3,1,Lead,1284.9,OK,20260525,
OPP02745,REP020,PRD14,4,2,Lead,61.14,OK,20250929,
OPP02746,REP012,PRD08,3,5,Lead,4440.91,OK,20260521,
OPP02747,REP022,PRD12,5,1,Qualified,204.65,OK,20251028,
OPP02748,REP032,PRD03,4,1,Closed Won,181.52,OK,20251027,20260604
OPP02749,REP032,PRD09,4,1,Qualified,947.63,OK,20250919,
OPP02750,REP038,PRD07,5,5,Qualified,61.3,OK,20250924,
OPP02751,REP021,PRD04,2,4,Lead,103.03,OK,20250920,
OPP02752,REP034,PRD13,1,4,Proposal,35.17,OK,20260211,
OPP02753,REP035,PRD05,3,1,Lead,2918.36,OK,20260824,
OPP02754,REP031,PRD07,3,2,Proposal,180.14,OK,20260328,
OPP02755,REP002,PRD11,5,3,Lead,3110.82,OK,20260519,
OPP02756,REP035,PRD09,3,1,Qualified,688.34,OK,20260125,
OPP02757,REP015,PRD15,4,2,Closed Lost,941.87,OK,20260427,20260901
OPP02758,REP029,PRD12,4,2,Closed Won,225.84,OK,20260716,20260830
OPP02759,REP001,PRD10,4,1,Qualified,22.16,OK,20250802,
OPP02760,REP028,PRD08,2,1,Lead,6214.13,REVIEW,20251114,
OPP02761,REP029,PRD08,4,5,Qualified,3084.15,OK,20260202,
OPP02762,REP038,PRD08,5,4,Qualified,966.07,OK,20260512,
OPP02763,REP026,PRD09,3,4,Closed Lost,139.02,OK,20251023,20260620
OPP02764,REP032,PRD08,4,3,Closed Won,3024.67,OK,20260512,20260519
OPP02765,REP027,PRD05,3,5,Qualified,231.3,OK,20260507,
OPP02766,REP037,PRD09,3,1,Lead,513.24,OK,20260318,
OPP02767,REP038,PRD06,5,3,Qualified,33.88,OK,20260104,
OPP02768,REP014,PRD13,2,2,Proposal,281.15,OK,20250811,
OPP02769,REP025,PRD02,1,2,Qualified,184.26,OK,20260708,
OPP02770,REP012,PRD07,3,5,Qualified,53.21,OK,20260128,
OPP02771,REP008,PRD14,3,4,Lead,173.71,OK,20260419,
OPP02772,REP017,PRD02,4,2,Qualified,97.11,OK,20250719,
OPP02773,REP034,PRD04,1,1,Lead,7.97,OK,20260323,
OPP02774,REP015,PRD10,4,1,Lead,96.76,OK,20260224,
OPP02775,REP039,PRD01,1,1,Closed Won,12.05,OK,20260302,20260425
OPP02776,REP037,PRD12,3,3,Qualified,256.68,OK,20260720,
OPP02777,REP010,PRD03,5,1,Lead,504.77,OK,20250918,
OPP02778,REP030,PRD03,4,1,Qualified,87.62,OK,20251228,
OPP02779,REP022,PRD15,5,3,Lead,73.2,OK,20251016,
OPP02780,REP027,PRD01,3,1,Lead,40.04,OK,20260222,
OPP02781,REP007,PRD03,3,2,Lead,720.41,OK,20260613,
OPP02782,REP017,PRD03,4,2,Closed Won,369.77,OK,20260310,20260501
OPP02783,REP035,PRD15,3,1,Lead,972.13,OK,20260523,
OPP02784,REP009,PRD15,3,3,Closed Won,533.3,OK,20250911,20251122
OPP02785,REP019,PRD12,1,2,Lead,57.62,OK,20260612,
OPP02786,REP026,PRD03,3,2,Proposal,82.78,OK,20251215,
OPP02787,REP012,PRD10,3,1,Proposal,34.59,OK,20260516,
OPP02788,REP037,PRD09,3,2,Closed Lost,726.38,OK,20260715,20260820
OPP02789,REP037,PRD14,3,1,Proposal,56.97,OK,20250816,
OPP02790,REP030,PRD15,4,2,Closed Lost,2021.71,OK,20260808,20260815
OPP02791,REP011,PRD13,4,2,Qualified,88.1,OK,20250823,
OPP02792,REP030,PRD07,4,1,Closed Lost,191.28,OK,20260302,20260717
OPP02793,REP040,PRD13,2,5,Lead,135.55,OK,20260801,
OPP02794,REP036,PRD04,5,1,Qualified,10.4,OK,20260513,
OPP02795,REP027,PRD13,3,2,Closed Won,209.67,OK,20251017,20260816
OPP02796,REP037,PRD01,3,1,Qualified,19.67,OK,20260815,
OPP02797,REP039,PRD08,1,2,Proposal,1516.78,OK,20250726,
OPP02798,REP026,PRD14,3,2,Qualified,49.42,OK,20251115,
OPP02799,REP004,PRD06,5,2,Qualified,653.49,OK,20251130,
OPP02800,REP016,PRD04,2,3,Lead,117.09,OK,20251206,
OPP02801,REP013,PRD15,5,2,Lead,0.0,REVIEW,20250817,
OPP02802,REP008,PRD06,3,2,Lead,431.95,OK,20260113,
OPP02803,REP010,PRD09,5,1,Qualified,383.88,OK,20250729,
OPP02804,REP013,PRD05,5,2,Lead,559.31,OK,20260623,
OPP02805,REP019,PRD11,1,3,Lead,911.31,OK,20250812,
OPP02806,REP031,PRD01,3,5,Proposal,64.98,OK,20260409,
OPP02807,REP009,PRD07,3,2,Closed Won,16.22,OK,20251205,20260321
OPP02808,REP029,PRD10,4,2,Qualified,74.17,OK,20260416,
OPP02809,REP035,PRD03,3,2,Lead,22.27,OK,20260629,
OPP02810,REP034,PRD07,1,4,Lead,55.59,OK,20260731,
OPP02811,REP016,PRD10,2,4,Closed Won,32.01,OK,20260508,20260601
OPP02812,REP010,PRD13,5,2,Qualified,313.79,OK,20250727,
OPP02813,REP033,PRD04,4,2,Lead,164.66,OK,20260107,
OPP02814,REP018,PRD07,5,1,Lead,50.13,OK,20260419,
OPP02815,REP001,PRD06,4,4,Qualified,758.41,OK,20260718,
OPP02816,REP012,PRD03,3,1,Lead,292.26,OK,20260615,
OPP02817,REP008,PRD15,3,5,Proposal,1261.86,OK,20251118,
OPP02818,REP022,PRD13,5,4,Closed Won,168.26,OK,20260707,20260901
OPP02819,REP032,PRD06,4,2,Lead,712.55,OK,20260401,
OPP02820,REP021,PRD07,2,2,Closed Won,164.93,OK,20260328,20260428
OPP02821,REP031,PRD04,3,5,Lead,188.84,OK,20260120,
OPP02822,REP029,PRD12,4,2,Closed Lost,291.74,OK,20250912,20251231
OPP02823,REP007,PRD01,3,4,Proposal,58.69,OK,20250725,
OPP02824,REP028,PRD08,2,3,Proposal,3261.35,OK,20260430,
OPP02825,REP007,PRD08,3,2,Proposal,5038.25,OK,20250811,
OPP02826,REP022,PRD09,5,1,Lead,241.98,OK,20251107,
OPP02827,REP035,PRD12,3,2,Qualified,27.57,OK,20251217,
OPP02828,REP035,PRD15,3,1,Lead,1422.55,OK,20251222,
OPP02829,REP009,PRD11,3,1,Lead,1599.97,OK,20251225,
OPP02830,REP006,PRD13,2,1,Lead,266.85,OK,20251211,
OPP02831,REP009,PRD03,3,1,Closed Lost,374.04,OK,20260129,20260707
OPP02832,REP022,PRD14,5,2,Qualified,21.37,OK,20260806,
OPP02833,REP036,PRD13,5,1,Qualified,178.64,OK,20250719,
OPP02834,REP005,PRD04,5,2,Proposal,74.9,OK,20250710,
OPP02835,REP010,PRD14,5,4,Lead,42.95,OK,20260707,
OPP02836,REP029,PRD11,4,5,Qualified,3781.15,OK,20251014,
OPP02837,REP015,PRD11,4,1,Proposal,974.58,OK,20251115,
OPP02838,REP026,PRD03,3,3,Lead,634.98,OK,20250710,
OPP02839,REP022,PRD02,5,2,Closed Lost,163.25,OK,20251224,20260401
OPP02840,REP016,PRD13,2,2,Lead,223.38,OK,20260226,
OPP02841,REP020,PRD10,4,1,Lead,0.0,REVIEW,20260202,
OPP02842,REP031,PRD03,3,2,Lead,229.8,OK,20260529,
OPP02843,REP010,PRD12,5,2,Proposal,319.05,OK,20260422,
OPP02844,REP027,PRD15,3,1,Qualified,1151.39,OK,20260331,
OPP02845,REP028,PRD11,2,1,Lead,1122.52,OK,20260625,
OPP02846,REP036,PRD05,5,4,Qualified,1378.26,OK,20260115,
OPP02847,REP017,PRD07,4,1,Lead,102.21,OK,20251220,
OPP02848,REP029,PRD07,4,1,Proposal,76.43,OK,20260701,
OPP02849,REP035,PRD07,3,4,Proposal,75.32,OK,20260223,
OPP02850,REP030,PRD02,4,2,Qualified,280.31,OK,20260812,
OPP02851,REP029,PRD07,4,3,Qualified,217.4,OK,20260508,
OPP02852,REP028,PRD04,2,2,Closed Won,55.52,OK,20250921,20250923
OPP02853,REP022,PRD07,5,1,Qualified,29.64,OK,20260805,
OPP02854,REP024,PRD02,1,2,Qualified,45.96,OK,20260420,
OPP02855,REP022,PRD13,5,2,Proposal,79.54,OK,20260208,
OPP02856,REP028,PRD01,2,2,Qualified,46.58,OK,20260220,
OPP02857,REP017,PRD06,4,1,Lead,227.89,OK,20250925,
OPP02858,REP036,PRD09,5,2,Qualified,496.25,REVIEW,20260713,
OPP02859,REP030,PRD06,4,4,Qualified,801.7,OK,20250822,
OPP02860,REP011,PRD03,4,2,Closed Lost,274.74,OK,20260322,20260514
OPP02861,REP035,PRD15,3,2,Qualified,286.87,OK,20260313,
OPP02862,REP009,PRD04,3,2,Lead,46.96,OK,20260204,
OPP02863,REP014,PRD07,2,3,Lead,79.26,OK,20260122,
OPP02864,REP026,PRD14,3,5,Lead,144.54,OK,20260221,
OPP02865,REP009,PRD12,3,1,Closed Lost,21.36,OK,20251127,20260124
OPP02866,REP005,PRD07,5,2,Closed Lost,71.34,OK,20260809,20260820
OPP02867,REP027,PRD06,3,1,Proposal,74.73,OK,20250817,
OPP02868,REP023,PRD11,4,1,Lead,755.91,OK,20260513,
OPP02869,REP024,PRD14,1,1,Qualified,106.24,OK,20260309,
OPP02870,REP021,PRD03,2,1,Qualified,386.61,OK,20251020,
OPP02871,REP014,PRD06,2,1,Qualified,480.32,OK,20250723,
OPP02872,REP036,PRD15,5,3,Lead,468.16,OK,20260725,
OPP02873,REP022,PRD06,5,1,Closed Lost,280.82,OK,20260218,20260529
OPP02874,REP001,PRD09,4,2,Proposal,804.59,OK,20260525,
OPP02875,REP014,PRD10,2,4,Qualified,15.35,OK,20260514,
OPP02876,REP007,PRD04,3,3,Proposal,48.8,OK,20260501,
OPP02877,REP035,PRD11,3,4,Lead,2949.98,OK,20250731,
OPP02878,REP036,PRD15,5,1,Proposal,990.48,OK,20251128,
OPP02879,REP035,PRD10,3,2,Qualified,49.53,OK,20260327,
OPP02880,REP003,PRD09,3,3,Proposal,353.7,OK,20251223,
OPP02881,REP020,PRD09,4,2,Closed Lost,182.43,OK,20260823,20260830
OPP02882,REP025,PRD13,1,3,Proposal,155.35,OK,20260708,
OPP02883,REP039,PRD08,1,2,Closed Won,2267.55,OK,20260408,20260715
OPP02884,REP019,PRD02,1,2,Qualified,127.22,OK,20260222,
OPP02885,REP011,PRD05,4,5,Closed Won,1326.5,OK,20251113,20260726
OPP02886,REP030,PRD10,4,1,Qualified,31.21,OK,20251121,
OPP02887,REP014,PRD08,2,2,Closed Lost,1715.07,OK,20260217,20260326
OPP02888,REP023,PRD06,4,2,Lead,67.42,OK,20260704,
OPP02889,REP023,PRD04,4,2,Proposal,11.23,OK,20251011,
OPP02890,REP018,PRD05,5,2,Qualified,826.79,OK,20260120,
OPP02891,REP035,PRD03,3,3,Proposal,401.91,OK,20251123,
OPP02892,REP025,PRD11,1,5,Qualified,2194.58,OK,20260321,
OPP02893,REP026,PRD03,3,1,Lead,121.38,OK,20250911,
OPP02894,REP026,PRD02,3,2,Lead,111.33,OK,20251223,
OPP02895,REP031,PRD15,3,4,Qualified,1598.59,OK,20260405,
OPP02896,REP026,PRD10,3,1,Lead,58.54,OK,20251224,
OPP02897,REP033,PRD12,4,2,Lead,157.1,OK,20260227,
OPP02898,REP026,PRD11,3,2,Lead,1725.81,OK,20260526,
OPP02899,REP001,PRD07,4,2,Lead,105.57,OK,20260318,
OPP02900,REP021,PRD14,2,1,Lead,44.12,OK,20260418,
OPP02901,REP023,PRD02,4,2,Closed Won,34.79,OK,20260122,20260516
OPP02902,REP035,PRD13,3,2,Proposal,35.44,OK,20260629,
OPP02903,REP012,PRD08,3,2,Lead,486.7,OK,20251003,
OPP02904,REP027,PRD11,3,3,Qualified,1109.5,OK,20260704,
OPP02905,REP038,PRD15,5,3,Closed Won,790.55,REVIEW,20250814,20260716
OPP02906,REP034,PRD14,1,4,Qualified,67.6,OK,20250828,
OPP02907,REP012,PRD11,3,1,Lead,2488.21,OK,20260705,
OPP02908,REP028,PRD04,2,2,Qualified,87.69,OK,20251202,
OPP02909,REP039,PRD03,1,4,Closed Lost,229.03,OK,20260727,20260801
OPP02910,REP005,PRD13,5,5,Closed Lost,211.3,OK,20260426,20260806
OPP02911,REP006,PRD10,2,1,Proposal,41.53,OK,20260220,
OPP02912,REP021,PRD01,2,1,Qualified,54.59,OK,20260520,
OPP02913,REP013,PRD08,5,2,Lead,6912.19,OK,20250814,
OPP02914,REP025,PRD15,1,3,Lead,3168.39,OK,20251029,
OPP02915,REP005,PRD04,5,1,Closed Lost,86.42,OK,20251018,20260103
OPP02916,REP038,PRD01,5,2,Qualified,16.11,OK,20260327,
OPP02917,REP024,PRD08,1,2,Proposal,2235.28,OK,20260517,
OPP02918,REP016,PRD14,2,3,Lead,36.62,OK,20260624,
OPP02919,REP007,PRD14,3,3,Proposal,103.38,OK,20251023,
OPP02920,REP011,PRD15,4,5,Lead,1609.96,OK,20260306,
OPP02921,REP020,PRD06,4,5,Qualified,395.61,OK,20251121,
OPP02922,REP026,PRD07,3,1,Proposal,41.29,OK,20250904,
OPP02923,REP029,PRD08,4,3,Lead,1325.07,OK,20260717,
OPP02924,REP015,PRD13,4,1,Lead,221.98,OK,20260319,
OPP02925,REP012,PRD15,3,2,Lead,1886.31,OK,20251118,
OPP02926,REP003,PRD11,3,2,Lead,1143.75,OK,20260304,
OPP02927,REP019,PRD04,1,4,Lead,41.05,OK,20250818,
OPP02928,REP015,PRD02,4,3,Qualified,79.62,OK,20250707,
OPP02929,REP039,PRD13,1,3,Proposal,211.55,OK,20260620,
OPP02930,REP009,PRD11,3,4,Qualified,1951.06,OK,20260201,
OPP02931,REP040,PRD09,2,5,Lead,327.54,OK,20251213,
OPP02932,REP019,PRD02,1,1,Closed Won,81.02,OK,20251111,20260622
OPP02933,REP030,PRD12,4,2,Lead,112.51,OK,20251104,
OPP02934,REP013,PRD02,5,2,Closed Won,177.09,OK,20260719,20260826
OPP02935,REP007,PRD02,3,2,Proposal,210.28,OK,20250910,
OPP02936,REP016,PRD01,2,3,Proposal,84.68,OK,20251012,
OPP02937,REP011,PRD10,4,1,Proposal,100.23,OK,20260605,
OPP02938,REP016,PRD15,2,3,Lead,463.51,OK,20260602,
OPP02939,REP019,PRD02,1,2,Lead,128.69,OK,20260513,
OPP02940,REP021,PRD15,2,2,Lead,1264.93,OK,20260602,
OPP02941,REP029,PRD10,4,4,Closed Won,42.19,OK,20260709,20260815
OPP02942,REP023,PRD03,4,1,Lead,473.36,OK,20250707,
OPP02943,REP036,PRD04,5,3,Closed Lost,17.58,OK,20250802,20260103
OPP02944,REP033,PRD14,4,5,Qualified,78.8,OK,20260419,
OPP02945,REP035,PRD10,3,2,Closed Won,36.82,OK,20250714,20260321
OPP02946,REP023,PRD05,4,1,Closed Lost,358.69,OK,20260820,20260824
OPP02947,REP022,PRD09,5,1,Lead,426.34,OK,20250717,
OPP02948,REP029,PRD14,4,5,Closed Lost,58.51,OK,20250707,20260116
OPP02949,REP008,PRD07,3,4,Proposal,83.1,OK,20251226,
OPP02950,REP032,PRD05,4,2,Closed Won,1202.6,OK,20260328,20260527
OPP02951,REP016,PRD11,2,2,Closed Won,1475.92,OK,20251012,20251120
OPP02952,REP006,PRD05,2,2,Lead,617.62,OK,20260427,
OPP02953,REP015,PRD13,4,2,Closed Lost,82.33,OK,20260729,20260826
OPP02954,REP024,PRD05,1,1,Lead,1994.08,OK,20260226,
OPP02955,REP001,PRD15,4,1,Lead,303.9,OK,20251110,
OPP02956,REP040,PRD09,2,3,Proposal,288.44,OK,20250823,
OPP02957,REP014,PRD06,2,2,Lead,71.03,OK,20250808,
OPP02958,REP038,PRD13,5,3,Lead,51.91,OK,20260220,
OPP02959,REP009,PRD14,3,1,Proposal,170.2,OK,20260214,
OPP02960,REP007,PRD08,3,1,Proposal,1489.35,OK,20260623,
OPP02961,REP006,PRD04,2,4,Lead,117.68,OK,20260812,
OPP02962,REP006,PRD03,2,1,Lead,184.78,OK,20260815,
OPP02963,REP008,PRD06,3,2,Qualified,165.7,OK,20260323,
OPP02964,REP036,PRD02,5,2,Closed Won,200.58,OK,20260605,20260830
OPP02965,REP024,PRD04,1,2,Closed Lost,45.86,OK,20251015,20260225
OPP02966,REP026,PRD02,3,2,Lead,78.68,OK,20260719,
OPP02967,REP009,PRD14,3,2,Lead,32.48,OK,20260409,
OPP02968,REP028,PRD09,2,5,Closed Lost,31.58,OK,20251127,20260130
OPP02969,REP009,PRD10,3,4,Lead,58.52,OK,20260513,
OPP02970,REP016,PRD12,2,1,Lead,192.03,OK,20250718,
OPP02971,REP010,PRD06,5,3,Lead,182.83,OK,20251228,
OPP02972,REP038,PRD08,5,3,Lead,73.75,OK,20251225,
OPP02973,REP004,PRD15,5,2,Closed Won,704.4,OK,20251013,20260103
OPP02974,REP001,PRD02,4,5,Proposal,69.61,OK,20250721,
OPP02975,REP005,PRD04,5,1,Closed Lost,98.0,OK,20260730,20260807
OPP02976,REP006,PRD01,2,1,Qualified,129.71,OK,20251007,
OPP02977,REP030,PRD13,4,1,Qualified,116.84,OK,20260414,
OPP02978,REP019,PRD06,1,3,Qualified,297.81,OK,20250802,
OPP02979,REP034,PRD07,1,4,Closed Won,54.29,OK,20260421,20260823
OPP02980,REP031,PRD14,3,2,Qualified,120.06,OK,20260118,
OPP02981,REP028,PRD10,2,4,Lead,36.95,OK,20260823,
OPP02982,REP037,PRD14,3,2,Qualified,119.13,OK,20250810,
OPP02983,REP006,PRD10,2,1,Closed Lost,34.56,OK,20250810,20251101
OPP02984,REP015,PRD07,4,5,Closed Won,27.87,OK,20250719,20250825
OPP02985,REP029,PRD05,4,5,Qualified,1004.32,OK,20251001,
OPP02986,REP027,PRD02,3,2,Closed Lost,136.37,OK,20260523,20260817
OPP02987,REP027,PRD06,3,5,Proposal,430.06,OK,20260425,
OPP02988,REP003,PRD10,3,4,Qualified,28.51,OK,20251007,
OPP02989,REP034,PRD03,1,4,Lead,444.46,OK,20260116,
OPP02990,REP038,PRD06,5,5,Qualified,137.46,OK,20260707,
OPP02991,REP039,PRD03,1,1,Qualified,703.05,OK,20251030,
OPP02992,REP009,PRD08,3,2,Proposal,1411.01,OK,20251210,
OPP02993,REP031,PRD06,3,1,Proposal,313.17,OK,20250711,
OPP02994,REP017,PRD13,4,4,Qualified,87.21,OK,20260222,
OPP02995,REP017,PRD01,4,2,Qualified,15.42,OK,20260526,
OPP02996,REP009,PRD09,3,1,Lead,136.33,OK,20250920,
OPP02997,REP040,PRD04,2,1,Closed Lost,34.56,OK,20260812,20260818
OPP02998,REP011,PRD12,4,2,Closed Won,280.36,OK,20251018,20260329
OPP02999,REP002,PRD04,5,2,Closed Won,219.92,OK,20250923,20260409
OPP03000,REP032,PRD10,4,1,Closed Lost,24.27,OK,20251003,20260120
OPP03001,REP006,PRD02,2,1,Closed Won,186.89,OK,20250930,20260731
OPP03002,REP014,PRD04,2,1,Closed Won,126.79,OK,20250924,20260405
OPP03003,REP021,PRD13,2,1,Closed Lost,171.77,OK,20251205,20260729
OPP03004,REP034,PRD02,1,1,Lead,77.59,OK,20251206,
OPP03005,REP025,PRD13,1,4,Lead,242.23,OK,20260124,
OPP03006,REP033,PRD07,4,2,Lead,182.26,OK,20260814,
OPP03007,REP038,PRD02,5,1,Closed Won,33.2,OK,20251207,20260425
OPP03008,REP038,PRD13,5,5,Lead,51.21,OK,20260518,
OPP03009,REP007,PRD14,3,5,Lead,109.17,OK,20260218,
OPP03010,REP038,PRD02,5,1,Lead,126.09,OK,20251105,
OPP03011,REP025,PRD03,1,2,Closed Lost,308.35,OK,20250803,20260823
OPP03012,REP002,PRD09,5,4,Closed Won,349.58,OK,20251212,20260616
OPP03013,REP040,PRD05,2,4,Closed Lost,322.68,OK,20260317,20260501
OPP03014,REP018,PRD06,5,4,Closed Won,28.56,OK,20250706,20250715
OPP03015,REP015,PRD08,4,2,Lead,3285.79,OK,20250911,
OPP03016,REP005,PRD14,5,2,Proposal,82.73,OK,20250927,
OPP03017,REP001,PRD11,4,1,Lead,4410.23,OK,20260722,
OPP03018,REP010,PRD13,5,1,Proposal,174.39,OK,20251027,
OPP03019,REP014,PRD03,2,4,Lead,7.24,OK,20250911,
OPP03020,REP014,PRD12,2,5,Qualified,84.45,OK,20260805,
OPP03021,REP022,PRD14,5,1,Qualified,157.93,OK,20250831,
OPP03022,REP038,PRD10,5,2,Lead,199.33,OK,20250920,
OPP03023,REP033,PRD15,4,4,Qualified,235.06,REVIEW,20260118,
OPP03024,REP017,PRD12,4,1,Closed Won,479.16,OK,20251230,20260625
OPP03025,REP015,PRD11,4,1,Qualified,176.58,OK,20260218,
OPP03026,REP017,PRD08,4,5,Qualified,152.63,OK,20260125,
OPP03027,REP027,PRD06,3,3,Closed Lost,618.15,OK,20260629,20260703
OPP03028,REP037,PRD02,3,2,Lead,47.76,OK,20250919,
OPP03029,REP002,PRD12,5,1,Qualified,546.28,OK,20251116,
OPP03030,REP021,PRD15,2,4,Lead,3492.66,OK,20250803,
OPP03031,REP009,PRD10,3,1,Lead,29.43,OK,20260214,
OPP03032,REP029,PRD13,4,1,Lead,282.87,OK,20260409,
OPP03033,REP002,PRD15,5,2,Lead,814.74,OK,20260303,
OPP03034,REP001,PRD12,4,1,Qualified,26.15,OK,20260530,
OPP03035,REP015,PRD06,4,4,Closed Won,309.32,OK,20251002,20251107
OPP03036,REP014,PRD02,2,2,Qualified,77.39,OK,20250808,
OPP03037,REP035,PRD02,3,1,Lead,46.5,OK,20250711,
OPP03038,REP034,PRD07,1,1,Qualified,272.14,OK,20251019,
OPP03039,REP020,PRD11,4,1,Lead,2621.01,OK,20251113,
OPP03040,REP038,PRD15,5,2,Lead,362.35,OK,20260316,
OPP03041,REP008,PRD07,3,2,Qualified,47.72,OK,20260407,
OPP03042,REP029,PRD15,4,3,Qualified,1085.33,OK,20260608,
OPP03043,REP010,PRD15,5,5,Proposal,991.51,OK,20260128,
OPP03044,REP031,PRD03,3,2,Closed Won,757.36,OK,20250914,20260205
OPP03045,REP025,PRD14,1,4,Lead,100.99,OK,20260327,
OPP03046,REP013,PRD01,5,4,Closed Won,128.73,OK,20251123,20260106
OPP03047,REP035,PRD10,3,2,Lead,60.84,OK,20260511,
OPP03048,REP019,PRD04,1,2,Lead,139.23,OK,20260510,
OPP03049,REP029,PRD05,4,2,Closed Won,87.95,OK,20260623,20260719
OPP03050,REP035,PRD09,3,2,Lead,155.44,OK,20260429,
OPP03051,REP031,PRD14,3,2,Proposal,354.2,OK,20260710,
OPP03052,REP035,PRD05,3,2,Lead,5151.95,OK,20260527,
OPP03053,REP031,PRD01,3,2,Lead,16.65,OK,20251110,
OPP03054,REP007,PRD14,3,1,Qualified,12.75,OK,20250929,
OPP03055,REP023,PRD14,4,1,Closed Won,155.66,OK,20251014,20260711
OPP03056,REP006,PRD08,2,2,Lead,5578.14,OK,20250818,
OPP03057,REP011,PRD14,4,1,Qualified,49.04,OK,20251104,
OPP03058,REP025,PRD14,1,2,Lead,35.64,OK,20250922,
OPP03059,REP025,PRD15,1,2,Proposal,1133.58,OK,20260523,
OPP03060,REP025,PRD10,1,4,Lead,31.8,OK,20260713,
OPP03061,REP033,PRD11,4,1,Lead,1958.98,OK,20260609,
OPP03062,REP004,PRD12,5,3,Lead,62.12,OK,20251121,
OPP03063,REP023,PRD05,4,3,Qualified,163.69,OK,20260424,
OPP03064,REP007,PRD14,3,1,Closed Lost,15.95,OK,20260408,20260804
OPP03065,REP018,PRD10,5,1,Closed Won,4.6,OK,20250726,20251104
OPP03066,REP008,PRD06,3,1,Closed Won,89.69,OK,20260714,20260830
OPP03067,REP036,PRD02,5,1,Closed Won,38.93,OK,20250929,20260307
OPP03068,REP013,PRD03,5,2,Closed Lost,718.7,OK,20260611,20260615
OPP03069,REP027,PRD09,3,5,Lead,291.76,OK,20250822,
OPP03070,REP001,PRD09,4,1,Proposal,31.59,OK,20260123,
OPP03071,REP025,PRD07,1,1,Proposal,157.34,OK,20260305,
OPP03072,REP019,PRD03,1,3,Qualified,1275.59,OK,20250713,
OPP03073,REP016,PRD15,2,3,Proposal,1019.96,OK,20260815,
OPP03074,REP023,PRD14,4,3,Lead,48.28,OK,20251224,
OPP03075,REP015,PRD02,4,2,Lead,260.54,OK,20260323,
OPP03076,REP029,PRD08,4,3,Lead,3598.97,OK,20260811,
OPP03077,REP035,PRD03,3,2,Closed Lost,337.11,OK,20260814,20260830
OPP03078,REP037,PRD07,3,2,Proposal,144.19,OK,20250915,
OPP03079,REP014,PRD15,2,2,Qualified,150.71,OK,20260605,
OPP03080,REP006,PRD08,2,4,Closed Lost,2998.04,OK,20260113,20260719
OPP03081,REP014,PRD04,2,2,Proposal,21.09,OK,20260329,
OPP03082,REP025,PRD09,1,5,Proposal,520.8,OK,20260428,
OPP03083,REP027,PRD03,3,4,Lead,211.67,OK,20251027,
OPP03084,REP010,PRD02,5,4,Lead,346.73,OK,20250815,
OPP03085,REP021,PRD04,2,3,Qualified,111.9,OK,20250713,
OPP03086,REP007,PRD03,3,4,Lead,157.45,OK,20251102,
OPP03087,REP026,PRD07,3,2,Closed Lost,77.61,OK,20260731,20260822
OPP03088,REP025,PRD11,1,1,Qualified,1059.44,OK,20260724,
OPP03089,REP007,PRD01,3,4,Closed Won,47.14,OK,20251109,20251208
OPP03090,REP026,PRD07,3,3,Proposal,49.61,OK,20260720,
OPP03091,REP040,PRD01,2,5,Qualified,51.83,OK,20260310,
OPP03092,REP028,PRD14,2,1,Qualified,297.57,OK,20260107,
OPP03093,REP007,PRD05,3,1,Closed Won,826.68,OK,20260318,20260511
OPP03094,REP009,PRD06,3,5,Lead,409.28,OK,20250812,
OPP03095,REP014,PRD03,2,1,Lead,586.73,OK,20260801,
OPP03096,REP016,PRD03,2,4,Qualified,91.52,OK,20251223,
OPP03097,REP033,PRD14,4,4,Lead,192.28,OK,20260424,
OPP03098,REP034,PRD08,1,3,Lead,8187.55,OK,20260513,
OPP03099,REP008,PRD02,3,3,Closed Won,86.67,OK,20260102,20260201
OPP03100,REP010,PRD13,5,2,Closed Won,154.77,OK,20260625,20260807
OPP03101,REP031,PRD09,3,2,Lead,544.23,OK,20260617,
OPP03102,REP005,PRD09,5,1,Proposal,945.02,OK,20250910,
OPP03103,REP040,PRD10,2,2,Closed Won,39.16,OK,20260726,20260816
OPP03104,REP021,PRD11,2,5,Closed Won,820.64,OK,20260306,20260329
OPP03105,REP013,PRD07,5,3,Lead,71.06,OK,20260725,
OPP03106,REP037,PRD06,3,1,Qualified,107.86,OK,20250717,
OPP03107,REP036,PRD10,5,2,Closed Won,14.11,OK,20250921,20260224
OPP03108,REP020,PRD13,4,4,Lead,218.0,OK,20260520,
OPP03109,REP013,PRD15,5,2,Closed Won,291.37,OK,20250731,20250731
OPP03110,REP038,PRD04,5,4,Lead,77.15,OK,20250912,
OPP03111,REP009,PRD08,3,1,Qualified,388.9,OK,20260225,
OPP03112,REP037,PRD03,3,1,Lead,174.88,OK,20260802,
OPP03113,REP028,PRD14,2,3,Closed Lost,51.86,OK,20251211,20260822
OPP03114,REP020,PRD10,4,3,Qualified,106.93,OK,20260623,
OPP03115,REP024,PRD09,1,2,Lead,343.28,OK,20260325,
OPP03116,REP039,PRD07,1,3,Proposal,45.79,OK,20260412,
OPP03117,REP019,PRD07,1,1,Qualified,60.67,OK,20250815,
OPP03118,REP001,PRD10,4,4,Proposal,41.74,OK,20251224,
OPP03119,REP013,PRD07,5,4,Closed Lost,23.33,OK,20260621,20260723
OPP03120,REP007,PRD08,3,3,Closed Won,1609.58,OK,20260706,20260810
OPP03121,REP001,PRD01,4,1,Qualified,90.07,OK,20260620,
OPP03122,REP010,PRD09,5,1,Lead,550.49,OK,20250930,
OPP03123,REP035,PRD05,3,2,Qualified,453.85,OK,20250917,
OPP03124,REP010,PRD13,5,1,Proposal,254.66,OK,20251223,
OPP03125,REP012,PRD04,3,5,Closed Won,74.36,OK,20250705,20260327
OPP03126,REP029,PRD07,4,4,Closed Lost,13.86,OK,20260405,20260806
OPP03127,REP033,PRD07,4,4,Qualified,104.74,OK,20260215,
OPP03128,REP021,PRD15,2,2,Qualified,312.97,OK,20260813,
OPP03129,REP007,PRD03,3,3,Closed Lost,842.64,OK,20260420,20260510
OPP03130,REP009,PRD06,3,1,Lead,200.99,OK,20250808,
OPP03131,REP004,PRD13,5,1,Lead,277.73,OK,20251108,
OPP03132,REP017,PRD06,4,1,Lead,159.44,OK,20260721,
OPP03133,REP003,PRD06,3,4,Lead,256.25,OK,20251021,
OPP03134,REP036,PRD15,5,3,Qualified,2088.98,OK,20260517,
OPP03135,REP015,PRD03,4,1,Closed Won,248.98,OK,20250925,20260101
OPP03136,REP021,PRD05,2,1,Qualified,1719.11,OK,20251203,
OPP03137,REP014,PRD01,2,2,Proposal,124.32,OK,20251126,
OPP03138,REP029,PRD06,4,2,Lead,302.4,OK,20251005,
OPP03139,REP002,PRD06,5,4,Qualified,25.82,OK,20260505,
OPP03140,REP002,PRD10,5,4,Qualified,81.38,OK,20251218,
OPP03141,REP025,PRD15,1,1,Qualified,1536.56,OK,20260623,
OPP03142,REP011,PRD06,4,1,Lead,400.15,OK,20251129,
OPP03143,REP038,PRD12,5,2,Qualified,392.17,OK,20260323,
OPP03144,REP015,PRD04,4,1,Closed Won,144.14,OK,20250925,20260716
OPP03145,REP001,PRD09,4,2,Proposal,486.05,OK,20260521,
OPP03146,REP011,PRD14,4,4,Qualified,433.15,OK,20250809,
OPP03147,REP003,PRD15,3,2,Qualified,689.05,OK,20251007,
OPP03148,REP023,PRD04,4,1,Qualified,278.36,OK,20260618,
OPP03149,REP015,PRD10,4,4,Proposal,50.84,OK,20260624,
OPP03150,REP018,PRD01,5,1,Closed Won,192.33,OK,20260730,20260805
OPP03151,REP004,PRD13,5,1,Closed Won,537.44,OK,20260726,20260726
OPP03152,REP040,PRD11,2,2,Proposal,5434.1,OK,20260819,
OPP03153,REP013,PRD15,5,4,Qualified,698.97,OK,20250810,
OPP03154,REP017,PRD04,4,4,Closed Won,132.06,REVIEW,20260605,20260825
OPP03155,REP015,PRD06,4,2,Closed Won,106.34,OK,20260714,20260901
OPP03156,REP004,PRD05,5,3,Lead,530.21,OK,20251118,
OPP03157,REP037,PRD08,3,2,Qualified,2211.5,OK,20251115,
OPP03158,REP010,PRD11,5,2,Proposal,230.26,OK,20251011,
OPP03159,REP032,PRD07,4,1,Lead,76.7,OK,20250922,
OPP03160,REP003,PRD04,3,1,Closed Won,36.98,OK,20260430,20260824
OPP03161,REP029,PRD11,4,2,Lead,1714.8,OK,20260310,
OPP03162,REP010,PRD06,5,2,Lead,123.86,OK,20260730,
OPP03163,REP028,PRD07,2,2,Closed Lost,42.3,OK,20260428,20260718
OPP03164,REP016,PRD12,2,2,Lead,148.41,OK,20260112,
OPP03165,REP037,PRD15,3,1,Qualified,1495.94,OK,20260201,
OPP03166,REP026,PRD15,3,2,Lead,2908.25,OK,20260509,
OPP03167,REP010,PRD06,5,1,Closed Won,80.5,OK,20260327,20260523
OPP03168,REP017,PRD13,4,4,Closed Won,37.91,OK,20260620,20260702
OPP03169,REP005,PRD03,5,5,Qualified,157.79,OK,20251019,
OPP03170,REP017,PRD10,4,1,Qualified,70.2,OK,20260520,
OPP03171,REP017,PRD08,4,3,Qualified,2172.16,OK,20260805,
OPP03172,REP026,PRD03,3,1,Proposal,1252.72,OK,20260221,
OPP03173,REP027,PRD02,3,5,Qualified,57.62,OK,20260304,
OPP03174,REP027,PRD04,3,1,Lead,19.57,OK,20251219,
OPP03175,REP037,PRD15,3,2,Qualified,1360.44,OK,20251207,
OPP03176,REP030,PRD06,4,2,Lead,266.64,OK,20251213,
OPP03177,REP003,PRD15,3,2,Lead,1685.98,OK,20260214,
OPP03178,REP025,PRD12,1,4,Lead,146.06,OK,20260329,
OPP03179,REP005,PRD15,5,1,Proposal,307.32,OK,20251015,
OPP03180,REP024,PRD15,1,1,Lead,758.23,OK,20251119,
OPP03181,REP017,PRD05,4,4,Closed Lost,104.38,OK,20260730,20260825
OPP03182,REP035,PRD06,3,3,Lead,118.62,OK,20260311,
OPP03183,REP018,PRD09,5,4,Qualified,554.25,OK,20251001,
OPP03184,REP036,PRD01,5,3,Qualified,44.57,OK,20260403,
OPP03185,REP028,PRD11,2,5,Closed Lost,3966.97,OK,20260712,20260821
OPP03186,REP026,PRD05,3,1,Lead,947.62,OK,20260822,
OPP03187,REP036,PRD13,5,3,Qualified,170.62,OK,20260211,
OPP03188,REP027,PRD08,3,2,Qualified,7706.31,OK,20260528,
OPP03189,REP013,PRD04,5,1,Proposal,122.87,OK,20250713,
OPP03190,REP018,PRD11,5,2,Lead,226.1,OK,20260814,
OPP03191,REP038,PRD09,5,3,Qualified,264.58,OK,20250924,
OPP03192,REP023,PRD05,4,1,Lead,728.86,OK,20250723,
OPP03193,REP007,PRD08,3,2,Qualified,753.0,OK,20260425,
OPP03194,REP013,PRD13,5,4,Qualified,639.96,OK,20251024,
OPP03195,REP008,PRD06,3,1,Proposal,365.53,OK,20250814,
OPP03196,REP040,PRD12,2,3,Closed Lost,115.54,OK,20250816,20251101
OPP03197,REP019,PRD07,1,1,Qualified,68.37,OK,20260127,
OPP03198,REP040,PRD10,2,3,Qualified,50.34,OK,20251106,
OPP03199,REP011,PRD08,4,1,Closed Won,2075.93,OK,20260211,20260519
OPP03200,REP010,PRD04,5,1,Closed Won,94.63,OK,20251025,20251118
OPP03201,REP014,PRD06,2,1,Proposal,97.82,OK,20260218,
OPP03202,REP015,PRD09,4,2,Proposal,976.25,OK,20251209,
OPP03203,REP015,PRD10,4,4,Qualified,87.4,OK,20260828,
OPP03204,REP004,PRD09,5,5,Lead,194.5,OK,20250729,
OPP03205,REP034,PRD09,1,2,Qualified,155.86,OK,20260408,
OPP03206,REP020,PRD07,4,2,Qualified,29.82,OK,20260620,
OPP03207,REP020,PRD04,4,1,Lead,115.29,OK,20250921,
OPP03208,REP027,PRD10,3,5,Closed Lost,3.26,OK,20251225,20260902
OPP03209,REP014,PRD08,2,1,Qualified,2518.83,OK,20260502,
OPP03210,REP037,PRD06,3,4,Qualified,302.14,OK,20260104,
OPP03211,REP017,PRD11,4,2,Qualified,5543.59,OK,20260804,
OPP03212,REP030,PRD08,4,2,Lead,841.64,OK,20260212,
OPP03213,REP016,PRD08,2,2,Proposal,5005.12,OK,20250809,
OPP03214,REP018,PRD02,5,3,Lead,540.58,OK,20260426,
OPP03215,REP007,PRD05,3,4,Qualified,723.33,OK,20260501,
OPP03216,REP024,PRD14,1,2,Closed Won,39.81,OK,20260523,20260722
OPP03217,REP013,PRD08,5,2,Lead,1146.93,OK,20250814,
OPP03218,REP022,PRD14,5,3,Qualified,50.26,OK,20250714,
OPP03219,REP011,PRD12,4,1,Lead,180.57,OK,20260115,
OPP03220,REP010,PRD12,5,2,Qualified,397.76,OK,20251208,
OPP03221,REP035,PRD03,3,1,Qualified,114.16,OK,20260613,
OPP03222,REP008,PRD01,3,2,Closed Won,176.61,OK,20251226,20260829
OPP03223,REP038,PRD03,5,3,Qualified,141.45,OK,20260415,
OPP03224,REP037,PRD15,3,5,Lead,1286.55,OK,20260901,
OPP03225,REP035,PRD03,3,2,Qualified,445.55,OK,20251203,
OPP03226,REP034,PRD15,1,5,Closed Lost,839.07,OK,20251201,20260325
OPP03227,REP034,PRD08,1,2,Lead,5949.61,OK,20260617,
OPP03228,REP021,PRD04,2,5,Qualified,56.06,OK,20251118,
OPP03229,REP020,PRD03,4,4,Closed Won,89.56,OK,20250830,20251110
OPP03230,REP013,PRD01,5,3,Closed Won,61.63,OK,20251115,20260827
OPP03231,REP022,PRD03,5,3,Qualified,540.63,OK,20260807,
OPP03232,REP006,PRD14,2,3,Qualified,194.46,OK,20251004,
OPP03233,REP037,PRD05,3,1,Qualified,236.13,OK,20260422,
OPP03234,REP007,PRD13,3,4,Lead,167.2,OK,20250804,
OPP03235,REP037,PRD11,3,2,Qualified,2202.32,OK,20260601,
OPP03236,REP007,PRD06,3,2,Qualified,197.04,OK,20260205,
OPP03237,REP007,PRD07,3,1,Qualified,168.14,OK,20260125,
OPP03238,REP025,PRD10,1,5,Proposal,83.37,OK,20251013,
OPP03239,REP015,PRD09,4,3,Proposal,733.39,OK,20251105,
OPP03240,REP033,PRD08,4,1,Closed Won,3194.67,OK,20260118,20260120
OPP03241,REP037,PRD08,3,5,Lead,2247.98,OK,20260317,
OPP03242,REP023,PRD09,4,3,Lead,611.62,OK,20260701,
OPP03243,REP006,PRD07,2,1,Closed Lost,69.45,OK,20251101,20251116
OPP03244,REP004,PRD14,5,2,Proposal,175.29,OK,20251031,
OPP03245,REP022,PRD14,5,2,Qualified,78.54,OK,20260311,
OPP03246,REP001,PRD01,4,1,Proposal,81.64,OK,20250812,
OPP03247,REP006,PRD12,2,4,Qualified,199.06,OK,20260222,
OPP03248,REP002,PRD05,5,5,Lead,480.45,OK,20260720,
OPP03249,REP027,PRD15,3,1,Closed Lost,1188.51,OK,20260408,20260422
OPP03250,REP021,PRD07,2,3,Lead,62.86,OK,20260307,
OPP03251,REP003,PRD15,3,1,Lead,1071.9,OK,20260816,
OPP03252,REP003,PRD03,3,2,Lead,379.35,OK,20251221,
OPP03253,REP010,PRD09,5,2,Proposal,692.54,OK,20251123,
OPP03254,REP035,PRD11,3,4,Closed Won,2920.34,OK,20260812,20260813
OPP03255,REP002,PRD12,5,2,Closed Lost,416.58,OK,20260731,20260807
OPP03256,REP016,PRD12,2,2,Qualified,510.17,OK,20260523,
OPP03257,REP010,PRD06,5,1,Lead,454.03,OK,20260829,
OPP03258,REP032,PRD02,4,1,Closed Lost,44.15,OK,20260825,20260829
OPP03259,REP001,PRD02,4,1,Lead,79.83,OK,20250913,
OPP03260,REP008,PRD09,3,1,Qualified,159.04,OK,20260401,
OPP03261,REP032,PRD01,4,1,Proposal,145.91,OK,20251222,
OPP03262,REP032,PRD08,4,1,Qualified,1177.77,OK,20251216,
OPP03263,REP005,PRD10,5,4,Qualified,27.76,OK,20260318,
OPP03264,REP003,PRD14,3,1,Closed Lost,136.62,OK,20260318,20260527
OPP03265,REP007,PRD15,3,2,Proposal,4122.61,OK,20260217,
OPP03266,REP022,PRD09,5,2,Closed Won,398.63,OK,20251220,20260817
OPP03267,REP030,PRD07,4,4,Lead,224.91,OK,20260820,
OPP03268,REP026,PRD05,3,5,Lead,882.63,OK,20260707,
OPP03269,REP011,PRD10,4,1,Closed Lost,125.65,OK,20250710,20251007
OPP03270,REP016,PRD14,2,2,Qualified,27.71,OK,20260329,
OPP03271,REP008,PRD06,3,3,Qualified,314.57,OK,20260615,
OPP03272,REP029,PRD03,4,2,Lead,932.3,OK,20260106,
OPP03273,REP023,PRD09,4,3,Lead,195.15,OK,20260109,
OPP03274,REP023,PRD11,4,3,Lead,724.53,OK,20250803,
OPP03275,REP030,PRD04,4,2,Lead,48.3,OK,20260310,
OPP03276,REP017,PRD09,4,2,Proposal,446.29,OK,20260426,
OPP03277,REP018,PRD15,5,1,Qualified,1072.9,OK,20250930,
OPP03278,REP016,PRD02,2,4,Qualified,72.65,OK,20260429,
OPP03279,REP008,PRD10,3,2,Proposal,46.07,OK,20260119,
OPP03280,REP033,PRD04,4,2,Proposal,107.68,OK,20260827,
OPP03281,REP017,PRD05,4,3,Lead,1379.23,OK,20260208,
OPP03282,REP008,PRD05,3,1,Closed Won,356.3,OK,20250723,20260828
OPP03283,REP028,PRD06,2,3,Lead,36.97,OK,20260421,
OPP03284,REP015,PRD10,4,2,Closed Lost,92.66,OK,20260807,20260831
OPP03285,REP022,PRD03,5,4,Lead,129.9,OK,20260615,
OPP03286,REP018,PRD10,5,2,Lead,118.51,OK,20260717,
OPP03287,REP010,PRD14,5,1,Qualified,61.65,OK,20250807,
OPP03288,REP040,PRD11,2,2,Proposal,2409.13,OK,20260219,
OPP03289,REP038,PRD02,5,1,Lead,97.25,OK,20251130,
OPP03290,REP026,PRD14,3,2,Lead,20.33,OK,20260309,
OPP03291,REP040,PRD14,2,1,Proposal,128.92,OK,20260807,
OPP03292,REP012,PRD15,3,1,Qualified,301.64,OK,20250905,
OPP03293,REP014,PRD02,2,1,Qualified,82.8,OK,20250916,
OPP03294,REP031,PRD09,3,3,Qualified,197.01,OK,20251111,
OPP03295,REP027,PRD06,3,2,Qualified,164.84,OK,20260825,
OPP03296,REP022,PRD06,5,1,Proposal,184.62,OK,20260822,
OPP03297,REP008,PRD05,3,2,Lead,1300.67,OK,20250709,
OPP03298,REP019,PRD15,1,3,Lead,726.51,OK,20250823,
OPP03299,REP022,PRD12,5,1,Proposal,66.29,OK,20251214,
OPP03300,REP031,PRD04,3,1,Proposal,23.81,OK,20251216,
OPP03301,REP023,PRD12,4,1,Qualified,220.8,OK,20260529,
OPP03302,REP034,PRD12,1,4,Qualified,218.47,OK,20250922,
OPP03303,REP024,PRD05,1,3,Qualified,1333.68,OK,20251210,
OPP03304,REP020,PRD15,4,5,Qualified,317.69,OK,20260825,
OPP03305,REP035,PRD12,3,4,Proposal,209.86,OK,20260607,
OPP03306,REP036,PRD03,5,1,Qualified,763.57,OK,20250829,
OPP03307,REP037,PRD12,3,1,Qualified,124.61,OK,20251031,
OPP03308,REP021,PRD05,2,3,Qualified,1180.54,OK,20250722,
OPP03309,REP013,PRD15,5,3,Proposal,421.31,OK,20260625,
OPP03310,REP032,PRD14,4,1,Lead,311.6,OK,20260318,
OPP03311,REP005,PRD09,5,4,Qualified,168.68,OK,20250802,
OPP03312,REP013,PRD02,5,4,Closed Won,331.82,OK,20250909,20251007
OPP03313,REP024,PRD11,1,1,Proposal,631.82,OK,20250815,
OPP03314,REP011,PRD03,4,1,Qualified,341.2,OK,20251119,
OPP03315,REP020,PRD05,4,1,Lead,96.8,OK,20260115,
OPP03316,REP010,PRD13,5,2,Proposal,78.41,OK,20250827,
OPP03317,REP020,PRD15,4,2,Lead,1185.16,OK,20251227,
OPP03318,REP003,PRD12,3,1,Closed Won,321.94,OK,20260120,20260627
OPP03319,REP011,PRD02,4,1,Proposal,189.13,OK,20260501,
OPP03320,REP003,PRD07,3,1,Qualified,50.46,OK,20260619,
OPP03321,REP018,PRD05,5,5,Lead,3296.25,OK,20260514,
OPP03322,REP013,PRD13,5,4,Lead,259.47,OK,20260605,
OPP03323,REP026,PRD09,3,2,Lead,481.18,OK,20260306,
OPP03324,REP001,PRD06,4,1,Closed Won,167.29,OK,20250717,20260515
OPP03325,REP030,PRD02,4,1,Qualified,86.19,OK,20251003,
OPP03326,REP016,PRD05,2,2,Closed Won,1248.28,OK,20260823,20260823
OPP03327,REP025,PRD15,1,2,Lead,249.77,OK,20250822,
OPP03328,REP001,PRD05,4,4,Qualified,814.35,OK,20250808,
OPP03329,REP011,PRD10,4,2,Proposal,50.02,OK,20250829,
OPP03330,REP006,PRD09,2,4,Qualified,513.85,OK,20260407,
OPP03331,REP002,PRD05,5,2,Lead,0.0,REVIEW,20260729,
OPP03332,REP033,PRD07,4,4,Lead,54.29,OK,20250924,
OPP03333,REP001,PRD13,4,2,Closed Won,202.95,OK,20260214,20260611
OPP03334,REP008,PRD08,3,3,Closed Won,5420.12,OK,20250909,20251227
OPP03335,REP028,PRD04,2,5,Proposal,39.7,OK,20260608,
OPP03336,REP013,PRD09,5,3,Proposal,48.48,OK,20260426,
OPP03337,REP020,PRD02,4,2,Proposal,25.7,OK,20260506,
OPP03338,REP026,PRD04,3,2,Qualified,24.55,OK,20250727,
OPP03339,REP030,PRD14,4,1,Qualified,113.39,OK,20260707,
OPP03340,REP015,PRD15,4,5,Qualified,1317.11,OK,20251102,
OPP03341,REP026,PRD02,3,1,Qualified,77.45,OK,20260822,
OPP03342,REP020,PRD14,4,1,Qualified,105.9,OK,20251221,
OPP03343,REP008,PRD12,3,1,Closed Won,131.47,OK,20251017,20260803
OPP03344,REP001,PRD06,4,3,Proposal,288.04,OK,20260503,
OPP03345,REP013,PRD05,5,1,Qualified,1497.97,OK,20260831,
OPP03346,REP007,PRD11,3,2,Closed Won,674.94,OK,20260218,20260414
OPP03347,REP011,PRD03,4,4,Closed Won,367.25,OK,20260220,20260714
OPP03348,REP009,PRD04,3,1,Closed Won,121.51,OK,20250712,20251029
OPP03349,REP026,PRD14,3,2,Lead,68.37,OK,20251007,
OPP03350,REP012,PRD11,3,5,Qualified,3094.96,OK,20250805,
OPP03351,REP021,PRD03,2,3,Qualified,216.37,OK,20250707,
OPP03352,REP018,PRD15,5,5,Proposal,1166.87,OK,20260506,
OPP03353,REP037,PRD10,3,1,Lead,37.9,OK,20260825,
OPP03354,REP013,PRD11,5,1,Proposal,1143.37,OK,20250908,
OPP03355,REP027,PRD14,3,3,Qualified,160.44,OK,20260225,
OPP03356,REP015,PRD04,4,1,Closed Won,7.23,OK,20251214,20260426
OPP03357,REP030,PRD15,4,2,Closed Lost,1013.91,OK,20251215,20260524
OPP03358,REP018,PRD07,5,5,Qualified,38.18,OK,20260806,
OPP03359,REP009,PRD01,3,2,Proposal,25.49,OK,20251022,
OPP03360,REP017,PRD02,4,3,Lead,322.42,OK,20251106,
OPP03361,REP030,PRD11,4,2,Closed Won,1027.04,OK,20251123,20260216
OPP03362,REP010,PRD11,5,2,Qualified,1418.82,OK,20260116,
OPP03363,REP033,PRD13,4,4,Qualified,161.44,OK,20251201,
OPP03364,REP006,PRD12,2,5,Lead,915.27,OK,20251001,
OPP03365,REP015,PRD02,4,3,Lead,468.8,OK,20251121,
OPP03366,REP034,PRD03,1,1,Qualified,154.42,OK,20250815,
OPP03367,REP037,PRD11,3,1,Proposal,482.05,OK,20260627,
OPP03368,REP027,PRD15,3,3,Closed Lost,591.54,OK,20250829,20251219
OPP03369,REP001,PRD01,4,1,Proposal,14.2,OK,20250825,
OPP03370,REP010,PRD15,5,1,Closed Lost,1362.4,OK,20260114,20260221
OPP03371,REP036,PRD10,5,1,Qualified,36.51,OK,20251204,
OPP03372,REP036,PRD07,5,2,Proposal,56.78,OK,20260717,
OPP03373,REP039,PRD02,1,2,Proposal,235.73,OK,20260317,
OPP03374,REP003,PRD11,3,2,Lead,2784.95,OK,20260407,
OPP03375,REP032,PRD07,4,4,Qualified,31.28,OK,20251011,
OPP03376,REP040,PRD06,2,5,Lead,93.1,OK,20260102,
OPP03377,REP017,PRD10,4,3,Lead,55.31,OK,20250919,
OPP03378,REP013,PRD12,5,2,Qualified,479.37,OK,20260210,
OPP03379,REP007,PRD11,3,2,Qualified,2431.59,OK,20250827,
OPP03380,REP017,PRD05,4,4,Closed Won,656.41,OK,20251201,20260403
OPP03381,REP019,PRD11,1,1,Lead,2430.68,OK,20260716,
OPP03382,REP024,PRD15,1,1,Lead,1699.87,OK,20260619,
OPP03383,REP030,PRD10,4,2,Closed Won,35.1,OK,20260316,20260713
OPP03384,REP001,PRD12,4,2,Lead,79.44,OK,20260226,
OPP03385,REP032,PRD14,4,2,Qualified,219.22,OK,20251030,
OPP03386,REP018,PRD01,5,2,Qualified,27.16,OK,20260413,
OPP03387,REP013,PRD07,5,1,Qualified,154.36,OK,20260306,
OPP03388,REP006,PRD09,2,3,Qualified,134.01,OK,20260601,
OPP03389,REP018,PRD07,5,3,Lead,120.77,OK,20251111,
OPP03390,REP035,PRD11,3,1,Proposal,903.34,OK,20250707,
OPP03391,REP035,PRD13,3,3,Closed Lost,289.56,OK,20260304,20260420
OPP03392,REP037,PRD15,3,3,Qualified,2186.05,OK,20251223,
OPP03393,REP038,PRD08,5,3,Lead,605.68,OK,20260607,
OPP03394,REP010,PRD06,5,4,Qualified,499.29,OK,20260203,
OPP03395,REP029,PRD10,4,1,Closed Lost,14.49,OK,20260409,20260505
OPP03396,REP039,PRD03,1,1,Qualified,117.54,OK,20260318,
OPP03397,REP001,PRD03,4,2,Lead,189.88,OK,20260711,
OPP03398,REP002,PRD02,5,3,Closed Lost,273.54,OK,20260628,20260810
OPP03399,REP033,PRD06,4,4,Qualified,1058.11,OK,20260408,
OPP03400,REP017,PRD03,4,4,Lead,561.02,OK,20260226,
OPP03401,REP036,PRD07,5,3,Qualified,136.17,OK,20260717,
OPP03402,REP014,PRD05,2,3,Closed Lost,830.14,OK,20250926,20251203
OPP03403,REP040,PRD13,2,3,Proposal,195.86,OK,20250905,
OPP03404,REP026,PRD11,3,1,Proposal,807.4,OK,20260206,
OPP03405,REP032,PRD11,4,2,Lead,1512.1,OK,20251020,
OPP03406,REP025,PRD06,1,2,Lead,396.42,OK,20260826,
OPP03407,REP028,PRD10,2,1,Qualified,26.41,OK,20251203,
OPP03408,REP014,PRD08,2,3,Qualified,599.79,OK,20260124,
OPP03409,REP023,PRD01,4,3,Proposal,63.44,OK,20250901,
OPP03410,REP040,PRD13,2,1,Proposal,23.05,OK,20250831,
OPP03411,REP016,PRD02,2,2,Closed Won,127.86,OK,20250718,20260815
OPP03412,REP016,PRD08,2,2,Lead,232.37,OK,20250728,
OPP03413,REP006,PRD13,2,5,Proposal,88.34,OK,20260514,
OPP03414,REP016,PRD04,2,5,Closed Lost,117.66,OK,20251216,20251230
OPP03415,REP033,PRD06,4,5,Lead,386.67,OK,20260122,
OPP03416,REP034,PRD07,1,1,Closed Won,69.13,OK,20260830,20260902
OPP03417,REP033,PRD04,4,2,Qualified,47.66,OK,20260705,
OPP03418,REP037,PRD13,3,2,Proposal,213.14,OK,20251027,
OPP03419,REP026,PRD14,3,4,Lead,44.07,OK,20260414,
OPP03420,REP036,PRD08,5,5,Lead,6391.56,OK,20260504,
OPP03421,REP039,PRD09,1,2,Closed Won,515.93,OK,20251224,20260809
OPP03422,REP002,PRD06,5,2,Proposal,910.78,OK,20260215,
OPP03423,REP004,PRD13,5,2,Proposal,302.36,OK,20251015,
OPP03424,REP012,PRD06,3,4,Lead,1060.81,OK,20260629,
OPP03425,REP028,PRD13,2,1,Closed Lost,30.6,OK,20260728,20260821
OPP03426,REP035,PRD15,3,2,Qualified,1239.55,OK,20250912,
OPP03427,REP037,PRD13,3,2,Lead,210.91,OK,20260508,
OPP03428,REP034,PRD07,1,3,Qualified,8.91,OK,20260412,
OPP03429,REP014,PRD06,2,4,Proposal,70.33,OK,20260729,
OPP03430,REP003,PRD05,3,3,Lead,777.27,OK,20250712,
OPP03431,REP003,PRD09,3,5,Qualified,364.77,OK,20260105,
OPP03432,REP025,PRD04,1,2,Lead,194.79,OK,20251109,
OPP03433,REP010,PRD11,5,1,Proposal,439.52,OK,20260807,
OPP03434,REP019,PRD01,1,2,Proposal,6.56,OK,20251021,
OPP03435,REP016,PRD13,2,1,Lead,194.1,OK,20260615,
OPP03436,REP026,PRD14,3,5,Closed Won,103.03,OK,20251104,20260112
OPP03437,REP011,PRD08,4,1,Qualified,627.05,OK,20251025,
OPP03438,REP037,PRD04,3,4,Lead,49.19,OK,20260714,
OPP03439,REP014,PRD14,2,2,Proposal,28.11,OK,20260408,
OPP03440,REP010,PRD15,5,1,Qualified,1817.81,OK,20250804,
OPP03441,REP029,PRD03,4,5,Qualified,479.07,OK,20251220,
OPP03442,REP001,PRD15,4,1,Lead,167.91,OK,20260717,
OPP03443,REP030,PRD05,4,5,Proposal,2413.26,OK,20251231,
OPP03444,REP004,PRD14,5,1,Proposal,248.17,OK,20250821,
OPP03445,REP011,PRD11,4,2,Proposal,650.62,OK,20260125,
OPP03446,REP021,PRD14,2,1,Qualified,117.93,OK,20260416,
OPP03447,REP001,PRD14,4,2,Proposal,60.94,OK,20260101,
OPP03448,REP023,PRD01,4,1,Qualified,63.11,OK,20250806,
OPP03449,REP003,PRD06,3,2,Qualified,634.67,OK,20251211,
OPP03450,REP027,PRD12,3,5,Closed Lost,534.86,OK,20260810,20260901
OPP03451,REP032,PRD15,4,5,Closed Lost,1211.78,OK,20260410,20260624
OPP03452,REP007,PRD07,3,5,Closed Won,107.42,OK,20260703,20260816
OPP03453,REP008,PRD06,3,1,Closed Lost,37.41,OK,20250809,20250908
OPP03454,REP039,PRD02,1,1,Proposal,73.97,OK,20260312,
OPP03455,REP008,PRD10,3,2,Qualified,130.88,OK,20250922,
OPP03456,REP025,PRD05,1,2,Proposal,746.23,OK,20260812,
OPP03457,REP009,PRD08,3,2,Qualified,1467.79,OK,20260201,
OPP03458,REP032,PRD11,4,1,Proposal,2244.18,OK,20260124,
OPP03459,REP019,PRD11,1,2,Qualified,963.12,OK,20260830,
OPP03460,REP006,PRD11,2,4,Lead,384.92,OK,20251116,
OPP03461,REP027,PRD04,3,4,Qualified,46.6,OK,20260422,
OPP03462,REP031,PRD12,3,3,Closed Won,312.44,OK,20260424,20260703
OPP03463,REP016,PRD01,2,3,Closed Lost,58.63,OK,20250902,20260321
OPP03464,REP023,PRD01,4,2,Proposal,42.08,OK,20260115,
OPP03465,REP030,PRD05,4,2,Lead,526.01,OK,20260422,
OPP03466,REP031,PRD11,3,2,Qualified,2320.19,OK,20251224,
OPP03467,REP040,PRD10,2,1,Lead,49.88,OK,20260809,
OPP03468,REP033,PRD01,4,3,Qualified,88.9,OK,20260515,
OPP03469,REP033,PRD05,4,3,Lead,876.21,OK,20260404,
OPP03470,REP001,PRD01,4,2,Closed Won,20.72,OK,20260328,20260630
OPP03471,REP023,PRD03,4,1,Lead,1530.21,OK,20260713,
OPP03472,REP015,PRD01,4,2,Lead,107.25,OK,20250709,
OPP03473,REP036,PRD05,5,2,Qualified,451.19,OK,20260728,
OPP03474,REP021,PRD04,2,1,Closed Won,46.09,OK,20251019,20260407
OPP03475,REP032,PRD04,4,4,Closed Won,7.16,OK,20251109,20260206
OPP03476,REP034,PRD15,1,1,Closed Lost,2943.78,OK,20250901,20260319
OPP03477,REP031,PRD10,3,2,Qualified,15.0,OK,20260207,
OPP03478,REP024,PRD14,1,1,Lead,107.99,OK,20251215,
OPP03479,REP032,PRD08,4,5,Lead,1212.34,OK,20251028,
OPP03480,REP031,PRD08,3,5,Proposal,964.23,OK,20251126,
OPP03481,REP008,PRD04,3,4,Lead,76.2,OK,20251103,
OPP03482,REP018,PRD09,5,2,Lead,467.75,OK,20260411,
OPP03483,REP036,PRD07,5,1,Proposal,41.11,OK,20251003,
OPP03484,REP025,PRD15,1,3,Proposal,1720.85,OK,20251229,
OPP03485,REP029,PRD02,4,2,Lead,29.32,OK,20260522,
OPP03486,REP016,PRD02,2,2,Proposal,32.46,OK,20260317,
OPP03487,REP034,PRD14,1,1,Qualified,89.19,OK,20250930,
OPP03488,REP022,PRD10,5,2,Lead,30.96,OK,20260713,
OPP03489,REP013,PRD11,5,2,Lead,2830.46,OK,20260710,
OPP03490,REP008,PRD14,3,5,Proposal,87.29,OK,20260711,
OPP03491,REP001,PRD04,4,2,Lead,14.78,OK,20251214,
OPP03492,REP018,PRD05,5,4,Closed Won,282.58,OK,20251106,20260715
OPP03493,REP017,PRD07,4,1,Qualified,83.35,OK,20260519,
OPP03494,REP022,PRD05,5,2,Qualified,332.88,OK,20250721,
OPP03495,REP001,PRD14,4,2,Closed Won,73.46,OK,20260109,20260125
OPP03496,REP025,PRD15,1,1,Lead,3716.51,OK,20251011,
OPP03497,REP036,PRD15,5,4,Qualified,892.83,OK,20251106,
OPP03498,REP025,PRD06,1,3,Qualified,220.19,OK,20251016,
OPP03499,REP014,PRD03,2,3,Closed Lost,1240.47,OK,20260806,20260807
OPP03500,REP029,PRD04,4,5,Closed Won,167.55,OK,20251026,20251116
OPP03501,REP031,PRD05,3,2,Proposal,2282.85,OK,20251110,
OPP03502,REP003,PRD08,3,5,Lead,5145.9,OK,20260120,
OPP03503,REP008,PRD03,3,5,Lead,286.43,OK,20251120,
OPP03504,REP036,PRD15,5,1,Qualified,49.63,OK,20260809,
OPP03505,REP039,PRD07,1,4,Lead,253.81,OK,20260514,
OPP03506,REP011,PRD13,4,1,Proposal,192.27,OK,20250718,
OPP03507,REP013,PRD14,5,3,Closed Won,63.47,OK,20260209,20260314
OPP03508,REP006,PRD11,2,2,Proposal,1981.86,OK,20251219,
OPP03509,REP030,PRD05,4,2,Lead,945.33,OK,20260617,
OPP03510,REP030,PRD15,4,3,Lead,1315.43,OK,20260705,
OPP03511,REP021,PRD02,2,3,Closed Lost,106.86,OK,20260713,20260729
OPP03512,REP010,PRD08,5,2,Proposal,1295.66,OK,20251221,
OPP03513,REP024,PRD11,1,5,Qualified,946.57,OK,20260519,
OPP03514,REP010,PRD07,5,1,Lead,138.36,OK,20251022,
OPP03515,REP037,PRD12,3,5,Proposal,234.67,OK,20251122,
OPP03516,REP004,PRD03,5,2,Proposal,682.85,OK,20260804,
OPP03517,REP031,PRD04,3,2,Lead,151.17,OK,20260125,
OPP03518,REP027,PRD10,3,1,Proposal,20.54,OK,20251111,
OPP03519,REP028,PRD02,2,1,Proposal,302.18,OK,20260327,
OPP03520,REP026,PRD15,3,3,Closed Lost,538.04,OK,20260621,20260817
OPP03521,REP001,PRD01,4,1,Proposal,35.54,OK,20250826,
OPP03522,REP007,PRD01,3,2,Lead,73.99,OK,20251229,
OPP03523,REP001,PRD04,4,1,Qualified,71.3,OK,20260423,
OPP03524,REP003,PRD02,3,3,Qualified,50.43,OK,20260429,
OPP03525,REP033,PRD08,4,1,Closed Lost,946.94,OK,20251014,20251125
OPP03526,REP021,PRD10,2,2,Proposal,11.07,OK,20250716,
OPP03527,REP007,PRD11,3,3,Proposal,1688.61,OK,20251208,
OPP03528,REP010,PRD10,5,1,Lead,79.05,OK,20260814,
OPP03529,REP014,PRD05,2,1,Qualified,1773.73,OK,20260730,
OPP03530,REP011,PRD10,4,1,Lead,50.71,OK,20260526,
OPP03531,REP026,PRD15,3,2,Proposal,2700.53,OK,20251028,
OPP03532,REP038,PRD05,5,2,Proposal,1046.17,OK,20250916,
OPP03533,REP017,PRD14,4,1,Lead,198.51,OK,20251118,
OPP03534,REP032,PRD07,4,1,Closed Lost,39.36,OK,20260708,20260711
OPP03535,REP004,PRD12,5,1,Proposal,185.51,OK,20260820,
OPP03536,REP037,PRD09,3,5,Closed Won,351.47,OK,20260729,20260803
OPP03537,REP022,PRD06,5,1,Proposal,393.9,OK,20250914,
OPP03538,REP006,PRD06,2,4,Qualified,117.31,OK,20260713,
OPP03539,REP037,PRD10,3,1,Qualified,59.85,OK,20251013,
OPP03540,REP019,PRD03,1,4,Qualified,196.18,OK,20260826,
OPP03541,REP003,PRD10,3,4,Lead,42.31,OK,20250704,
OPP03542,REP033,PRD08,4,2,Closed Lost,2739.33,OK,20260604,20260724
OPP03543,REP010,PRD03,5,4,Lead,1033.33,OK,20260526,
OPP03544,REP030,PRD05,4,4,Lead,1815.09,OK,20260417,
OPP03545,REP009,PRD08,3,1,Lead,2844.85,OK,20250806,
OPP03546,REP023,PRD14,4,5,Lead,88.87,OK,20260819,
OPP03547,REP023,PRD02,4,2,Closed Lost,76.03,OK,20260602,20260624
OPP03548,REP014,PRD15,2,2,Qualified,198.99,OK,20260713,
OPP03549,REP010,PRD13,5,1,Lead,111.07,OK,20260426,
OPP03550,REP013,PRD05,5,4,Qualified,806.33,OK,20260402,
OPP03551,REP028,PRD04,2,2,Qualified,35.39,OK,20250917,
OPP03552,REP008,PRD07,3,2,Qualified,393.78,OK,20260530,
OPP03553,REP011,PRD04,4,4,Proposal,3.59,OK,20251015,
OPP03554,REP013,PRD13,5,1,Closed Lost,150.86,OK,20260117,20260721
OPP03555,REP030,PRD06,4,2,Qualified,500.33,OK,20251231,
OPP03556,REP029,PRD10,4,4,Lead,32.4,OK,20250907,
OPP03557,REP026,PRD01,3,3,Proposal,102.82,OK,20260209,
OPP03558,REP001,PRD04,4,2,Qualified,58.11,OK,20260830,
OPP03559,REP007,PRD04,3,2,Lead,4.76,OK,20260517,
OPP03560,REP004,PRD13,5,1,Closed Won,269.5,OK,20260120,20260403
OPP03561,REP024,PRD04,1,1,Proposal,140.38,OK,20250708,
OPP03562,REP007,PRD04,3,3,Proposal,303.73,OK,20250709,
OPP03563,REP032,PRD04,4,4,Lead,68.79,OK,20260813,
OPP03564,REP026,PRD10,3,4,Proposal,105.83,OK,20251003,
OPP03565,REP020,PRD05,4,2,Closed Won,326.12,OK,20260811,20260811
OPP03566,REP007,PRD03,3,5,Proposal,534.18,OK,20260421,
OPP03567,REP015,PRD11,4,1,Lead,677.86,OK,20251210,
OPP03568,REP009,PRD01,3,1,Lead,62.59,OK,20260306,
OPP03569,REP024,PRD09,1,4,Qualified,291.92,OK,20260517,
OPP03570,REP025,PRD01,1,1,Qualified,74.0,OK,20260411,
OPP03571,REP021,PRD05,2,2,Closed Lost,555.88,OK,20250924,20251123
OPP03572,REP029,PRD11,4,5,Closed Won,59.14,OK,20260530,20260801
OPP03573,REP011,PRD12,4,2,Lead,302.61,OK,20260117,
OPP03574,REP017,PRD11,4,2,Closed Lost,2008.72,OK,20260122,20260818
OPP03575,REP024,PRD14,1,4,Proposal,82.59,OK,20260528,
OPP03576,REP029,PRD04,4,5,Qualified,112.45,OK,20260414,
OPP03577,REP002,PRD15,5,1,Lead,350.28,OK,20260203,
OPP03578,REP035,PRD15,3,2,Qualified,2240.83,OK,20260508,
OPP03579,REP009,PRD11,3,1,Closed Lost,1514.64,OK,20251209,20260518
OPP03580,REP039,PRD07,1,2,Lead,114.04,OK,20260713,
OPP03581,REP003,PRD13,3,1,Proposal,43.14,OK,20251119,
OPP03582,REP023,PRD10,4,5,Qualified,46.8,OK,20260417,
OPP03583,REP011,PRD11,4,3,Qualified,2213.17,OK,20260714,
OPP03584,REP017,PRD11,4,1,Proposal,2277.56,OK,20260117,
OPP03585,REP040,PRD07,2,5,Closed Won,35.42,OK,20260227,20260619
OPP03586,REP031,PRD12,3,3,Proposal,609.95,OK,20260328,
OPP03587,REP025,PRD03,1,5,Lead,1190.2,OK,20260509,
OPP03588,REP007,PRD03,3,2,Closed Lost,293.0,OK,20251019,20260702
OPP03589,REP039,PRD15,1,1,Qualified,2537.35,OK,20251004,
OPP03590,REP009,PRD12,3,2,Lead,825.56,OK,20251229,
OPP03591,REP018,PRD11,5,2,Lead,305.12,OK,20260615,
OPP03592,REP016,PRD04,2,2,Closed Lost,27.14,OK,20251106,20251214
OPP03593,REP028,PRD09,2,2,Proposal,218.55,OK,20251217,
OPP03594,REP036,PRD07,5,4,Lead,37.81,OK,20260802,
OPP03595,REP004,PRD04,5,3,Qualified,40.17,OK,20260511,
OPP03596,REP040,PRD13,2,1,Lead,66.42,OK,20260323,
OPP03597,REP002,PRD14,5,2,Proposal,65.65,OK,20250813,
OPP03598,REP012,PRD11,3,2,Qualified,707.85,OK,20251105,
OPP03599,REP022,PRD05,5,3,Qualified,613.11,OK,20260502,
OPP03600,REP027,PRD07,3,2,Lead,116.09,OK,20250708,
OPP03601,REP013,PRD13,5,5,Lead,183.95,OK,20250912,
OPP03602,REP035,PRD10,3,5,Proposal,44.57,OK,20251024,
OPP03603,REP038,PRD08,5,1,Qualified,3583.92,OK,20260705,
OPP03604,REP024,PRD13,1,1,Qualified,143.97,OK,20260607,
OPP03605,REP007,PRD14,3,2,Lead,207.17,OK,20250910,
OPP03606,REP006,PRD14,2,4,Proposal,71.04,OK,20250822,
OPP03607,REP028,PRD05,2,2,Closed Lost,929.38,OK,20260124,20260420
OPP03608,REP031,PRD03,3,1,Qualified,127.84,OK,20260418,
OPP03609,REP012,PRD02,3,2,Lead,127.08,OK,20250904,
OPP03610,REP026,PRD15,3,1,Closed Won,231.33,OK,20250802,20260527
OPP03611,REP006,PRD10,2,3,Proposal,22.14,OK,20260511,
OPP03612,REP018,PRD14,5,1,Lead,194.96,OK,20260812,
OPP03613,REP017,PRD01,4,1,Lead,69.54,OK,20260211,
OPP03614,REP021,PRD08,2,5,Lead,201.96,OK,20250817,
OPP03615,REP008,PRD14,3,2,Proposal,52.44,OK,20251117,
OPP03616,REP017,PRD04,4,2,Lead,41.2,OK,20260722,
OPP03617,REP032,PRD10,4,5,Qualified,6.71,OK,20260609,
OPP03618,REP018,PRD11,5,1,Closed Won,1528.18,OK,20250712,20251215
OPP03619,REP010,PRD05,5,2,Lead,1406.58,OK,20260810,
OPP03620,REP021,PRD09,2,1,Lead,101.23,OK,20260211,
OPP03621,REP035,PRD13,3,2,Closed Lost,90.02,OK,20251202,20251215
OPP03622,REP011,PRD03,4,2,Lead,53.23,OK,20260804,
OPP03623,REP023,PRD02,4,3,Lead,65.73,OK,20260808,
OPP03624,REP031,PRD13,3,4,Lead,170.56,OK,20251230,
OPP03625,REP007,PRD01,3,2,Lead,44.6,OK,20251112,
OPP03626,REP037,PRD08,3,2,Lead,3204.78,OK,20250801,
OPP03627,REP008,PRD11,3,1,Closed Lost,206.4,OK,20260409,20260525
OPP03628,REP026,PRD15,3,4,Lead,2359.49,OK,20250704,
OPP03629,REP022,PRD05,5,4,Closed Won,717.52,OK,20251103,20251206
OPP03630,REP038,PRD03,5,3,Closed Lost,268.16,OK,20260203,20260708
OPP03631,REP025,PRD04,1,5,Lead,50.73,OK,20260404,
OPP03632,REP003,PRD11,3,2,Proposal,414.27,OK,20260506,
OPP03633,REP024,PRD09,1,1,Lead,296.25,OK,20260514,
OPP03634,REP029,PRD12,4,2,Lead,243.36,OK,20251206,
OPP03635,REP013,PRD06,5,2,Lead,258.43,OK,20260810,
OPP03636,REP030,PRD08,4,2,Qualified,1556.55,OK,20250715,
OPP03637,REP011,PRD08,4,2,Closed Lost,818.29,OK,20250826,20260817
OPP03638,REP037,PRD07,3,1,Closed Won,248.37,OK,20250912,20260413
OPP03639,REP031,PRD13,3,3,Qualified,92.84,OK,20260209,
OPP03640,REP006,PRD02,2,1,Lead,212.07,OK,20260331,
OPP03641,REP019,PRD15,1,4,Lead,1573.52,OK,20260330,
OPP03642,REP021,PRD06,2,2,Lead,279.3,OK,20260203,
OPP03643,REP032,PRD14,4,2,Lead,44.12,OK,20251226,
OPP03644,REP013,PRD10,5,2,Lead,16.94,OK,20251202,
OPP03645,REP004,PRD15,5,5,Lead,853.05,OK,20260622,
OPP03646,REP016,PRD12,2,5,Lead,35.32,OK,20260513,
OPP03647,REP016,PRD01,2,2,Qualified,0.0,REVIEW,20250707,
OPP03648,REP016,PRD07,2,2,Closed Lost,77.05,OK,20260122,20260330
OPP03649,REP017,PRD12,4,1,Qualified,48.26,OK,20260516,
OPP03650,REP015,PRD11,4,2,Qualified,153.3,OK,20260801,
OPP03651,REP013,PRD12,5,5,Closed Won,518.3,OK,20250924,20260428
OPP03652,REP013,PRD07,5,2,Lead,23.07,OK,20250829,
OPP03653,REP016,PRD10,2,2,Lead,27.01,OK,20260729,
OPP03654,REP005,PRD05,5,4,Proposal,826.86,OK,20260217,
OPP03655,REP023,PRD09,4,1,Lead,320.16,OK,20260325,
OPP03656,REP011,PRD14,4,5,Qualified,150.78,OK,20251002,
OPP03657,REP016,PRD06,2,2,Qualified,596.34,OK,20260806,
OPP03658,REP023,PRD15,4,3,Lead,2975.89,OK,20260120,
OPP03659,REP033,PRD05,4,5,Qualified,2886.52,OK,20260825,
OPP03660,REP032,PRD12,4,1,Qualified,426.72,OK,20260114,
OPP03661,REP003,PRD02,3,4,Qualified,26.09,OK,20260612,
OPP03662,REP018,PRD08,5,4,Proposal,191.14,OK,20260422,
OPP03663,REP024,PRD07,1,5,Closed Lost,23.0,OK,20260714,20260806
OPP03664,REP038,PRD13,5,1,Qualified,137.94,OK,20260324,
OPP03665,REP017,PRD12,4,1,Proposal,496.92,OK,20260625,
OPP03666,REP027,PRD11,3,2,Qualified,595.72,OK,20260626,
OPP03667,REP018,PRD06,5,3,Lead,368.44,OK,20250725,
OPP03668,REP030,PRD04,4,3,Qualified,32.48,OK,20260713,
OPP03669,REP037,PRD11,3,1,Lead,1574.53,OK,20251002,
OPP03670,REP034,PRD10,1,2,Qualified,124.46,OK,20260120,
OPP03671,REP018,PRD07,5,2,Proposal,66.11,OK,20250825,
OPP03672,REP015,PRD10,4,4,Proposal,57.49,OK,20260427,
OPP03673,REP009,PRD08,3,3,Qualified,3776.16,OK,20251222,
OPP03674,REP014,PRD05,2,4,Proposal,336.75,OK,20251229,
OPP03675,REP032,PRD12,4,2,Proposal,67.97,OK,20260306,
OPP03676,REP003,PRD15,3,2,Qualified,2172.07,OK,20260520,
OPP03677,REP001,PRD07,4,2,Qualified,242.98,OK,20260404,
OPP03678,REP028,PRD14,2,2,Closed Lost,32.42,OK,20260809,20260809
OPP03679,REP029,PRD03,4,4,Closed Won,47.47,OK,20260124,20260430
OPP03680,REP035,PRD02,3,2,Qualified,264.07,OK,20260212,
OPP03681,REP026,PRD10,3,2,Qualified,126.43,OK,20250914,
OPP03682,REP011,PRD09,4,1,Proposal,842.22,OK,20260509,
OPP03683,REP040,PRD10,2,4,Qualified,76.31,OK,20260326,
OPP03684,REP008,PRD02,3,1,Closed Lost,270.12,OK,20250901,20260404
OPP03685,REP025,PRD01,1,3,Closed Won,178.39,OK,20251119,20260523
OPP03686,REP034,PRD03,1,1,Lead,367.01,OK,20260304,
OPP03687,REP009,PRD13,3,2,Proposal,75.98,OK,20260404,
OPP03688,REP008,PRD11,3,3,Closed Lost,375.85,OK,20251220,20260730
OPP03689,REP013,PRD02,5,2,Lead,63.4,OK,20260128,
OPP03690,REP012,PRD08,3,1,Lead,1212.64,OK,20251122,
OPP03691,REP029,PRD05,4,1,Lead,234.84,OK,20251128,
OPP03692,REP014,PRD01,2,4,Closed Won,64.48,OK,20260726,20260830
OPP03693,REP009,PRD04,3,1,Qualified,168.92,OK,20251206,
OPP03694,REP022,PRD01,5,3,Closed Lost,56.58,OK,20260102,20260406
OPP03695,REP002,PRD02,5,1,Closed Won,143.27,OK,20260126,20260416
OPP03696,REP022,PRD06,5,4,Qualified,533.9,OK,20251229,
OPP03697,REP033,PRD15,4,2,Qualified,773.63,OK,20251208,
OPP03698,REP037,PRD14,3,2,Proposal,66.62,OK,20260113,
OPP03699,REP006,PRD07,2,4,Closed Lost,60.91,OK,20260406,20260506
OPP03700,REP026,PRD02,3,1,Proposal,306.63,OK,20250924,
OPP03701,REP011,PRD09,4,1,Qualified,305.07,OK,20251005,
OPP03702,REP014,PRD02,2,4,Lead,21.8,OK,20250902,
OPP03703,REP013,PRD09,5,1,Closed Lost,314.55,OK,20260721,20260819
OPP03704,REP001,PRD03,4,2,Lead,482.41,OK,20250709,
OPP03705,REP029,PRD15,4,2,Qualified,253.94,OK,20260828,
OPP03706,REP009,PRD05,3,1,Qualified,983.85,OK,20250805,
OPP03707,REP003,PRD03,3,5,Qualified,489.16,OK,20260713,
OPP03708,REP001,PRD09,4,2,Qualified,97.27,OK,20260418,
OPP03709,REP008,PRD07,3,4,Lead,216.17,OK,20260305,
OPP03710,REP022,PRD15,5,1,Proposal,1339.74,OK,20260721,
OPP03711,REP009,PRD06,3,4,Lead,338.02,OK,20260202,
OPP03712,REP026,PRD09,3,2,Lead,228.0,OK,20260720,
OPP03713,REP015,PRD01,4,1,Closed Won,23.73,OK,20251123,20260609
OPP03714,REP039,PRD04,1,4,Lead,34.74,OK,20260206,
OPP03715,REP036,PRD04,5,2,Closed Won,26.27,OK,20260509,20260621
OPP03716,REP013,PRD10,5,1,Closed Lost,15.53,OK,20251011,20251101
OPP03717,REP011,PRD13,4,5,Lead,212.33,OK,20260816,
OPP03718,REP021,PRD04,2,3,Closed Won,108.05,OK,20260528,20260828
OPP03719,REP015,PRD07,4,4,Proposal,206.66,OK,20260828,
OPP03720,REP029,PRD06,4,2,Closed Lost,65.71,OK,20250729,20260823
OPP03721,REP031,PRD12,3,3,Qualified,99.92,OK,20260330,
OPP03722,REP014,PRD09,2,3,Lead,58.58,OK,20260505,
OPP03723,REP012,PRD10,3,3,Proposal,26.08,OK,20251116,
OPP03724,REP031,PRD10,3,3,Closed Won,4.28,OK,20260624,20260705
OPP03725,REP033,PRD09,4,3,Qualified,398.05,OK,20260810,
OPP03726,REP023,PRD04,4,2,Lead,55.77,OK,20260626,
OPP03727,REP028,PRD02,2,1,Closed Lost,51.39,OK,20260306,20260717
OPP03728,REP021,PRD10,2,5,Qualified,79.7,OK,20250710,
OPP03729,REP013,PRD11,5,1,Closed Won,821.01,OK,20250713,20251223
OPP03730,REP032,PRD10,4,4,Lead,59.06,OK,20260424,
OPP03731,REP005,PRD08,5,5,Closed Won,704.16,OK,20250920,20260124
OPP03732,REP035,PRD08,3,1,Proposal,2550.54,OK,20260410,
OPP03733,REP018,PRD10,5,2,Lead,50.91,OK,20260121,
OPP03734,REP026,PRD05,3,3,Lead,1598.45,OK,20251126,
OPP03735,REP038,PRD05,5,5,Qualified,348.16,OK,20260124,
OPP03736,REP038,PRD12,5,1,Closed Won,458.18,OK,20260104,20260418
OPP03737,REP025,PRD08,1,2,Qualified,887.86,OK,20260705,
OPP03738,REP001,PRD08,4,2,Qualified,2232.79,OK,20260327,
OPP03739,REP018,PRD12,5,5,Lead,35.19,OK,20260414,
OPP03740,REP018,PRD13,5,1,Qualified,151.61,OK,20251123,
OPP03741,REP025,PRD09,1,3,Lead,543.71,OK,20260726,
OPP03742,REP001,PRD10,4,4,Qualified,37.46,OK,20260529,
OPP03743,REP022,PRD14,5,4,Closed Won,84.33,OK,20251214,20260525
OPP03744,REP006,PRD04,2,2,Closed Won,310.96,OK,20260419,20260628
OPP03745,REP016,PRD10,2,2,Qualified,37.27,OK,20260511,
OPP03746,REP036,PRD07,5,5,Lead,372.1,OK,20260206,
OPP03747,REP022,PRD01,5,2,Qualified,145.03,OK,20260619,
OPP03748,REP025,PRD09,1,5,Lead,67.16,OK,20251120,
OPP03749,REP040,PRD08,2,2,Lead,5965.34,OK,20251013,
OPP03750,REP034,PRD06,1,2,Closed Won,329.35,OK,20251228,20260204
OPP03751,REP038,PRD01,5,5,Qualified,51.24,OK,20260129,
OPP03752,REP004,PRD14,5,3,Closed Won,37.54,OK,20260103,20260806
OPP03753,REP037,PRD12,3,1,Qualified,65.37,OK,20260604,
OPP03754,REP014,PRD02,2,2,Lead,63.94,OK,20260425,
OPP03755,REP026,PRD04,3,2,Qualified,66.69,OK,20251203,
OPP03756,REP026,PRD15,3,5,Closed Won,2173.64,OK,20251025,20260831
OPP03757,REP019,PRD06,1,4,Lead,275.89,OK,20251028,
OPP03758,REP028,PRD11,2,5,Lead,2777.54,OK,20260706,
OPP03759,REP001,PRD08,4,1,Proposal,3503.81,OK,20250711,
OPP03760,REP017,PRD12,4,5,Lead,318.97,OK,20251118,
OPP03761,REP016,PRD03,2,3,Closed Lost,607.02,OK,20260527,20260901
OPP03762,REP026,PRD08,3,3,Lead,2223.24,OK,20251016,
OPP03763,REP027,PRD04,3,3,Proposal,37.95,OK,20260809,
OPP03764,REP024,PRD02,1,3,Proposal,64.36,OK,20260822,
OPP03765,REP020,PRD10,4,5,Proposal,32.43,OK,20260306,
OPP03766,REP020,PRD07,4,2,Lead,155.06,OK,20260716,
OPP03767,REP022,PRD10,5,1,Closed Lost,100.4,OK,20260222,20260411
OPP03768,REP024,PRD01,1,1,Proposal,51.86,OK,20250810,
OPP03769,REP021,PRD15,2,3,Lead,1493.34,OK,20260509,
OPP03770,REP024,PRD08,1,1,Qualified,1299.86,OK,20250918,
OPP03771,REP034,PRD04,1,2,Lead,34.77,OK,20251107,
OPP03772,REP004,PRD03,5,5,Qualified,752.28,OK,20250819,
OPP03773,REP028,PRD05,2,3,Proposal,301.09,OK,20251218,
OPP03774,REP013,PRD11,5,3,Lead,1848.29,OK,20260117,
OPP03775,REP037,PRD08,3,2,Proposal,1495.02,OK,20260709,
OPP03776,REP009,PRD04,3,1,Lead,0.0,REVIEW,20250916,
OPP03777,REP001,PRD14,4,1,Lead,91.2,OK,20260618,
OPP03778,REP022,PRD07,5,2,Lead,37.34,OK,20260320,
OPP03779,REP013,PRD04,5,2,Lead,14.13,OK,20260121,
OPP03780,REP019,PRD06,1,1,Qualified,325.54,OK,20260410,
OPP03781,REP031,PRD11,3,2,Closed Won,5709.09,OK,20260409,20260726
OPP03782,REP032,PRD06,4,2,Proposal,151.93,OK,20260120,
OPP03783,REP019,PRD09,1,2,Proposal,507.49,OK,20260328,
OPP03784,REP023,PRD09,4,1,Qualified,279.55,OK,20250719,
OPP03785,REP029,PRD11,4,2,Qualified,1439.26,OK,20260519,
OPP03786,REP037,PRD13,3,1,Lead,93.73,OK,20251006,
OPP03787,REP036,PRD05,5,2,Lead,77.61,OK,20260402,
OPP03788,REP022,PRD01,5,2,Closed Lost,43.85,OK,20251205,20260717
OPP03789,REP025,PRD15,1,2,Closed Lost,1857.5,OK,20260826,20260828
OPP03790,REP010,PRD12,5,2,Qualified,53.49,OK,20260210,
OPP03791,REP011,PRD01,4,2,Closed Won,70.81,OK,20260405,20260607
OPP03792,REP012,PRD01,3,3,Qualified,29.32,OK,20260804,
OPP03793,REP019,PRD07,1,3,Qualified,124.96,OK,20260717,
OPP03794,REP006,PRD15,2,5,Closed Won,1282.84,OK,20260616,20260623
OPP03795,REP030,PRD02,4,2,Qualified,20.64,OK,20260425,
OPP03796,REP012,PRD01,3,2,Closed Lost,76.86,OK,20260211,20260810
OPP03797,REP017,PRD07,4,1,Lead,147.87,OK,20251024,
OPP03798,REP031,PRD04,3,5,Qualified,39.14,OK,20251111,
OPP03799,REP008,PRD10,3,4,Closed Lost,41.01,OK,20260323,20260612
OPP03800,REP010,PRD05,5,5,Lead,709.25,OK,20260514,
OPP03801,REP028,PRD04,2,2,Lead,46.56,OK,20250828,
OPP03802,REP025,PRD03,1,2,Qualified,274.19,OK,20250903,
OPP03803,REP013,PRD13,5,1,Lead,363.15,OK,20251106,
OPP03804,REP002,PRD07,5,1,Qualified,218.95,OK,20260327,
OPP03805,REP019,PRD09,1,1,Proposal,294.73,OK,20251228,
OPP03806,REP007,PRD08,3,2,Lead,4407.75,OK,20260304,
OPP03807,REP018,PRD03,5,4,Lead,610.91,OK,20260307,
OPP03808,REP012,PRD04,3,1,Lead,49.76,OK,20260215,
OPP03809,REP036,PRD13,5,2,Qualified,181.26,OK,20260127,
OPP03810,REP018,PRD07,5,1,Closed Won,73.63,OK,20260507,20260628
OPP03811,REP028,PRD01,2,2,Closed Lost,45.96,OK,20260614,20260828
OPP03812,REP002,PRD10,5,1,Closed Won,10.2,OK,20260412,20260803
OPP03813,REP006,PRD03,2,3,Closed Won,646.05,OK,20260812,20260822
OPP03814,REP025,PRD08,1,2,Qualified,7410.32,OK,20260521,
OPP03815,REP022,PRD04,5,1,Proposal,52.4,OK,20251110,
OPP03816,REP002,PRD13,5,3,Lead,144.68,OK,20251123,
OPP03817,REP018,PRD08,5,2,Lead,1548.58,OK,20250721,
OPP03818,REP015,PRD07,4,1,Lead,204.29,OK,20251009,
OPP03819,REP018,PRD13,5,1,Lead,97.95,OK,20260102,
OPP03820,REP003,PRD13,3,2,Lead,719.01,OK,20260115,
OPP03821,REP029,PRD04,4,4,Lead,42.13,OK,20250904,
OPP03822,REP026,PRD14,3,3,Qualified,52.75,OK,20251214,
OPP03823,REP026,PRD15,3,3,Lead,1834.06,OK,20251110,
OPP03824,REP026,PRD10,3,4,Qualified,33.69,OK,20260508,
OPP03825,REP034,PRD15,1,5,Qualified,1322.05,OK,20250922,
OPP03826,REP005,PRD13,5,1,Qualified,66.44,OK,20250916,
OPP03827,REP032,PRD02,4,3,Lead,125.66,OK,20250822,
OPP03828,REP039,PRD12,1,2,Proposal,31.31,OK,20260706,
OPP03829,REP024,PRD13,1,2,Lead,452.01,OK,20250814,
OPP03830,REP003,PRD06,3,4,Lead,98.81,OK,20250724,
OPP03831,REP005,PRD08,5,1,Lead,1686.05,OK,20260508,
OPP03832,REP033,PRD12,4,3,Lead,261.66,OK,20260814,
OPP03833,REP024,PRD07,1,1,Proposal,175.79,OK,20250906,
OPP03834,REP021,PRD09,2,3,Qualified,222.05,OK,20250922,
OPP03835,REP036,PRD11,5,3,Lead,746.7,OK,20260123,
OPP03836,REP030,PRD12,4,1,Qualified,492.59,OK,20251101,
OPP03837,REP019,PRD06,1,4,Lead,403.73,OK,20250907,
OPP03838,REP012,PRD06,3,3,Lead,517.62,OK,20260502,
OPP03839,REP033,PRD13,4,3,Proposal,135.13,OK,20260301,
OPP03840,REP007,PRD12,3,5,Closed Won,106.05,OK,20251229,20260404
OPP03841,REP038,PRD05,5,4,Qualified,1231.02,OK,20260209,
OPP03842,REP007,PRD03,3,3,Closed Won,525.24,OK,20260613,20260812
OPP03843,REP038,PRD08,5,2,Lead,1933.06,OK,20251010,
OPP03844,REP007,PRD06,3,1,Proposal,96.7,OK,20251013,
OPP03845,REP031,PRD14,3,1,Lead,169.29,OK,20260817,
OPP03846,REP028,PRD06,2,4,Lead,319.46,OK,20251113,
OPP03847,REP020,PRD12,4,2,Proposal,120.18,OK,20250726,
OPP03848,REP036,PRD12,5,3,Lead,568.68,OK,20250731,
OPP03849,REP012,PRD13,3,1,Lead,138.15,OK,20260407,
OPP03850,REP020,PRD10,4,2,Qualified,56.69,OK,20260313,
OPP03851,REP004,PRD15,5,3,Lead,1283.64,OK,20260708,
OPP03852,REP031,PRD11,3,3,Lead,823.88,OK,20260701,
OPP03853,REP017,PRD14,4,2,Qualified,76.76,OK,20260827,
OPP03854,REP031,PRD08,3,4,Qualified,1854.16,OK,20260131,
OPP03855,REP033,PRD11,4,2,Lead,3132.85,OK,20260614,
OPP03856,REP009,PRD04,3,1,Closed Lost,36.6,OK,20251016,20260713
OPP03857,REP019,PRD15,1,3,Lead,1451.0,OK,20260826,
OPP03858,REP032,PRD06,4,2,Closed Won,147.01,OK,20251118,20260705
OPP03859,REP021,PRD03,2,4,Lead,121.67,OK,20260623,
OPP03860,REP015,PRD14,4,1,Closed Won,203.77,OK,20260606,20260726
OPP03861,REP007,PRD05,3,4,Qualified,702.74,OK,20260822,
OPP03862,REP007,PRD12,3,2,Proposal,221.4,OK,20260301,
OPP03863,REP011,PRD05,4,4,Qualified,521.75,OK,20260330,
OPP03864,REP035,PRD14,3,1,Closed Lost,146.92,OK,20260713,20260804
OPP03865,REP032,PRD03,4,3,Closed Won,142.54,OK,20250911,20260301
OPP03866,REP017,PRD11,4,1,Lead,1549.48,OK,20260228,
OPP03867,REP036,PRD03,5,5,Qualified,247.66,OK,20260414,
OPP03868,REP026,PRD14,3,2,Closed Won,110.35,OK,20260520,20260709
OPP03869,REP017,PRD09,4,1,Proposal,420.21,OK,20251101,
OPP03870,REP012,PRD01,3,3,Proposal,43.48,OK,20260224,
OPP03871,REP026,PRD09,3,2,Proposal,341.61,OK,20250712,
OPP03872,REP019,PRD04,1,1,Qualified,84.25,OK,20250704,
OPP03873,REP001,PRD01,4,1,Closed Lost,51.86,OK,20260814,20260902
OPP03874,REP027,PRD10,3,2,Lead,41.51,OK,20251017,
OPP03875,REP020,PRD01,4,4,Closed Won,3.7,OK,20260328,20260522
OPP03876,REP015,PRD06,4,2,Closed Lost,90.24,OK,20260703,20260823
OPP03877,REP037,PRD05,3,4,Lead,834.15,OK,20250710,
OPP03878,REP032,PRD09,4,2,Qualified,234.34,OK,20260721,
OPP03879,REP002,PRD03,5,5,Qualified,117.87,OK,20260709,
OPP03880,REP024,PRD03,1,3,Qualified,716.75,OK,20260221,
OPP03881,REP015,PRD08,4,4,Closed Won,1942.52,OK,20250711,20260610
OPP03882,REP010,PRD03,5,3,Lead,998.8,OK,20260216,
OPP03883,REP039,PRD05,1,4,Closed Lost,1413.4,OK,20251230,20260101
OPP03884,REP009,PRD04,3,2,Closed Won,104.14,OK,20260420,20260526
OPP03885,REP026,PRD11,3,2,Qualified,3281.53,OK,20260519,
OPP03886,REP014,PRD02,2,2,Closed Lost,116.76,OK,20260608,20260716
OPP03887,REP005,PRD13,5,1,Qualified,98.0,OK,20260114,
OPP03888,REP036,PRD02,5,5,Qualified,92.06,OK,20251107,
OPP03889,REP027,PRD09,3,3,Lead,365.67,OK,20260502,
OPP03890,REP026,PRD02,3,1,Qualified,29.03,OK,20260423,
OPP03891,REP012,PRD09,3,3,Qualified,996.98,OK,20251222,
OPP03892,REP014,PRD12,2,5,Lead,56.8,OK,20260124,
OPP03893,REP030,PRD09,4,2,Closed Lost,559.5,OK,20250903,20260213
OPP03894,REP020,PRD09,4,1,Closed Lost,297.91,OK,20260106,20260725
OPP03895,REP008,PRD08,3,1,Closed Won,4787.89,OK,20260131,20260521
OPP03896,REP030,PRD11,4,3,Lead,885.56,OK,20260821,
OPP03897,REP024,PRD05,1,2,Lead,221.01,OK,20260128,
OPP03898,REP018,PRD03,5,2,Lead,301.68,OK,20260520,
OPP03899,REP024,PRD08,1,5,Closed Won,899.15,OK,20251127,20251223
OPP03900,REP001,PRD12,4,2,Proposal,307.38,OK,20251122,
OPP03901,REP023,PRD10,4,1,Closed Lost,92.86,OK,20251018,20260207
OPP03902,REP002,PRD09,5,3,Qualified,479.08,OK,20250927,
OPP03903,REP023,PRD15,4,1,Proposal,829.8,OK,20260622,
OPP03904,REP025,PRD06,1,5,Closed Won,241.56,OK,20260620,20260716
OPP03905,REP018,PRD15,5,5,Proposal,719.78,OK,20260721,
OPP03906,REP006,PRD11,2,2,Proposal,1698.16,OK,20251126,
OPP03907,REP027,PRD02,3,1,Lead,30.09,OK,20260310,
OPP03908,REP008,PRD14,3,2,Closed Won,70.09,OK,20250719,20251114
OPP03909,REP010,PRD12,5,2,Lead,522.86,OK,20250811,
OPP03910,REP016,PRD07,2,5,Proposal,294.17,OK,20260823,
OPP03911,REP026,PRD05,3,1,Closed Won,280.78,OK,20250721,20251212
OPP03912,REP040,PRD04,2,3,Closed Won,15.65,OK,20250921,20260108
OPP03913,REP004,PRD05,5,1,Closed Lost,507.04,OK,20260129,20260318
OPP03914,REP014,PRD10,2,1,Proposal,46.23,OK,20260609,
OPP03915,REP024,PRD14,1,2,Proposal,43.9,OK,20250710,
OPP03916,REP008,PRD06,3,3,Closed Won,202.94,OK,20251231,20260204
OPP03917,REP022,PRD12,5,2,Qualified,235.87,OK,20251029,
OPP03918,REP002,PRD02,5,1,Lead,696.77,OK,20250715,
OPP03919,REP001,PRD09,4,4,Qualified,137.38,OK,20260722,
OPP03920,REP025,PRD09,1,4,Qualified,592.04,OK,20251219,
OPP03921,REP021,PRD06,2,2,Proposal,370.7,OK,20260326,
OPP03922,REP005,PRD04,5,1,Lead,50.28,OK,20260526,
OPP03923,REP018,PRD12,5,1,Proposal,175.71,OK,20260303,
OPP03924,REP038,PRD10,5,2,Proposal,7.55,OK,20260726,
OPP03925,REP022,PRD08,5,1,Proposal,2635.43,OK,20260418,
OPP03926,REP018,PRD09,5,2,Proposal,150.03,OK,20260629,
OPP03927,REP032,PRD12,4,3,Qualified,213.5,OK,20250728,
OPP03928,REP019,PRD11,1,1,Lead,2136.35,OK,20260317,
OPP03929,REP003,PRD04,3,4,Lead,51.13,OK,20250904,
OPP03930,REP017,PRD02,4,3,Proposal,137.96,OK,20251025,
OPP03931,REP013,PRD05,5,2,Qualified,537.47,OK,20250816,
OPP03932,REP026,PRD15,3,2,Proposal,1705.12,OK,20260126,
OPP03933,REP035,PRD11,3,2,Closed Won,4409.33,OK,20260504,20260517
OPP03934,REP037,PRD12,3,3,Lead,125.33,OK,20260829,
OPP03935,REP002,PRD12,5,2,Proposal,384.3,OK,20260704,
OPP03936,REP032,PRD01,4,5,Qualified,76.88,OK,20251122,
OPP03937,REP005,PRD14,5,2,Qualified,111.24,OK,20251130,
OPP03938,REP011,PRD02,4,2,Lead,651.12,OK,20260114,
OPP03939,REP039,PRD02,1,3,Closed Won,59.55,OK,20260426,20260428
OPP03940,REP004,PRD06,5,2,Lead,532.55,OK,20251006,
OPP03941,REP009,PRD15,3,1,Qualified,3183.44,OK,20260113,
OPP03942,REP037,PRD07,3,2,Qualified,103.59,OK,20260428,
OPP03943,REP030,PRD04,4,4,Lead,61.2,OK,20260613,
OPP03944,REP019,PRD04,1,2,Proposal,62.49,OK,20260111,
OPP03945,REP001,PRD13,4,5,Closed Lost,242.39,OK,20250730,20251231
OPP03946,REP019,PRD13,1,2,Qualified,105.93,OK,20260626,
OPP03947,REP020,PRD05,4,5,Lead,1909.19,OK,20250914,
OPP03948,REP003,PRD06,3,3,Proposal,421.75,OK,20260812,
OPP03949,REP037,PRD03,3,4,Closed Lost,277.21,OK,20251212,20260613
OPP03950,REP002,PRD07,5,1,Closed Lost,43.94,OK,20260502,20260701
OPP03951,REP024,PRD11,1,1,Qualified,472.54,OK,20260311,
OPP03952,REP039,PRD07,1,2,Qualified,50.84,OK,20251104,
OPP03953,REP005,PRD10,5,2,Lead,29.08,OK,20250805,
OPP03954,REP013,PRD09,5,3,Lead,411.55,OK,20260812,
OPP03955,REP012,PRD06,3,2,Lead,239.49,OK,20251006,
OPP03956,REP004,PRD03,5,2,Qualified,128.1,OK,20260116,
OPP03957,REP037,PRD11,3,2,Proposal,6102.52,OK,20260712,
OPP03958,REP005,PRD15,5,1,Closed Won,651.98,OK,20260221,20260331
OPP03959,REP036,PRD06,5,2,Lead,83.0,OK,20260409,
OPP03960,REP038,PRD04,5,3,Lead,247.51,OK,20250813,
OPP03961,REP036,PRD14,5,2,Qualified,33.81,OK,20251220,
OPP03962,REP013,PRD07,5,1,Proposal,190.94,OK,20250929,
OPP03963,REP002,PRD14,5,1,Lead,76.06,OK,20260103,
OPP03964,REP021,PRD01,2,5,Lead,54.4,OK,20260606,
OPP03965,REP030,PRD14,4,1,Lead,50.62,OK,20260313,
OPP03966,REP023,PRD12,4,1,Closed Lost,256.75,OK,20250715,20251121
OPP03967,REP010,PRD08,5,5,Lead,1192.01,OK,20260203,
OPP03968,REP026,PRD09,3,4,Qualified,40.09,OK,20251004,
OPP03969,REP007,PRD15,3,4,Lead,225.38,OK,20260507,
OPP03970,REP001,PRD13,4,2,Closed Won,92.84,OK,20260108,20260111
OPP03971,REP038,PRD06,5,5,Qualified,559.45,OK,20250805,
OPP03972,REP023,PRD14,4,4,Closed Won,138.82,OK,20260708,20260723
OPP03973,REP005,PRD06,5,1,Proposal,115.97,OK,20260418,
OPP03974,REP027,PRD08,3,5,Closed Lost,3147.32,OK,20250911,20251216
OPP03975,REP006,PRD15,2,1,Closed Lost,781.14,OK,20251103,20260516
OPP03976,REP014,PRD04,2,1,Proposal,33.33,OK,20250912,
OPP03977,REP024,PRD08,1,5,Lead,3057.18,OK,20260323,
OPP03978,REP038,PRD13,5,1,Qualified,267.02,OK,20250819,
OPP03979,REP021,PRD10,2,2,Lead,196.07,OK,20250819,
OPP03980,REP021,PRD04,2,2,Proposal,145.42,OK,20260406,
OPP03981,REP026,PRD02,3,3,Qualified,147.28,OK,20251031,
OPP03982,REP007,PRD04,3,1,Proposal,33.61,OK,20260824,
OPP03983,REP036,PRD05,5,1,Lead,176.88,OK,20250925,
OPP03984,REP017,PRD07,4,1,Proposal,321.8,OK,20251009,
OPP03985,REP019,PRD11,1,2,Closed Lost,792.8,OK,20260717,20260728
OPP03986,REP022,PRD07,5,1,Closed Lost,19.74,OK,20260307,20260623
OPP03987,REP015,PRD14,4,4,Qualified,116.06,OK,20260330,
OPP03988,REP023,PRD11,4,3,Lead,667.92,OK,20260609,
OPP03989,REP013,PRD13,5,3,Lead,136.63,OK,20251130,
OPP03990,REP001,PRD04,4,4,Closed Lost,113.53,OK,20250720,20260509
OPP03991,REP034,PRD11,1,2,Proposal,3571.73,OK,20260408,
OPP03992,REP004,PRD13,5,1,Lead,139.29,OK,20251016,
OPP03993,REP026,PRD10,3,3,Lead,58.2,OK,20260114,
OPP03994,REP009,PRD05,3,5,Closed Lost,961.52,OK,20250803,20260814
OPP03995,REP005,PRD11,5,2,Qualified,3970.24,OK,20260608,
OPP03996,REP008,PRD15,3,1,Qualified,932.89,OK,20260217,
OPP03997,REP021,PRD02,2,4,Closed Won,104.52,OK,20260829,20260902
OPP03998,REP032,PRD15,4,1,Lead,5933.72,OK,20260719,
OPP03999,REP007,PRD12,3,2,Qualified,346.91,OK,20251128,
OPP04000,REP016,PRD07,2,1,Closed Lost,218.55,OK,20251125,20260624
OPP04001,REP024,PRD15,1,4,Lead,1228.73,OK,20260331,
OPP04002,REP019,PRD15,1,1,Lead,993.2,OK,20260312,
OPP04003,REP002,PRD13,5,1,Closed Lost,102.49,OK,20260702,20260728
OPP04004,REP033,PRD14,4,4,Qualified,56.49,OK,20251105,
OPP04005,REP021,PRD15,2,1,Closed Lost,1930.61,OK,20250826,20260320
OPP04006,REP034,PRD07,1,5,Closed Lost,93.02,OK,20251101,20260424
OPP04007,REP027,PRD01,3,2,Closed Lost,7.87,OK,20260218,20260531
OPP04008,REP028,PRD10,2,3,Closed Lost,64.29,OK,20260828,20260830
OPP04009,REP015,PRD04,4,1,Qualified,102.83,OK,20260621,
OPP04010,REP013,PRD09,5,1,Proposal,289.81,OK,20250704,
OPP04011,REP015,PRD06,4,4,Proposal,202.53,OK,20260731,
OPP04012,REP024,PRD03,1,1,Lead,388.53,OK,20260424,
OPP04013,REP018,PRD10,5,5,Qualified,11.97,OK,20251125,
OPP04014,REP022,PRD01,5,5,Proposal,77.91,OK,20250718,
OPP04015,REP026,PRD09,3,5,Closed Won,773.34,OK,20260412,20260810
OPP04016,REP030,PRD09,4,3,Lead,375.15,OK,20260105,
OPP04017,REP010,PRD09,5,3,Closed Lost,797.47,OK,20260310,20260728
OPP04018,REP036,PRD08,5,2,Lead,3880.98,OK,20250822,
OPP04019,REP034,PRD09,1,1,Proposal,639.05,OK,20260826,
OPP04020,REP035,PRD06,3,3,Lead,123.68,OK,20260430,
OPP04021,REP018,PRD15,5,2,Qualified,908.03,OK,20251128,
OPP04022,REP003,PRD11,3,1,Proposal,3865.51,OK,20260815,
OPP04023,REP026,PRD03,3,1,Lead,11.99,OK,20260725,
OPP04024,REP031,PRD15,3,3,Proposal,1833.72,OK,20251031,
OPP04025,REP015,PRD08,4,1,Lead,3048.4,OK,20260208,
OPP04026,REP012,PRD05,3,4,Lead,2156.38,OK,20260311,
OPP04027,REP035,PRD09,3,1,Closed Won,592.7,OK,20260518,20260719
OPP04028,REP030,PRD02,4,1,Lead,237.45,OK,20250927,
OPP04029,REP023,PRD05,4,1,Qualified,807.4,OK,20250916,
OPP04030,REP035,PRD07,3,2,Lead,55.75,OK,20260814,
OPP04031,REP034,PRD04,1,2,Lead,4.58,OK,20250824,
OPP04032,REP016,PRD15,2,1,Lead,3115.25,OK,20250807,
OPP04033,REP030,PRD08,4,3,Qualified,1759.29,OK,20251012,
OPP04034,REP013,PRD10,5,4,Closed Won,2.48,OK,20251119,20251201
OPP04035,REP006,PRD03,2,2,Closed Won,269.79,OK,20251207,20260117
OPP04036,REP008,PRD09,3,1,Qualified,485.66,OK,20260715,
OPP04037,REP017,PRD02,4,4,Qualified,218.13,OK,20251129,
OPP04038,REP022,PRD13,5,1,Closed Won,128.63,OK,20250918,20250930
OPP04039,REP037,PRD02,3,2,Qualified,181.28,OK,20260501,
OPP04040,REP014,PRD02,2,3,Proposal,70.78,OK,20260719,
OPP04041,REP033,PRD03,4,1,Lead,224.05,OK,20260816,
OPP04042,REP025,PRD04,1,2,Closed Lost,42.11,OK,20260118,20260206
OPP04043,REP020,PRD05,4,1,Lead,1230.22,OK,20260414,
OPP04044,REP018,PRD10,5,2,Qualified,37.45,OK,20251222,
OPP04045,REP011,PRD14,4,1,Proposal,114.03,OK,20250828,
OPP04046,REP001,PRD15,4,2,Lead,2242.02,OK,20250714,
OPP04047,REP001,PRD02,4,1,Closed Lost,49.68,OK,20251213,20260824
OPP04048,REP011,PRD09,4,2,Qualified,169.24,OK,20260720,
OPP04049,REP038,PRD03,5,2,Lead,1151.56,OK,20250904,
OPP04050,REP038,PRD10,5,1,Qualified,54.86,OK,20260702,
OPP04051,REP036,PRD13,5,4,Closed Won,417.25,OK,20250820,20260107
OPP04052,REP005,PRD03,5,1,Lead,272.64,OK,20260523,
OPP04053,REP013,PRD10,5,2,Closed Lost,42.29,OK,20260416,20260831
OPP04054,REP002,PRD14,5,4,Qualified,98.27,OK,20250818,
OPP04055,REP032,PRD15,4,2,Lead,831.82,OK,20260126,
OPP04056,REP025,PRD11,1,2,Lead,2332.88,OK,20260818,
OPP04057,REP032,PRD09,4,4,Closed Lost,163.07,OK,20250804,20250927
OPP04058,REP037,PRD08,3,1,Qualified,4299.79,OK,20260225,
OPP04059,REP031,PRD15,3,2,Qualified,202.54,OK,20250902,
OPP04060,REP039,PRD13,1,1,Lead,400.9,OK,20251218,
OPP04061,REP025,PRD13,1,2,Qualified,379.28,OK,20260811,
OPP04062,REP004,PRD12,5,2,Qualified,259.33,OK,20250917,
OPP04063,REP034,PRD02,1,2,Proposal,647.67,OK,20250920,
OPP04064,REP026,PRD14,3,5,Proposal,102.0,OK,20251230,
OPP04065,REP012,PRD08,3,5,Qualified,2088.52,OK,20260820,
OPP04066,REP033,PRD14,4,3,Lead,53.98,OK,20260429,
OPP04067,REP029,PRD10,4,1,Proposal,23.2,OK,20251128,
OPP04068,REP025,PRD05,1,2,Lead,794.83,OK,20251201,
OPP04069,REP040,PRD15,2,1,Lead,993.0,OK,20260816,
OPP04070,REP032,PRD06,4,1,Closed Won,302.19,OK,20260113,20260822
OPP04071,REP033,PRD12,4,5,Closed Lost,253.67,OK,20251119,20260623
OPP04072,REP014,PRD15,2,2,Lead,502.75,OK,20260522,
OPP04073,REP003,PRD14,3,1,Lead,253.41,OK,20250923,
OPP04074,REP023,PRD10,4,1,Proposal,57.74,OK,20260408,
OPP04075,REP005,PRD06,5,5,Closed Won,219.26,OK,20260625,20260901
OPP04076,REP025,PRD07,1,5,Lead,39.96,OK,20260531,
OPP04077,REP014,PRD06,2,4,Proposal,107.05,OK,20250922,
OPP04078,REP002,PRD05,5,1,Proposal,796.41,OK,20251110,
OPP04079,REP017,PRD01,4,2,Lead,11.68,OK,20251121,
OPP04080,REP008,PRD06,3,3,Lead,365.08,OK,20260511,
OPP04081,REP018,PRD09,5,4,Closed Lost,321.42,OK,20260731,20260816
OPP04082,REP040,PRD10,2,1,Closed Won,28.67,OK,20251103,20260529
OPP04083,REP003,PRD14,3,1,Lead,55.2,OK,20260613,
OPP04084,REP025,PRD07,1,2,Qualified,51.41,OK,20260403,
OPP04085,REP009,PRD11,3,1,Lead,2484.97,OK,20260305,
OPP04086,REP004,PRD08,5,5,Qualified,2008.1,OK,20260313,
OPP04087,REP035,PRD04,3,4,Lead,23.85,OK,20260418,
OPP04088,REP018,PRD07,5,2,Qualified,134.66,OK,20260520,
OPP04089,REP022,PRD10,5,2,Lead,39.07,OK,20260603,
OPP04090,REP009,PRD10,3,1,Lead,28.13,OK,20260312,
OPP04091,REP036,PRD04,5,3,Closed Won,124.76,OK,20260106,20260812
OPP04092,REP004,PRD13,5,3,Qualified,208.02,OK,20260831,
OPP04093,REP002,PRD07,5,2,Closed Lost,149.07,OK,20251217,20260511
OPP04094,REP036,PRD08,5,2,Lead,3547.81,OK,20260117,
OPP04095,REP015,PRD10,4,3,Qualified,13.47,OK,20260409,
OPP04096,REP012,PRD06,3,1,Qualified,360.54,OK,20260620,
OPP04097,REP003,PRD10,3,1,Qualified,87.85,OK,20260616,
OPP04098,REP015,PRD02,4,4,Qualified,233.32,OK,20260508,
OPP04099,REP018,PRD09,5,1,Qualified,168.76,OK,20250704,
OPP04100,REP031,PRD15,3,1,Proposal,1668.77,OK,20250730,
OPP04101,REP012,PRD12,3,2,Lead,512.58,OK,20260209,
OPP04102,REP031,PRD13,3,2,Lead,241.99,OK,20250716,
OPP04103,REP004,PRD04,5,5,Lead,51.19,OK,20260810,
OPP04104,REP016,PRD07,2,2,Qualified,41.63,OK,20251016,
OPP04105,REP031,PRD05,3,1,Lead,1295.1,OK,20260223,
OPP04106,REP004,PRD15,5,2,Proposal,1259.91,OK,20250709,
OPP04107,REP013,PRD12,5,4,Qualified,124.16,OK,20260222,
OPP04108,REP016,PRD10,2,2,Lead,34.74,OK,20251223,
OPP04109,REP036,PRD06,5,1,Qualified,182.33,OK,20251217,
OPP04110,REP013,PRD12,5,2,Closed Won,102.94,OK,20260305,20260309
OPP04111,REP012,PRD14,3,3,Closed Lost,121.63,OK,20260203,20260820
OPP04112,REP026,PRD03,3,1,Proposal,355.04,OK,20251101,
OPP04113,REP037,PRD07,3,4,Qualified,211.57,OK,20250915,
OPP04114,REP036,PRD01,5,1,Closed Won,80.86,OK,20250802,20260725
OPP04115,REP040,PRD15,2,5,Lead,780.67,OK,20260406,
OPP04116,REP018,PRD05,5,4,Qualified,1070.75,OK,20251102,
OPP04117,REP039,PRD07,1,5,Qualified,8.34,REVIEW,20251019,
OPP04118,REP018,PRD15,5,3,Closed Won,2416.48,OK,20260125,20260616
OPP04119,REP009,PRD11,3,3,Closed Lost,2426.65,OK,20260114,20260414
OPP04120,REP022,PRD02,5,2,Closed Lost,190.52,OK,20260119,20260515
OPP04121,REP020,PRD08,4,1,Qualified,4745.55,OK,20250913,
OPP04122,REP001,PRD01,4,3,Proposal,72.37,OK,20260510,
OPP04123,REP012,PRD07,3,4,Lead,23.09,OK,20251219,
OPP04124,REP031,PRD10,3,1,Lead,0.0,REVIEW,20250901,
OPP04125,REP032,PRD07,4,1,Proposal,204.21,OK,20260313,
OPP04126,REP007,PRD12,3,1,Proposal,281.4,OK,20260713,
OPP04127,REP001,PRD02,4,4,Qualified,31.07,OK,20251115,
OPP04128,REP007,PRD11,3,2,Lead,1436.39,OK,20260718,
OPP04129,REP015,PRD14,4,4,Closed Lost,25.41,OK,20250916,20260505
OPP04130,REP002,PRD05,5,4,Proposal,518.5,OK,20260222,
OPP04131,REP035,PRD09,3,2,Proposal,184.69,OK,20250802,
OPP04132,REP013,PRD06,5,3,Closed Lost,16.81,OK,20260426,20260511
OPP04133,REP015,PRD13,4,2,Qualified,97.13,OK,20250816,
OPP04134,REP031,PRD08,3,2,Proposal,2171.14,OK,20260320,
OPP04135,REP024,PRD10,1,2,Closed Lost,45.55,OK,20260331,20260623
OPP04136,REP034,PRD01,1,2,Closed Lost,18.5,OK,20260523,20260615
OPP04137,REP027,PRD02,3,4,Closed Lost,50.99,OK,20251227,20260817
OPP04138,REP018,PRD14,5,1,Qualified,72.36,OK,20250712,
OPP04139,REP007,PRD06,3,1,Qualified,89.95,OK,20260427,
OPP04140,REP007,PRD03,3,4,Closed Won,822.4,OK,20250815,20251211
OPP04141,REP029,PRD02,4,1,Closed Lost,82.25,OK,20260815,20260815
OPP04142,REP019,PRD03,1,3,Closed Lost,1046.11,OK,20260309,20260621
OPP04143,REP010,PRD05,5,1,Lead,492.91,OK,20251028,
OPP04144,REP023,PRD03,4,5,Closed Lost,355.14,OK,20260314,20260619
OPP04145,REP040,PRD03,2,2,Closed Won,1380.13,OK,20251222,20260219
OPP04146,REP012,PRD12,3,4,Proposal,74.8,OK,20250812,
OPP04147,REP011,PRD02,4,4,Closed Won,376.98,OK,20260505,20260730
OPP04148,REP017,PRD13,4,3,Closed Lost,87.52,OK,20260731,20260804
OPP04149,REP001,PRD09,4,1,Proposal,508.8,OK,20251223,
OPP04150,REP039,PRD11,1,4,Qualified,1930.7,OK,20260604,
OPP04151,REP002,PRD02,5,3,Closed Won,181.87,OK,20260214,20260717
OPP04152,REP021,PRD05,2,2,Proposal,1517.22,OK,20251026,
OPP04153,REP036,PRD14,5,3,Lead,70.87,OK,20251014,
OPP04154,REP036,PRD07,5,1,Qualified,80.27,OK,20260322,
OPP04155,REP036,PRD08,5,3,Closed Lost,2288.44,OK,20250906,20260309
OPP04156,REP015,PRD06,4,1,Closed Won,133.96,OK,20250811,20260311
OPP04157,REP008,PRD02,3,1,Closed Won,66.39,OK,20260510,20260629
OPP04158,REP031,PRD11,3,2,Closed Won,544.43,OK,20250908,20260209
OPP04159,REP009,PRD15,3,1,Qualified,1804.15,OK,20260728,
OPP04160,REP021,PRD11,2,2,Proposal,2004.98,OK,20260606,
OPP04161,REP004,PRD07,5,3,Lead,274.36,OK,20251013,
OPP04162,REP021,PRD03,2,2,Qualified,444.52,OK,20251016,
OPP04163,REP033,PRD08,4,4,Closed Lost,3761.47,OK,20260712,20260731
OPP04164,REP006,PRD01,2,2,Proposal,68.38,OK,20260717,
OPP04165,REP003,PRD08,3,1,Qualified,1450.21,OK,20260507,
OPP04166,REP022,PRD03,5,1,Closed Won,356.39,OK,20251203,20260708
OPP04167,REP007,PRD13,3,4,Proposal,245.28,OK,20260815,
OPP04168,REP006,PRD12,2,2,Qualified,33.2,OK,20260111,
OPP04169,REP008,PRD06,3,2,Closed Lost,881.38,OK,20260108,20260204
OPP04170,REP032,PRD07,4,4,Qualified,186.12,OK,20260126,
OPP04171,REP032,PRD06,4,1,Lead,683.62,OK,20260603,
OPP04172,REP009,PRD04,3,2,Proposal,40.25,OK,20260312,
OPP04173,REP008,PRD08,3,4,Proposal,793.37,OK,20250911,
OPP04174,REP023,PRD11,4,3,Qualified,5005.08,OK,20250929,
OPP04175,REP030,PRD01,4,1,Qualified,56.31,OK,20260521,
OPP04176,REP035,PRD15,3,3,Qualified,1320.63,OK,20260528,
OPP04177,REP024,PRD01,1,1,Qualified,34.37,OK,20260413,
OPP04178,REP003,PRD12,3,5,Closed Won,137.91,OK,20260331,20260506
OPP04179,REP003,PRD02,3,2,Lead,80.24,OK,20260310,
OPP04180,REP024,PRD10,1,2,Closed Lost,50.27,OK,20260328,20260721
OPP04181,REP035,PRD02,3,4,Lead,95.23,OK,20250722,
OPP04182,REP027,PRD04,3,1,Lead,43.1,OK,20260225,
OPP04183,REP001,PRD11,4,1,Qualified,1413.1,OK,20251112,
OPP04184,REP039,PRD04,1,1,Lead,53.17,OK,20260401,
OPP04185,REP038,PRD03,5,5,Lead,530.67,OK,20260612,
OPP04186,REP022,PRD02,5,5,Closed Lost,71.06,OK,20251025,20260414
OPP04187,REP025,PRD02,1,1,Qualified,267.3,OK,20250807,
OPP04188,REP021,PRD09,2,3,Qualified,197.91,OK,20260101,
OPP04189,REP025,PRD04,1,4,Lead,191.0,REVIEW,20251206,
OPP04190,REP007,PRD13,3,4,Qualified,235.55,OK,20260420,
OPP04191,REP022,PRD05,5,4,Closed Lost,244.49,OK,20251102,20260823
OPP04192,REP003,PRD09,3,1,Lead,489.13,OK,20250908,
OPP04193,REP002,PRD03,5,2,Proposal,186.5,OK,20250929,
OPP04194,REP012,PRD08,3,1,Closed Lost,545.34,OK,20250815,20251117
OPP04195,REP018,PRD06,5,1,Qualified,58.33,OK,20251026,
OPP04196,REP023,PRD15,4,3,Qualified,1235.13,OK,20260212,
OPP04197,REP031,PRD15,3,4,Qualified,1261.09,OK,20250714,
OPP04198,REP005,PRD05,5,2,Qualified,209.91,OK,20260327,
OPP04199,REP018,PRD06,5,3,Lead,636.56,OK,20250928,
OPP04200,REP023,PRD14,4,4,Qualified,49.79,OK,20260225,
OPP04201,REP002,PRD15,5,1,Proposal,1155.22,OK,20260618,
OPP04202,REP028,PRD10,2,2,Qualified,27.35,OK,20260704,
OPP04203,REP013,PRD06,5,2,Qualified,120.91,OK,20250721,
OPP04204,REP040,PRD13,2,1,Lead,120.07,OK,20260318,
OPP04205,REP028,PRD04,2,4,Qualified,89.17,OK,20251213,
OPP04206,REP032,PRD10,4,3,Qualified,67.16,OK,20260825,
OPP04207,REP015,PRD05,4,1,Qualified,574.21,OK,20251215,
OPP04208,REP001,PRD12,4,3,Lead,192.63,OK,20251209,
OPP04209,REP028,PRD04,2,1,Lead,54.42,OK,20260901,
OPP04210,REP011,PRD13,4,1,Proposal,85.57,OK,20260814,
OPP04211,REP009,PRD15,3,2,Qualified,680.93,OK,20260120,
OPP04212,REP033,PRD04,4,2,Closed Lost,156.88,OK,20260714,20260727
OPP04213,REP023,PRD14,4,4,Lead,44.82,OK,20250718,
OPP04214,REP030,PRD09,4,4,Qualified,89.05,REVIEW,20260422,
OPP04215,REP018,PRD12,5,3,Lead,274.08,OK,20260817,
OPP04216,REP029,PRD04,4,2,Qualified,54.3,OK,20250806,
OPP04217,REP004,PRD05,5,2,Lead,1308.84,OK,20260118,
OPP04218,REP026,PRD07,3,4,Proposal,138.73,OK,20251113,
OPP04219,REP013,PRD04,5,2,Closed Lost,140.39,OK,20250819,20251207
OPP04220,REP032,PRD09,4,3,Proposal,578.22,OK,20251206,
OPP04221,REP023,PRD13,4,3,Qualified,54.42,OK,20260130,
OPP04222,REP001,PRD01,4,4,Qualified,22.63,OK,20250814,
OPP04223,REP005,PRD12,5,1,Lead,177.45,OK,20260630,
OPP04224,REP027,PRD05,3,3,Closed Won,1291.77,OK,20250710,20250830
OPP04225,REP035,PRD15,3,2,Proposal,846.05,OK,20260501,
OPP04226,REP036,PRD14,5,1,Lead,83.06,OK,20260130,
OPP04227,REP006,PRD12,2,4,Qualified,206.48,OK,20260409,
OPP04228,REP039,PRD01,1,4,Closed Won,62.96,OK,20250925,20251002
OPP04229,REP012,PRD05,3,4,Qualified,744.34,OK,20260216,
OPP04230,REP001,PRD06,4,1,Qualified,347.9,OK,20260430,
OPP04231,REP030,PRD08,4,4,Lead,4183.3,OK,20251230,
OPP04232,REP015,PRD04,4,3,Qualified,86.6,OK,20260425,
OPP04233,REP020,PRD15,4,3,Closed Won,1307.36,OK,20260802,20260806
OPP04234,REP006,PRD02,2,3,Lead,195.43,OK,20260306,
OPP04235,REP040,PRD07,2,4,Proposal,230.38,OK,20260715,
OPP04236,REP032,PRD06,4,2,Lead,232.17,OK,20260820,
OPP04237,REP015,PRD14,4,3,Closed Lost,30.07,OK,20250910,20251121
OPP04238,REP002,PRD08,5,3,Qualified,1376.72,REVIEW,20251205,
OPP04239,REP017,PRD07,4,4,Qualified,74.49,OK,20260727,
OPP04240,REP004,PRD02,5,2,Qualified,497.94,OK,20260624,
OPP04241,REP013,PRD03,5,3,Qualified,471.81,OK,20250720,
OPP04242,REP011,PRD10,4,5,Lead,38.78,OK,20250803,
OPP04243,REP027,PRD12,3,1,Lead,150.07,OK,20260112,
OPP04244,REP001,PRD14,4,4,Qualified,25.51,OK,20260819,
OPP04245,REP025,PRD09,1,5,Qualified,327.35,OK,20260225,
OPP04246,REP005,PRD12,5,2,Closed Lost,391.43,OK,20260320,20260623
OPP04247,REP032,PRD11,4,4,Lead,653.25,OK,20260505,
OPP04248,REP035,PRD04,3,1,Lead,23.96,OK,20251102,
OPP04249,REP012,PRD06,3,1,Proposal,130.57,OK,20250718,
OPP04250,REP032,PRD13,4,2,Qualified,47.39,OK,20260330,
OPP04251,REP007,PRD02,3,3,Proposal,185.96,OK,20260403,
OPP04252,REP038,PRD02,5,5,Qualified,28.56,OK,20260406,
OPP04253,REP039,PRD10,1,1,Qualified,68.77,OK,20260223,
OPP04254,REP008,PRD09,3,2,Closed Won,433.47,OK,20260103,20260716
OPP04255,REP040,PRD01,2,3,Proposal,123.76,OK,20260203,
OPP04256,REP024,PRD06,1,4,Lead,317.42,OK,20250821,
OPP04257,REP019,PRD10,1,2,Qualified,117.97,OK,20260120,
OPP04258,REP014,PRD15,2,2,Qualified,853.2,OK,20260430,
OPP04259,REP005,PRD03,5,4,Closed Lost,382.31,OK,20250726,20260228
OPP04260,REP011,PRD15,4,4,Lead,936.47,OK,20251226,
OPP04261,REP030,PRD03,4,1,Lead,646.64,OK,20251029,
OPP04262,REP028,PRD14,2,5,Closed Lost,51.13,OK,20260326,20260610
OPP04263,REP016,PRD03,2,2,Closed Lost,879.8,OK,20251018,20251121
OPP04264,REP033,PRD13,4,2,Closed Won,265.77,OK,20260426,20260805
OPP04265,REP020,PRD07,4,1,Proposal,77.27,OK,20251227,
OPP04266,REP025,PRD13,1,1,Proposal,12.35,OK,20260524,
OPP04267,REP030,PRD01,4,3,Lead,29.45,OK,20260106,
OPP04268,REP024,PRD04,1,3,Qualified,32.29,OK,20251030,
OPP04269,REP030,PRD12,4,3,Closed Lost,156.96,OK,20260531,20260902
OPP04270,REP017,PRD05,4,5,Closed Lost,1285.54,REVIEW,20260303,20260826
OPP04271,REP014,PRD10,2,2,Lead,53.99,OK,20260316,
OPP04272,REP013,PRD13,5,1,Lead,87.41,OK,20260617,
OPP04273,REP013,PRD15,5,3,Closed Won,944.78,OK,20260829,20260829
OPP04274,REP009,PRD08,3,1,Qualified,1192.76,OK,20251211,
OPP04275,REP038,PRD08,5,3,Closed Lost,2156.45,OK,20251019,20260601
OPP04276,REP029,PRD01,4,2,Closed Won,62.7,OK,20260828,20260901
OPP04277,REP025,PRD15,1,5,Closed Won,386.43,OK,20251208,20260130
OPP04278,REP022,PRD01,5,5,Qualified,7.03,OK,20260301,
OPP04279,REP009,PRD06,3,1,Lead,583.35,OK,20260814,
OPP04280,REP024,PRD06,1,3,Qualified,219.11,OK,20251017,
OPP04281,REP002,PRD14,5,1,Lead,40.64,OK,20260603,
OPP04282,REP002,PRD09,5,1,Qualified,500.99,OK,20251024,
OPP04283,REP039,PRD12,1,2,Closed Lost,149.36,OK,20251103,20260306
OPP04284,REP009,PRD01,3,5,Lead,13.36,OK,20250825,
OPP04285,REP010,PRD15,5,4,Qualified,2293.54,OK,20260821,
OPP04286,REP016,PRD06,2,1,Lead,211.92,OK,20251003,
OPP04287,REP004,PRD07,5,1,Lead,173.9,OK,20251124,
OPP04288,REP015,PRD02,4,4,Closed Lost,109.14,OK,20260307,20260817
OPP04289,REP020,PRD14,4,1,Lead,55.76,OK,20251025,
OPP04290,REP032,PRD04,4,3,Proposal,132.36,OK,20250726,
OPP04291,REP012,PRD03,3,2,Lead,540.84,OK,20260308,
OPP04292,REP017,PRD07,4,3,Lead,231.65,OK,20260521,
OPP04293,REP032,PRD11,4,4,Closed Won,4917.76,OK,20260519,20260716
OPP04294,REP012,PRD07,3,1,Closed Won,131.6,OK,20260613,20260824
OPP04295,REP036,PRD05,5,3,Qualified,1534.03,OK,20260201,
OPP04296,REP014,PRD04,2,1,Lead,62.35,OK,20251030,
OPP04297,REP037,PRD01,3,4,Lead,165.72,OK,20251126,
OPP04298,REP008,PRD03,3,1,Lead,1024.7,OK,20250924,
OPP04299,REP010,PRD03,5,2,Qualified,247.26,OK,20251014,
OPP04300,REP005,PRD04,5,3,Qualified,60.42,OK,20251124,
OPP04301,REP022,PRD15,5,5,Closed Lost,1836.98,OK,20250724,20260216
OPP04302,REP026,PRD04,3,1,Qualified,95.34,OK,20251230,
OPP04303,REP018,PRD11,5,1,Qualified,1018.28,OK,20251231,
OPP04304,REP020,PRD05,4,3,Qualified,975.17,OK,20251230,
OPP04305,REP005,PRD01,5,1,Proposal,85.09,OK,20250724,
OPP04306,REP022,PRD11,5,2,Qualified,1143.02,OK,20260409,
OPP04307,REP037,PRD10,3,2,Proposal,29.87,OK,20250903,
OPP04308,REP019,PRD09,1,3,Qualified,248.16,OK,20260709,
OPP04309,REP012,PRD07,3,3,Closed Lost,78.59,REVIEW,20251016,20260429
OPP04310,REP027,PRD10,3,2,Qualified,98.93,OK,20260703,
OPP04311,REP001,PRD11,4,2,Proposal,1152.73,OK,20260420,
OPP04312,REP023,PRD01,4,2,Closed Lost,61.86,OK,20251123,20260422
OPP04313,REP004,PRD10,5,3,Qualified,53.37,OK,20260720,
OPP04314,REP021,PRD02,2,1,Lead,306.75,OK,20260707,
OPP04315,REP006,PRD10,2,4,Proposal,14.86,OK,20251018,
OPP04316,REP007,PRD03,3,1,Qualified,218.44,OK,20251108,
OPP04317,REP018,PRD07,5,2,Qualified,210.55,OK,20251201,
OPP04318,REP017,PRD02,4,2,Closed Lost,145.11,OK,20251226,20260107
OPP04319,REP012,PRD03,3,4,Proposal,251.28,OK,20260517,
OPP04320,REP032,PRD13,4,1,Closed Won,236.16,OK,20250715,20260209
OPP04321,REP009,PRD04,3,5,Lead,98.72,OK,20260520,
OPP04322,REP015,PRD15,4,1,Lead,326.54,OK,20251223,
OPP04323,REP030,PRD09,4,3,Lead,149.52,OK,20251208,
OPP04324,REP035,PRD04,3,3,Lead,86.24,OK,20251209,
OPP04325,REP036,PRD12,5,4,Proposal,180.56,OK,20250824,
OPP04326,REP009,PRD02,3,2,Proposal,110.35,OK,20251118,
OPP04327,REP019,PRD05,1,1,Qualified,968.56,OK,20260610,
OPP04328,REP006,PRD03,2,1,Qualified,294.78,OK,20260719,
OPP04329,REP018,PRD12,5,2,Lead,59.16,OK,20260313,
OPP04330,REP004,PRD09,5,2,Qualified,939.03,OK,20260624,
OPP04331,REP037,PRD06,3,1,Proposal,289.72,OK,20260111,
OPP04332,REP029,PRD05,4,5,Qualified,652.04,OK,20260601,
OPP04333,REP015,PRD10,4,1,Lead,35.0,OK,20260514,
OPP04334,REP009,PRD05,3,1,Proposal,1247.37,OK,20250805,
OPP04335,REP030,PRD03,4,1,Qualified,114.18,OK,20260425,
OPP04336,REP027,PRD01,3,3,Qualified,53.88,OK,20260304,
OPP04337,REP019,PRD06,1,3,Proposal,325.63,OK,20260506,
OPP04338,REP011,PRD08,4,2,Qualified,2779.56,OK,20260824,
OPP04339,REP013,PRD01,5,5,Qualified,49.29,OK,20260815,
OPP04340,REP010,PRD15,5,1,Lead,956.19,OK,20250802,
OPP04341,REP011,PRD07,4,2,Qualified,56.52,OK,20260812,
OPP04342,REP035,PRD01,3,2,Lead,37.91,OK,20250926,
OPP04343,REP010,PRD03,5,1,Proposal,744.46,OK,20260619,
OPP04344,REP033,PRD01,4,2,Lead,102.28,OK,20260623,
OPP04345,REP012,PRD10,3,1,Qualified,86.29,OK,20250805,
OPP04346,REP011,PRD11,4,3,Qualified,545.56,OK,20260110,
OPP04347,REP015,PRD04,4,4,Closed Won,100.43,OK,20260810,20260823
OPP04348,REP040,PRD13,2,1,Closed Lost,224.57,OK,20260507,20260514
OPP04349,REP034,PRD10,1,2,Closed Lost,19.97,OK,20260430,20260808
OPP04350,REP035,PRD01,3,3,Closed Won,14.93,OK,20250811,20251023
OPP04351,REP018,PRD08,5,1,Proposal,2673.66,OK,20260215,
OPP04352,REP012,PRD01,3,2,Qualified,53.95,OK,20260610,
OPP04353,REP002,PRD04,5,1,Proposal,181.66,OK,20260509,
OPP04354,REP028,PRD05,2,2,Qualified,875.43,OK,20260225,
OPP04355,REP008,PRD02,3,4,Closed Won,346.94,OK,20260211,20260809
OPP04356,REP036,PRD13,5,1,Proposal,85.82,OK,20251110,
OPP04357,REP015,PRD09,4,1,Lead,214.75,OK,20260528,
OPP04358,REP035,PRD01,3,4,Qualified,45.47,OK,20260217,
OPP04359,REP020,PRD12,4,5,Qualified,407.21,OK,20250815,
OPP04360,REP037,PRD12,3,2,Lead,210.53,OK,20260809,
OPP04361,REP016,PRD07,2,1,Lead,151.99,OK,20251022,
OPP04362,REP003,PRD02,3,1,Lead,397.54,OK,20260629,
OPP04363,REP022,PRD13,5,2,Closed Won,338.32,OK,20260619,20260627
OPP04364,REP025,PRD11,1,1,Proposal,560.6,OK,20260727,
OPP04365,REP009,PRD09,3,5,Lead,172.03,OK,20250929,
OPP04366,REP004,PRD05,5,3,Qualified,2982.42,OK,20251120,
OPP04367,REP026,PRD01,3,1,Closed Lost,94.61,OK,20260901,20260901
OPP04368,REP005,PRD13,5,3,Closed Won,56.41,OK,20260505,20260724
OPP04369,REP003,PRD12,3,1,Qualified,498.16,OK,20260312,
OPP04370,REP003,PRD11,3,2,Qualified,885.95,OK,20260619,
OPP04371,REP026,PRD13,3,1,Qualified,69.01,OK,20250723,
OPP04372,REP013,PRD06,5,2,Lead,436.94,OK,20251119,
OPP04373,REP035,PRD03,3,3,Qualified,305.44,OK,20260621,
OPP04374,REP011,PRD01,4,1,Lead,8.18,OK,20251207,
OPP04375,REP011,PRD12,4,5,Closed Won,108.36,OK,20260622,20260630
OPP04376,REP008,PRD07,3,4,Closed Won,252.59,OK,20260114,20260519
OPP04377,REP012,PRD05,3,4,Closed Lost,284.18,OK,20251108,20260813
OPP04378,REP003,PRD15,3,2,Proposal,1368.63,OK,20251007,
OPP04379,REP029,PRD07,4,4,Lead,55.41,OK,20250912,
OPP04380,REP038,PRD13,5,4,Qualified,392.93,OK,20250930,
OPP04381,REP016,PRD01,2,4,Proposal,8.84,OK,20260618,
OPP04382,REP034,PRD15,1,2,Qualified,1086.42,OK,20260411,
OPP04383,REP040,PRD09,2,4,Qualified,996.87,OK,20250908,
OPP04384,REP012,PRD09,3,1,Qualified,554.41,OK,20260814,
OPP04385,REP009,PRD13,3,4,Proposal,137.65,OK,20260428,
OPP04386,REP016,PRD05,2,3,Lead,186.58,OK,20260805,
OPP04387,REP023,PRD09,4,2,Proposal,283.5,OK,20251105,
OPP04388,REP002,PRD02,5,1,Closed Lost,137.33,OK,20260424,20260808
OPP04389,REP019,PRD10,1,2,Lead,29.03,OK,20260425,
OPP04390,REP037,PRD01,3,3,Qualified,0.0,REVIEW,20250807,
OPP04391,REP021,PRD13,2,3,Lead,207.61,OK,20251113,
OPP04392,REP019,PRD10,1,2,Qualified,13.68,OK,20260321,
OPP04393,REP019,PRD13,1,4,Qualified,231.48,OK,20251028,
OPP04394,REP018,PRD07,5,1,Proposal,84.22,OK,20251106,
OPP04395,REP039,PRD01,1,1,Qualified,34.26,OK,20251024,
OPP04396,REP031,PRD07,3,1,Lead,29.91,OK,20251119,
OPP04397,REP036,PRD15,5,1,Qualified,203.85,OK,20250812,
OPP04398,REP017,PRD14,4,1,Qualified,125.26,OK,20260525,
OPP04399,REP029,PRD02,4,2,Qualified,72.23,OK,20260228,
OPP04400,REP022,PRD11,5,1,Lead,2084.37,OK,20260301,
OPP04401,REP033,PRD12,4,4,Lead,542.33,OK,20260615,
OPP04402,REP014,PRD07,2,2,Closed Lost,88.57,OK,20260213,20260424
OPP04403,REP019,PRD01,1,1,Qualified,59.02,OK,20251003,
OPP04404,REP003,PRD09,3,1,Qualified,292.51,OK,20251014,
OPP04405,REP023,PRD06,4,2,Qualified,194.91,OK,20251208,
OPP04406,REP040,PRD06,2,3,Qualified,121.26,OK,20250706,
OPP04407,REP018,PRD12,5,1,Proposal,31.37,OK,20260116,
OPP04408,REP004,PRD03,5,2,Lead,245.24,OK,20250713,
OPP04409,REP010,PRD02,5,4,Lead,88.03,OK,20260625,
OPP04410,REP015,PRD04,4,5,Closed Lost,64.58,OK,20260725,20260818
OPP04411,REP040,PRD08,2,4,Lead,3653.45,OK,20260830,
OPP04412,REP016,PRD09,2,5,Lead,286.37,OK,20250708,
OPP04413,REP019,PRD09,1,3,Proposal,263.09,OK,20260722,
OPP04414,REP019,PRD05,1,3,Proposal,168.33,OK,20260104,
OPP04415,REP005,PRD10,5,2,Qualified,20.54,OK,20251219,
OPP04416,REP016,PRD02,2,2,Qualified,83.27,OK,20260708,
OPP04417,REP036,PRD04,5,4,Lead,93.56,OK,20260621,
OPP04418,REP032,PRD08,4,3,Lead,2376.72,OK,20260518,
OPP04419,REP034,PRD03,1,5,Lead,1237.22,REVIEW,20260612,
OPP04420,REP021,PRD01,2,2,Lead,207.09,OK,20250903,
OPP04421,REP007,PRD09,3,1,Closed Won,141.33,OK,20250709,20260115
OPP04422,REP025,PRD08,1,3,Lead,2115.48,OK,20260205,
OPP04423,REP028,PRD03,2,3,Closed Won,99.94,OK,20251212,20251230
OPP04424,REP009,PRD11,3,2,Qualified,197.36,OK,20251124,
OPP04425,REP013,PRD03,5,3,Closed Won,644.66,OK,20251027,20251117
OPP04426,REP016,PRD07,2,5,Qualified,107.02,OK,20260401,
OPP04427,REP040,PRD15,2,5,Lead,1806.17,OK,20250801,
OPP04428,REP033,PRD01,4,3,Lead,17.07,OK,20251024,
OPP04429,REP036,PRD05,5,2,Proposal,334.07,OK,20250729,
OPP04430,REP040,PRD05,2,2,Qualified,760.6,OK,20260220,
OPP04431,REP016,PRD08,2,3,Lead,2046.21,OK,20260318,
OPP04432,REP040,PRD15,2,2,Closed Won,1005.0,OK,20250910,20250929
OPP04433,REP017,PRD12,4,1,Closed Lost,364.21,OK,20250926,20260306
OPP04434,REP015,PRD02,4,2,Lead,183.33,OK,20251119,
OPP04435,REP002,PRD02,5,2,Qualified,127.27,OK,20251106,
OPP04436,REP009,PRD13,3,5,Lead,188.48,OK,20260209,
OPP04437,REP034,PRD03,1,3,Closed Lost,343.01,OK,20251118,20260513
OPP04438,REP034,PRD11,1,2,Qualified,589.67,OK,20260409,
OPP04439,REP010,PRD15,5,1,Lead,533.51,OK,20250731,
OPP04440,REP006,PRD08,2,2,Lead,3165.35,OK,20250914,
OPP04441,REP012,PRD11,3,5,Closed Won,3769.52,OK,20260221,20260424
OPP04442,REP001,PRD03,4,1,Qualified,590.99,OK,20260416,
OPP04443,REP007,PRD10,3,1,Proposal,39.76,OK,20260424,
OPP04444,REP006,PRD13,2,3,Proposal,257.1,OK,20250825,
OPP04445,REP021,PRD08,2,2,Lead,740.23,OK,20260531,
OPP04446,REP005,PRD14,5,1,Closed Won,66.73,OK,20250823,20251214
OPP04447,REP034,PRD03,1,3,Proposal,533.68,OK,20260704,
OPP04448,REP027,PRD06,3,3,Lead,140.18,OK,20251016,
OPP04449,REP027,PRD13,3,1,Closed Won,174.2,OK,20251006,20260702
OPP04450,REP011,PRD05,4,5,Qualified,2168.74,OK,20260202,
OPP04451,REP034,PRD08,1,2,Qualified,703.82,OK,20260316,
OPP04452,REP009,PRD01,3,2,Closed Won,38.69,OK,20260817,20260827
OPP04453,REP016,PRD03,2,4,Lead,497.82,OK,20260815,
OPP04454,REP019,PRD03,1,4,Proposal,814.64,OK,20251213,
OPP04455,REP030,PRD06,4,1,Proposal,158.52,OK,20251213,
OPP04456,REP001,PRD10,4,2,Qualified,15.42,OK,20250818,
OPP04457,REP034,PRD14,1,5,Qualified,189.24,OK,20250926,
OPP04458,REP027,PRD03,3,5,Closed Lost,155.48,OK,20260818,20260820
OPP04459,REP033,PRD03,4,2,Qualified,544.31,OK,20260714,
OPP04460,REP022,PRD13,5,2,Closed Lost,190.6,OK,20260212,20260727
OPP04461,REP016,PRD11,2,2,Qualified,1555.87,OK,20260306,
OPP04462,REP030,PRD05,4,5,Qualified,459.34,OK,20260121,
OPP04463,REP039,PRD02,1,4,Lead,181.28,OK,20260816,
OPP04464,REP040,PRD05,2,5,Qualified,798.74,OK,20260404,
OPP04465,REP028,PRD03,2,2,Closed Lost,1118.35,OK,20251012,20260607
OPP04466,REP029,PRD15,4,2,Closed Won,1329.91,OK,20260724,20260818
OPP04467,REP038,PRD09,5,1,Closed Won,102.7,OK,20260725,20260817
OPP04468,REP025,PRD04,1,2,Proposal,103.55,OK,20251120,
OPP04469,REP013,PRD02,5,1,Qualified,198.46,OK,20251231,
OPP04470,REP028,PRD01,2,1,Proposal,79.07,OK,20260214,
OPP04471,REP015,PRD02,4,2,Closed Won,5.66,OK,20251201,20251201
OPP04472,REP025,PRD08,1,5,Qualified,3082.78,OK,20251003,
OPP04473,REP005,PRD10,5,4,Proposal,6.75,OK,20250722,
OPP04474,REP040,PRD03,2,2,Qualified,102.23,OK,20260630,
OPP04475,REP002,PRD13,5,3,Closed Lost,54.75,OK,20251003,20260716
OPP04476,REP024,PRD02,1,2,Lead,264.8,OK,20251212,
OPP04477,REP036,PRD06,5,5,Lead,183.67,OK,20260522,
OPP04478,REP031,PRD07,3,1,Lead,60.95,OK,20260521,
OPP04479,REP016,PRD02,2,3,Qualified,47.81,OK,20250808,
OPP04480,REP036,PRD05,5,2,Proposal,1165.71,OK,20260320,
OPP04481,REP014,PRD05,2,5,Lead,819.13,OK,20260401,
OPP04482,REP022,PRD08,5,1,Lead,793.33,OK,20251215,
OPP04483,REP039,PRD06,1,1,Qualified,168.57,OK,20250712,
OPP04484,REP039,PRD13,1,1,Qualified,85.47,OK,20251207,
OPP04485,REP003,PRD03,3,2,Qualified,151.85,OK,20260207,
OPP04486,REP001,PRD04,4,4,Proposal,40.64,OK,20260117,
OPP04487,REP036,PRD10,5,1,Qualified,34.49,OK,20250825,
OPP04488,REP038,PRD06,5,4,Qualified,562.94,OK,20260228,
OPP04489,REP014,PRD05,2,2,Qualified,1873.37,OK,20260222,
OPP04490,REP028,PRD08,2,4,Closed Won,7662.3,OK,20260801,20260827
OPP04491,REP037,PRD01,3,3,Lead,168.4,OK,20260312,
OPP04492,REP025,PRD13,1,3,Proposal,386.04,OK,20250708,
OPP04493,REP034,PRD05,1,1,Closed Won,596.66,OK,20250930,20260623
OPP04494,REP038,PRD11,5,2,Qualified,1166.29,OK,20260319,
OPP04495,REP032,PRD13,4,2,Qualified,141.3,OK,20260326,
OPP04496,REP022,PRD15,5,4,Lead,780.17,OK,20260507,
OPP04497,REP040,PRD04,2,3,Lead,78.2,OK,20250726,
OPP04498,REP032,PRD11,4,1,Closed Won,1945.87,OK,20251117,20260131
OPP04499,REP012,PRD09,3,2,Lead,435.73,OK,20260317,
OPP04500,REP019,PRD15,1,1,Proposal,608.91,OK,20260323,
OPP04501,REP033,PRD08,4,3,Qualified,700.44,OK,20260711,
OPP04502,REP037,PRD04,3,4,Lead,21.95,OK,20260707,
OPP04503,REP025,PRD04,1,1,Proposal,36.43,OK,20250731,
OPP04504,REP038,PRD01,5,1,Lead,70.39,OK,20251017,
OPP04505,REP010,PRD10,5,4,Lead,21.66,OK,20260712,
OPP04506,REP002,PRD01,5,2,Qualified,64.02,OK,20251101,
OPP04507,REP029,PRD11,4,4,Qualified,835.02,OK,20260626,
OPP04508,REP010,PRD08,5,1,Closed Won,2832.02,OK,20260825,20260829
OPP04509,REP008,PRD10,3,3,Lead,40.8,OK,20260628,
OPP04510,REP001,PRD12,4,2,Qualified,349.97,OK,20260521,
OPP04511,REP004,PRD08,5,2,Lead,2278.24,OK,20250816,
OPP04512,REP037,PRD08,3,2,Lead,1855.35,OK,20260812,
OPP04513,REP037,PRD11,3,3,Lead,1375.78,OK,20260221,
OPP04514,REP031,PRD03,3,2,Lead,554.07,OK,20260306,
OPP04515,REP021,PRD08,2,2,Proposal,842.98,OK,20260824,
OPP04516,REP030,PRD10,4,4,Proposal,21.18,OK,20250718,
OPP04517,REP036,PRD15,5,4,Lead,1217.08,OK,20251212,
OPP04518,REP015,PRD12,4,2,Qualified,100.25,OK,20260318,
OPP04519,REP011,PRD10,4,2,Lead,56.59,OK,20260404,
OPP04520,REP035,PRD10,3,1,Proposal,44.3,OK,20250824,
OPP04521,REP007,PRD04,3,2,Qualified,94.7,OK,20251027,
OPP04522,REP025,PRD13,1,1,Closed Won,247.01,OK,20260206,20260218
OPP04523,REP035,PRD07,3,1,Proposal,76.59,OK,20260324,
OPP04524,REP032,PRD12,4,2,Qualified,252.75,OK,20260421,
OPP04525,REP017,PRD10,4,1,Closed Lost,48.07,REVIEW,20260822,20260901
OPP04526,REP037,PRD15,3,3,Proposal,258.62,OK,20251109,
OPP04527,REP017,PRD03,4,3,Proposal,241.76,OK,20260502,
OPP04528,REP009,PRD06,3,1,Lead,395.78,OK,20251126,
OPP04529,REP009,PRD15,3,5,Closed Won,4243.9,OK,20251002,20260902
OPP04530,REP004,PRD06,5,1,Proposal,408.4,OK,20260228,
OPP04531,REP007,PRD02,3,1,Lead,0.0,REVIEW,20260305,
OPP04532,REP029,PRD04,4,2,Qualified,73.59,OK,20250728,
OPP04533,REP016,PRD02,2,2,Lead,49.75,OK,20260130,
OPP04534,REP016,PRD07,2,1,Closed Won,44.66,OK,20260521,20260606
OPP04535,REP040,PRD10,2,2,Lead,20.92,OK,20260725,
OPP04536,REP029,PRD14,4,1,Qualified,69.91,OK,20260104,
OPP04537,REP001,PRD15,4,2,Lead,1759.86,OK,20260418,
OPP04538,REP035,PRD09,3,2,Closed Lost,496.36,OK,20260620,20260719
OPP04539,REP023,PRD08,4,2,Lead,1518.41,OK,20251218,
OPP04540,REP011,PRD15,4,1,Closed Lost,286.92,OK,20260815,20260822
OPP04541,REP003,PRD02,3,1,Proposal,99.6,OK,20251116,
OPP04542,REP025,PRD12,1,2,Proposal,231.57,OK,20250929,
OPP04543,REP030,PRD06,4,1,Lead,261.8,OK,20260420,
OPP04544,REP026,PRD02,3,2,Proposal,198.59,OK,20250802,
OPP04545,REP040,PRD01,2,3,Lead,67.97,OK,20251207,
OPP04546,REP017,PRD13,4,1,Proposal,70.24,OK,20250913,
OPP04547,REP028,PRD15,2,1,Qualified,1174.34,OK,20260613,
OPP04548,REP035,PRD15,3,1,Proposal,1146.32,OK,20260801,
OPP04549,REP017,PRD11,4,2,Closed Lost,3351.36,OK,20250723,20260801
OPP04550,REP017,PRD10,4,2,Lead,27.7,OK,20260727,
OPP04551,REP018,PRD11,5,3,Qualified,786.3,OK,20251031,
OPP04552,REP001,PRD09,4,2,Lead,439.89,OK,20251128,
OPP04553,REP031,PRD06,3,1,Closed Lost,346.44,OK,20260325,20260626
OPP04554,REP031,PRD09,3,4,Qualified,921.04,OK,20260814,
OPP04555,REP023,PRD12,4,3,Lead,155.9,OK,20260302,
OPP04556,REP024,PRD04,1,5,Qualified,64.05,OK,20260315,
OPP04557,REP029,PRD04,4,3,Closed Won,58.26,OK,20251023,20260817
OPP04558,REP039,PRD13,1,1,Qualified,170.74,OK,20250918,
OPP04559,REP034,PRD14,1,1,Lead,6.8,OK,20260808,
OPP04560,REP021,PRD08,2,2,Qualified,1036.01,OK,20251015,
OPP04561,REP039,PRD03,1,4,Closed Won,682.75,OK,20251210,20251224
OPP04562,REP029,PRD02,4,1,Lead,142.64,OK,20260625,
OPP04563,REP033,PRD06,4,1,Closed Won,63.2,OK,20260501,20260810
OPP04564,REP010,PRD15,5,3,Qualified,650.69,OK,20251001,
OPP04565,REP012,PRD05,3,1,Closed Lost,869.61,OK,20250707,20260305
OPP04566,REP001,PRD13,4,3,Qualified,69.9,OK,20250807,
OPP04567,REP033,PRD13,4,3,Lead,51.7,OK,20250909,
OPP04568,REP011,PRD14,4,5,Closed Won,115.56,OK,20260319,20260617
OPP04569,REP035,PRD11,3,1,Qualified,1868.2,OK,20250808,
OPP04570,REP032,PRD06,4,2,Lead,298.45,OK,20250922,
OPP04571,REP023,PRD12,4,1,Proposal,21.56,OK,20260812,
OPP04572,REP025,PRD02,1,2,Proposal,255.34,OK,20260303,
OPP04573,REP006,PRD12,2,5,Qualified,435.86,OK,20250721,
OPP04574,REP037,PRD15,3,3,Closed Lost,2650.29,OK,20260303,20260705
OPP04575,REP037,PRD10,3,4,Closed Lost,54.26,OK,20251213,20260416
OPP04576,REP040,PRD10,2,2,Lead,14.44,OK,20251206,
OPP04577,REP037,PRD12,3,1,Closed Won,414.64,OK,20251130,20260321
OPP04578,REP016,PRD03,2,4,Lead,372.78,OK,20260203,
OPP04579,REP032,PRD13,4,1,Lead,92.66,OK,20260821,
OPP04580,REP004,PRD09,5,4,Qualified,281.51,OK,20260308,
OPP04581,REP025,PRD07,1,2,Qualified,104.67,OK,20260611,
OPP04582,REP013,PRD15,5,2,Lead,3964.82,OK,20251003,
OPP04583,REP040,PRD14,2,2,Closed Won,69.55,OK,20260131,20260329
OPP04584,REP029,PRD08,4,3,Closed Won,1953.61,OK,20251103,20260217
OPP04585,REP028,PRD08,2,3,Closed Won,1938.4,OK,20250930,20251005
OPP04586,REP005,PRD06,5,3,Closed Lost,285.15,OK,20260807,20260811
OPP04587,REP038,PRD06,5,2,Lead,366.09,OK,20251211,
OPP04588,REP001,PRD10,4,2,Closed Lost,53.14,OK,20260829,20260831
OPP04589,REP008,PRD06,3,1,Qualified,572.43,OK,20260308,
OPP04590,REP038,PRD09,5,1,Closed Lost,414.32,OK,20260130,20260325
OPP04591,REP036,PRD03,5,1,Closed Lost,1113.63,OK,20260209,20260515
OPP04592,REP035,PRD11,3,2,Qualified,604.62,OK,20251114,
OPP04593,REP011,PRD14,4,2,Lead,140.68,OK,20250828,
OPP04594,REP008,PRD04,3,1,Proposal,41.26,OK,20260302,
OPP04595,REP007,PRD08,3,2,Qualified,3362.99,OK,20260324,
OPP04596,REP007,PRD10,3,4,Proposal,87.85,OK,20260827,
OPP04597,REP037,PRD11,3,2,Qualified,524.49,OK,20260613,
OPP04598,REP017,PRD12,4,2,Lead,206.28,OK,20250812,
OPP04599,REP025,PRD06,1,4,Lead,412.0,OK,20251013,
OPP04600,REP017,PRD13,4,5,Lead,529.7,OK,20250726,
OPP04601,REP007,PRD12,3,1,Lead,293.64,OK,20260704,
OPP04602,REP015,PRD04,4,1,Proposal,49.27,OK,20250812,
OPP04603,REP024,PRD12,1,5,Closed Won,289.89,OK,20250924,20260219
OPP04604,REP028,PRD03,2,4,Closed Lost,161.21,OK,20250814,20250916
OPP04605,REP040,PRD09,2,1,Qualified,110.76,OK,20260531,
OPP04606,REP039,PRD01,1,4,Lead,39.11,OK,20260504,
OPP04607,REP028,PRD02,2,1,Qualified,168.26,OK,20251120,
OPP04608,REP032,PRD04,4,3,Lead,36.05,OK,20260615,
OPP04609,REP001,PRD02,4,3,Qualified,111.55,OK,20260406,
OPP04610,REP007,PRD08,3,2,Qualified,582.39,OK,20260303,
OPP04611,REP036,PRD01,5,3,Lead,45.14,OK,20260319,
OPP04612,REP008,PRD10,3,1,Qualified,14.19,OK,20251204,
OPP04613,REP039,PRD05,1,5,Lead,1214.06,OK,20260822,
OPP04614,REP015,PRD13,4,2,Proposal,125.09,OK,20250903,
OPP04615,REP003,PRD05,3,2,Closed Won,2498.45,OK,20260630,20260824
OPP04616,REP034,PRD14,1,1,Closed Lost,55.16,OK,20251014,20251119
OPP04617,REP010,PRD07,5,1,Lead,79.92,OK,20260702,
OPP04618,REP016,PRD06,2,2,Closed Lost,60.31,OK,20250917,20260312
OPP04619,REP030,PRD10,4,1,Qualified,13.21,OK,20260302,
OPP04620,REP039,PRD15,1,2,Lead,462.65,OK,20260630,
OPP04621,REP015,PRD02,4,5,Lead,218.8,OK,20260704,
OPP04622,REP020,PRD11,4,1,Proposal,630.21,OK,20251230,
OPP04623,REP003,PRD13,3,2,Qualified,210.7,OK,20251224,
OPP04624,REP016,PRD12,2,1,Closed Won,81.37,OK,20251023,20260619
OPP04625,REP004,PRD08,5,1,Lead,1581.38,OK,20260120,
OPP04626,REP012,PRD10,3,3,Qualified,40.46,OK,20260412,
OPP04627,REP026,PRD06,3,4,Proposal,117.83,OK,20260504,
OPP04628,REP032,PRD02,4,3,Proposal,45.65,OK,20251123,
OPP04629,REP039,PRD03,1,1,Lead,1288.61,OK,20260317,
OPP04630,REP035,PRD11,3,2,Lead,2694.07,OK,20260313,
OPP04631,REP036,PRD05,5,4,Closed Won,292.38,OK,20260621,20260807
OPP04632,REP030,PRD04,4,1,Qualified,152.68,OK,20250727,
OPP04633,REP024,PRD02,1,5,Closed Lost,56.56,OK,20250823,20260223
OPP04634,REP001,PRD04,4,2,Lead,28.68,OK,20250929,
OPP04635,REP027,PRD06,3,2,Qualified,103.68,OK,20260402,
OPP04636,REP007,PRD09,3,5,Proposal,845.45,OK,20260710,
OPP04637,REP022,PRD08,5,2,Lead,3235.08,OK,20260627,
OPP04638,REP028,PRD10,2,2,Qualified,101.01,OK,20251113,
OPP04639,REP031,PRD01,3,1,Proposal,10.24,OK,20260208,
OPP04640,REP027,PRD02,3,4,Closed Lost,240.17,OK,20260331,20260726
OPP04641,REP007,PRD09,3,2,Lead,414.8,OK,20251010,
OPP04642,REP034,PRD15,1,2,Lead,2010.28,OK,20260802,
OPP04643,REP035,PRD09,3,1,Qualified,112.6,OK,20250921,
OPP04644,REP023,PRD05,4,1,Qualified,396.5,OK,20260515,
OPP04645,REP037,PRD07,3,2,Lead,40.81,OK,20250925,
OPP04646,REP028,PRD02,2,1,Lead,152.17,OK,20260314,
OPP04647,REP003,PRD04,3,4,Lead,74.44,OK,20250828,
OPP04648,REP007,PRD13,3,5,Proposal,247.59,OK,20260223,
OPP04649,REP038,PRD04,5,5,Qualified,5.89,OK,20260821,
OPP04650,REP006,PRD15,2,3,Qualified,2259.77,OK,20260627,
OPP04651,REP002,PRD05,5,2,Closed Won,1808.82,OK,20260511,20260902
OPP04652,REP018,PRD14,5,4,Qualified,51.08,OK,20260521,
OPP04653,REP026,PRD14,3,1,Qualified,86.85,OK,20260105,
OPP04654,REP033,PRD13,4,2,Qualified,176.88,OK,20260109,
OPP04655,REP013,PRD09,5,2,Closed Won,805.43,OK,20251104,20260510
OPP04656,REP039,PRD04,1,2,Qualified,38.71,OK,20260428,
OPP04657,REP017,PRD13,4,3,Qualified,92.88,OK,20250824,
OPP04658,REP012,PRD06,3,2,Proposal,289.37,OK,20260325,
OPP04659,REP034,PRD01,1,2,Proposal,64.17,OK,20251212,
OPP04660,REP006,PRD11,2,1,Proposal,4019.24,OK,20260603,
OPP04661,REP037,PRD15,3,4,Lead,4828.3,OK,20260607,
OPP04662,REP030,PRD10,4,1,Closed Lost,80.67,OK,20260326,20260709
OPP04663,REP019,PRD02,1,2,Qualified,95.58,OK,20260103,
OPP04664,REP026,PRD05,3,1,Lead,243.78,OK,20251115,
OPP04665,REP017,PRD14,4,1,Proposal,37.15,OK,20250902,
OPP04666,REP004,PRD03,5,2,Lead,411.12,OK,20260716,
OPP04667,REP038,PRD14,5,3,Closed Lost,45.42,OK,20250930,20260517
OPP04668,REP014,PRD15,2,5,Lead,303.61,OK,20260628,
OPP04669,REP023,PRD07,4,3,Lead,127.44,OK,20260313,
OPP04670,REP028,PRD12,2,2,Proposal,501.88,OK,20250917,
OPP04671,REP016,PRD03,2,3,Qualified,656.82,OK,20260614,
OPP04672,REP039,PRD13,1,2,Lead,492.84,OK,20251117,
OPP04673,REP025,PRD15,1,1,Proposal,1936.82,OK,20260228,
OPP04674,REP002,PRD08,5,1,Lead,1931.2,OK,20260515,
OPP04675,REP031,PRD15,3,4,Qualified,2260.86,OK,20250827,
OPP04676,REP028,PRD04,2,2,Closed Lost,16.52,OK,20250926,20260619
OPP04677,REP016,PRD07,2,2,Proposal,190.2,OK,20260424,
OPP04678,REP008,PRD15,3,3,Lead,2030.87,OK,20260315,
OPP04679,REP026,PRD04,3,2,Qualified,136.0,OK,20260722,
OPP04680,REP012,PRD10,3,3,Qualified,28.68,OK,20250820,
OPP04681,REP036,PRD13,5,5,Qualified,103.85,OK,20250912,
OPP04682,REP006,PRD15,2,2,Lead,1421.44,OK,20251220,
OPP04683,REP031,PRD09,3,2,Closed Lost,157.12,OK,20251019,20260601
OPP04684,REP027,PRD08,3,4,Closed Won,1244.29,OK,20250704,20251025
OPP04685,REP040,PRD07,2,3,Lead,46.77,OK,20251027,
OPP04686,REP009,PRD02,3,4,Lead,97.85,OK,20260620,
OPP04687,REP025,PRD09,1,5,Qualified,782.95,OK,20260820,
OPP04688,REP035,PRD12,3,2,Qualified,126.92,OK,20260215,
OPP04689,REP033,PRD03,4,1,Qualified,277.88,OK,20260502,
OPP04690,REP039,PRD09,1,3,Closed Won,480.28,OK,20260616,20260704
OPP04691,REP028,PRD15,2,3,Closed Lost,1332.6,OK,20251210,20260831
OPP04692,REP040,PRD05,2,1,Qualified,1144.61,OK,20260306,
OPP04693,REP015,PRD09,4,3,Qualified,395.76,OK,20260221,
OPP04694,REP003,PRD09,3,3,Closed Won,456.25,OK,20260225,20260822
OPP04695,REP032,PRD03,4,2,Qualified,325.0,OK,20260606,
OPP04696,REP036,PRD14,5,3,Qualified,22.31,OK,20260328,
OPP04697,REP012,PRD06,3,4,Proposal,26.5,OK,20250911,
OPP04698,REP020,PRD06,4,1,Proposal,213.55,OK,20250710,
OPP04699,REP036,PRD14,5,1,Closed Won,57.54,OK,20260804,20260823
OPP04700,REP032,PRD15,4,5,Closed Won,2039.65,OK,20251011,20260202
OPP04701,REP002,PRD06,5,2,Qualified,214.7,OK,20250821,
OPP04702,REP017,PRD04,4,1,Lead,34.44,OK,20260416,
OPP04703,REP018,PRD15,5,2,Lead,962.74,OK,20250814,
OPP04704,REP016,PRD15,2,5,Qualified,520.84,OK,20250704,
OPP04705,REP040,PRD07,2,2,Qualified,224.05,OK,20260409,
OPP04706,REP008,PRD04,3,1,Closed Won,33.11,OK,20250927,20260827
OPP04707,REP030,PRD03,4,1,Proposal,233.02,OK,20260208,
OPP04708,REP039,PRD02,1,2,Lead,204.29,OK,20250728,
OPP04709,REP016,PRD12,2,2,Qualified,205.79,OK,20260102,
OPP04710,REP023,PRD02,4,3,Lead,204.13,OK,20260604,
OPP04711,REP024,PRD05,1,4,Closed Won,1195.94,OK,20260506,20260706
OPP04712,REP030,PRD09,4,1,Lead,686.93,OK,20260427,
OPP04713,REP012,PRD09,3,1,Proposal,95.46,OK,20260515,
OPP04714,REP031,PRD03,3,1,Closed Lost,54.07,OK,20260426,20260719
OPP04715,REP025,PRD03,1,1,Lead,777.57,OK,20260831,
OPP04716,REP034,PRD11,1,2,Qualified,542.64,OK,20251215,
OPP04717,REP005,PRD13,5,5,Lead,79.92,OK,20251115,
OPP04718,REP013,PRD07,5,2,Proposal,27.63,OK,20260707,
OPP04719,REP005,PRD02,5,3,Qualified,63.79,OK,20251020,
OPP04720,REP002,PRD06,5,5,Closed Lost,286.75,OK,20251127,20260630
OPP04721,REP023,PRD14,4,3,Qualified,88.52,OK,20260428,
OPP04722,REP026,PRD03,3,2,Closed Won,623.89,OK,20260409,20260629
OPP04723,REP007,PRD02,3,4,Qualified,22.23,OK,20251031,
OPP04724,REP014,PRD01,2,2,Closed Lost,49.45,OK,20260213,20260402
OPP04725,REP012,PRD11,3,1,Lead,771.0,OK,20251016,
OPP04726,REP031,PRD11,3,2,Closed Won,66.61,OK,20250713,20250906
OPP04727,REP034,PRD03,1,1,Qualified,865.99,OK,20250716,
OPP04728,REP019,PRD02,1,3,Closed Won,318.37,OK,20251023,20260730
OPP04729,REP011,PRD09,4,1,Lead,470.49,OK,20260717,
OPP04730,REP028,PRD10,2,1,Proposal,47.75,OK,20260608,
OPP04731,REP019,PRD04,1,1,Lead,37.41,OK,20251017,
OPP04732,REP024,PRD05,1,3,Proposal,1233.19,OK,20250907,
OPP04733,REP027,PRD09,3,1,Closed Won,60.08,OK,20251018,20260624
OPP04734,REP030,PRD09,4,3,Closed Lost,263.51,OK,20260523,20260819
OPP04735,REP011,PRD13,4,2,Lead,96.92,OK,20260530,
OPP04736,REP003,PRD04,3,1,Closed Won,53.08,OK,20251120,20260515
OPP04737,REP029,PRD06,4,1,Lead,114.72,OK,20260803,
OPP04738,REP015,PRD13,4,5,Closed Lost,271.85,OK,20260529,20260721
OPP04739,REP031,PRD08,3,4,Lead,2451.26,OK,20260618,
OPP04740,REP011,PRD01,4,2,Qualified,12.62,OK,20260428,
OPP04741,REP029,PRD13,4,1,Qualified,191.74,OK,20260405,
OPP04742,REP002,PRD04,5,4,Lead,152.07,OK,20251226,
OPP04743,REP010,PRD06,5,1,Lead,221.84,OK,20251125,
OPP04744,REP006,PRD10,2,3,Closed Lost,74.29,OK,20260529,20260726
OPP04745,REP039,PRD08,1,5,Qualified,1140.73,OK,20250709,
OPP04746,REP030,PRD11,4,3,Qualified,1932.92,OK,20260725,
OPP04747,REP030,PRD13,4,3,Closed Won,146.82,OK,20260103,20260716
OPP04748,REP002,PRD07,5,1,Closed Won,100.6,OK,20260129,20260707
OPP04749,REP029,PRD08,4,4,Closed Lost,1522.2,OK,20260901,20260902
OPP04750,REP016,PRD06,2,3,Lead,421.42,OK,20260415,
OPP04751,REP004,PRD04,5,1,Lead,51.52,OK,20250729,
OPP04752,REP035,PRD02,3,5,Proposal,236.06,OK,20250802,
OPP04753,REP016,PRD12,2,1,Proposal,226.38,OK,20260714,
OPP04754,REP015,PRD15,4,1,Closed Lost,1734.97,OK,20260416,20260507
OPP04755,REP001,PRD14,4,1,Lead,71.11,OK,20260713,
OPP04756,REP022,PRD12,5,2,Lead,302.79,OK,20250904,
OPP04757,REP035,PRD03,3,1,Lead,210.6,OK,20251022,
OPP04758,REP017,PRD02,4,2,Closed Won,62.33,OK,20260816,20260822
OPP04759,REP023,PRD14,4,1,Proposal,68.82,OK,20260630,
OPP04760,REP029,PRD08,4,2,Proposal,2222.62,OK,20260809,
OPP04761,REP015,PRD01,4,2,Closed Won,28.43,OK,20250902,20260324
OPP04762,REP029,PRD14,4,3,Proposal,97.07,OK,20250910,
OPP04763,REP011,PRD02,4,2,Lead,176.08,OK,20260110,
OPP04764,REP006,PRD04,2,2,Qualified,56.36,OK,20260705,
OPP04765,REP031,PRD13,3,2,Closed Won,106.27,OK,20250902,20260525
OPP04766,REP018,PRD07,5,5,Closed Won,49.82,OK,20260826,20260902
OPP04767,REP037,PRD09,3,1,Proposal,403.15,OK,20260303,
OPP04768,REP025,PRD01,1,2,Closed Lost,19.98,OK,20250813,20260729
OPP04769,REP004,PRD12,5,1,Lead,152.12,OK,20260327,
OPP04770,REP008,PRD14,3,4,Proposal,134.1,OK,20260823,
OPP04771,REP002,PRD06,5,4,Closed Won,203.7,OK,20250712,20260711
OPP04772,REP017,PRD01,4,1,Closed Lost,98.88,OK,20260621,20260809
OPP04773,REP008,PRD13,3,5,Closed Lost,40.34,OK,20260703,20260827
OPP04774,REP029,PRD03,4,3,Proposal,171.13,OK,20260318,
OPP04775,REP035,PRD10,3,3,Qualified,50.63,OK,20260527,
OPP04776,REP037,PRD12,3,1,Qualified,560.44,OK,20260404,
OPP04777,REP019,PRD14,1,3,Lead,93.21,OK,20260217,
OPP04778,REP030,PRD09,4,2,Closed Won,1143.77,OK,20260213,20260419
OPP04779,REP004,PRD15,5,4,Closed Lost,1447.72,OK,20250731,20260324
OPP04780,REP040,PRD02,2,1,Closed Lost,67.65,OK,20260122,20260214
OPP04781,REP031,PRD02,3,4,Closed Won,151.83,OK,20260706,20260831
OPP04782,REP022,PRD15,5,2,Qualified,1454.82,OK,20251112,
OPP04783,REP029,PRD09,4,1,Proposal,420.12,OK,20250813,
OPP04784,REP030,PRD15,4,1,Lead,1585.12,OK,20260215,
OPP04785,REP029,PRD01,4,1,Lead,61.86,OK,20250725,
OPP04786,REP011,PRD07,4,2,Proposal,18.71,OK,20260211,
OPP04787,REP038,PRD14,5,2,Closed Lost,136.46,OK,20260715,20260723
OPP04788,REP003,PRD01,3,3,Lead,23.74,OK,20251010,
OPP04789,REP040,PRD02,2,3,Lead,183.44,OK,20260731,
OPP04790,REP029,PRD02,4,4,Lead,249.54,OK,20250901,
OPP04791,REP010,PRD04,5,1,Lead,127.17,OK,20260204,
OPP04792,REP014,PRD03,2,3,Qualified,207.02,OK,20260115,
OPP04793,REP018,PRD05,5,3,Lead,1485.12,OK,20251014,
OPP04794,REP006,PRD10,2,1,Closed Lost,78.99,OK,20260207,20260524
OPP04795,REP023,PRD15,4,1,Closed Lost,1312.15,OK,20260119,20260124
OPP04796,REP013,PRD12,5,1,Lead,131.09,OK,20250928,
OPP04797,REP022,PRD15,5,2,Lead,1878.94,OK,20251116,
OPP04798,REP033,PRD05,4,4,Lead,329.58,OK,20251029,
OPP04799,REP025,PRD12,1,2,Lead,108.11,OK,20260615,
OPP04800,REP016,PRD10,2,2,Lead,22.72,OK,20260417,
OPP04801,REP021,PRD10,2,5,Qualified,21.45,OK,20251117,
OPP04802,REP023,PRD15,4,2,Qualified,367.76,OK,20260122,
OPP04803,REP029,PRD12,4,1,Lead,200.0,OK,20260103,
OPP04804,REP009,PRD04,3,4,Lead,85.8,OK,20260715,
OPP04805,REP024,PRD07,1,1,Proposal,12.09,OK,20251121,
OPP04806,REP024,PRD13,1,1,Closed Lost,90.28,OK,20260817,20260817
OPP04807,REP018,PRD13,5,2,Lead,18.53,OK,20260327,
OPP04808,REP027,PRD11,3,1,Proposal,3479.49,OK,20250907,
OPP04809,REP020,PRD04,4,5,Qualified,7.26,OK,20251024,
OPP04810,REP006,PRD14,2,2,Lead,119.79,OK,20251031,
OPP04811,REP017,PRD03,4,2,Closed Won,655.35,OK,20260724,20260829
OPP04812,REP015,PRD01,4,4,Lead,101.9,OK,20260520,
OPP04813,REP008,PRD15,3,3,Lead,298.89,OK,20260427,
OPP04814,REP019,PRD12,1,4,Qualified,395.43,OK,20260104,
OPP04815,REP037,PRD07,3,1,Closed Lost,162.64,OK,20260610,20260819
OPP04816,REP030,PRD03,4,2,Lead,341.71,OK,20251110,
OPP04817,REP028,PRD02,2,3,Proposal,120.64,OK,20251214,
OPP04818,REP010,PRD10,5,5,Lead,76.58,OK,20260329,
OPP04819,REP027,PRD01,3,3,Lead,73.16,OK,20250815,
OPP04820,REP028,PRD06,2,2,Proposal,98.6,OK,20260125,
OPP04821,REP005,PRD01,5,2,Closed Won,96.3,OK,20251002,20251022
OPP04822,REP030,PRD11,4,4,Qualified,342.68,OK,20251111,
OPP04823,REP018,PRD09,5,5,Closed Won,536.07,OK,20260629,20260806
OPP04824,REP032,PRD01,4,5,Closed Won,33.9,OK,20260708,20260806
OPP04825,REP013,PRD15,5,2,Lead,393.34,OK,20260708,
OPP04826,REP031,PRD01,3,2,Qualified,172.14,OK,20260821,
OPP04827,REP023,PRD03,4,1,Proposal,136.25,OK,20260101,
OPP04828,REP028,PRD03,2,5,Qualified,143.42,OK,20260424,
OPP04829,REP011,PRD09,4,1,Qualified,110.51,OK,20260502,
OPP04830,REP009,PRD03,3,3,Qualified,505.79,OK,20260707,
OPP04831,REP012,PRD01,3,1,Lead,101.45,OK,20260123,
OPP04832,REP001,PRD11,4,1,Lead,2693.01,OK,20251024,
OPP04833,REP002,PRD07,5,1,Lead,153.44,OK,20260820,
OPP04834,REP025,PRD01,1,3,Lead,49.41,OK,20260606,
OPP04835,REP012,PRD10,3,4,Lead,48.03,OK,20250713,
OPP04836,REP027,PRD15,3,2,Closed Lost,4076.56,OK,20260213,20260806
OPP04837,REP023,PRD06,4,4,Lead,85.61,OK,20260426,
OPP04838,REP035,PRD08,3,4,Lead,1989.92,OK,20260306,
OPP04839,REP026,PRD07,3,1,Closed Lost,145.51,OK,20260819,20260819
OPP04840,REP025,PRD08,1,1,Proposal,647.41,OK,20250917,
OPP04841,REP036,PRD14,5,2,Lead,94.66,OK,20260820,
OPP04842,REP031,PRD08,3,1,Qualified,3437.17,OK,20260404,
OPP04843,REP005,PRD02,5,4,Qualified,113.66,OK,20260604,
OPP04844,REP024,PRD09,1,1,Lead,493.97,OK,20260131,
OPP04845,REP002,PRD04,5,2,Proposal,139.2,OK,20260321,
OPP04846,REP019,PRD10,1,4,Closed Won,116.01,OK,20260129,20260512
OPP04847,REP026,PRD07,3,3,Qualified,114.84,OK,20250918,
OPP04848,REP007,PRD11,3,5,Closed Won,982.89,OK,20260118,20260901
OPP04849,REP015,PRD09,4,1,Closed Won,352.03,OK,20260503,20260731
OPP04850,REP033,PRD11,4,1,Lead,3599.62,OK,20260107,
OPP04851,REP038,PRD15,5,1,Proposal,621.8,OK,20251202,
OPP04852,REP018,PRD13,5,2,Qualified,404.08,OK,20260811,
OPP04853,REP038,PRD12,5,2,Closed Won,72.44,OK,20260323,20260801
OPP04854,REP026,PRD06,3,4,Closed Won,526.2,OK,20251120,20260321
OPP04855,REP011,PRD09,4,1,Qualified,123.31,OK,20250712,
OPP04856,REP011,PRD01,4,4,Proposal,92.36,OK,20250710,
OPP04857,REP036,PRD06,5,4,Closed Lost,151.4,OK,20250825,20250829
OPP04858,REP015,PRD01,4,2,Qualified,22.73,OK,20260519,
OPP04859,REP018,PRD06,5,2,Proposal,501.31,OK,20250917,
OPP04860,REP030,PRD14,4,2,Lead,216.6,OK,20260815,
OPP04861,REP036,PRD11,5,4,Closed Won,1336.33,OK,20250922,20260615
OPP04862,REP012,PRD06,3,1,Closed Lost,109.68,OK,20260615,20260719
OPP04863,REP016,PRD07,2,2,Proposal,63.14,OK,20251221,
OPP04864,REP033,PRD14,4,4,Lead,17.92,OK,20260209,
OPP04865,REP038,PRD04,5,2,Proposal,81.38,OK,20260115,
OPP04866,REP010,PRD12,5,4,Qualified,420.89,OK,20251130,
OPP04867,REP040,PRD08,2,1,Lead,1086.09,OK,20250730,
OPP04868,REP031,PRD07,3,4,Proposal,107.52,OK,20250722,
OPP04869,REP017,PRD13,4,2,Lead,133.71,OK,20250913,
OPP04870,REP040,PRD13,2,5,Lead,102.42,OK,20250817,
OPP04871,REP008,PRD13,3,4,Closed Won,399.11,OK,20251219,20260808
OPP04872,REP011,PRD12,4,3,Closed Lost,277.49,OK,20251006,20260707
OPP04873,REP026,PRD13,3,1,Proposal,74.98,OK,20251005,
OPP04874,REP019,PRD07,1,3,Lead,51.26,OK,20250909,
OPP04875,REP005,PRD09,5,2,Lead,458.3,OK,20251012,
OPP04876,REP035,PRD15,3,1,Lead,2055.14,OK,20260422,
OPP04877,REP028,PRD08,2,2,Lead,2190.93,OK,20251124,
OPP04878,REP010,PRD07,5,2,Proposal,29.53,OK,20250928,
OPP04879,REP038,PRD02,5,2,Qualified,91.01,OK,20251124,
OPP04880,REP011,PRD15,4,4,Proposal,974.08,OK,20260116,
OPP04881,REP026,PRD03,3,1,Qualified,742.71,OK,20260217,
OPP04882,REP022,PRD02,5,2,Lead,191.78,OK,20260701,
OPP04883,REP002,PRD11,5,2,Qualified,2115.03,OK,20250831,
OPP04884,REP024,PRD02,1,1,Lead,92.55,OK,20260621,
OPP04885,REP020,PRD09,4,1,Lead,418.44,OK,20260203,
OPP04886,REP017,PRD10,4,1,Closed Lost,17.54,OK,20260531,20260806
OPP04887,REP015,PRD07,4,2,Lead,88.56,OK,20260312,
OPP04888,REP039,PRD04,1,3,Closed Won,68.92,OK,20260119,20260322
OPP04889,REP040,PRD01,2,5,Proposal,88.55,OK,20250830,
OPP04890,REP024,PRD14,1,3,Closed Won,84.38,OK,20260204,20260228
OPP04891,REP011,PRD08,4,2,Closed Won,4245.23,OK,20260427,20260711
OPP04892,REP021,PRD10,2,1,Qualified,97.75,OK,20260319,
OPP04893,REP002,PRD06,5,2,Qualified,267.22,OK,20250819,
OPP04894,REP013,PRD13,5,4,Qualified,30.38,OK,20260120,
OPP04895,REP010,PRD08,5,3,Qualified,3416.12,OK,20260125,
OPP04896,REP025,PRD09,1,2,Proposal,400.27,OK,20251119,
OPP04897,REP008,PRD09,3,4,Qualified,338.93,OK,20260611,
OPP04898,REP006,PRD07,2,2,Lead,82.73,OK,20250826,
OPP04899,REP030,PRD04,4,2,Proposal,45.95,OK,20260720,
OPP04900,REP030,PRD04,4,4,Lead,80.4,OK,20251206,
OPP04901,REP032,PRD05,4,1,Closed Won,196.87,OK,20260504,20260607
OPP04902,REP018,PRD03,5,2,Qualified,432.99,OK,20260721,
OPP04903,REP007,PRD15,3,5,Proposal,1323.5,OK,20250926,
OPP04904,REP008,PRD02,3,4,Qualified,236.92,OK,20251023,
OPP04905,REP006,PRD13,2,1,Qualified,286.17,OK,20260827,
OPP04906,REP033,PRD10,4,2,Closed Won,17.94,OK,20260603,20260624
OPP04907,REP026,PRD06,3,2,Lead,391.75,OK,20250924,
OPP04908,REP035,PRD12,3,1,Closed Won,382.14,OK,20260611,20260819
OPP04909,REP026,PRD10,3,1,Qualified,71.29,OK,20260121,
OPP04910,REP021,PRD09,2,1,Lead,235.94,OK,20250922,
OPP04911,REP005,PRD08,5,1,Proposal,5239.9,OK,20250731,
OPP04912,REP034,PRD05,1,1,Closed Lost,1694.28,OK,20250829,20250925
OPP04913,REP019,PRD07,1,4,Lead,101.08,OK,20260114,
OPP04914,REP017,PRD08,4,5,Qualified,2454.16,OK,20260615,
OPP04915,REP007,PRD05,3,4,Qualified,491.19,OK,20250718,
OPP04916,REP019,PRD14,1,4,Qualified,46.59,OK,20260725,
OPP04917,REP036,PRD05,5,1,Lead,522.17,OK,20251027,
OPP04918,REP025,PRD06,1,2,Lead,244.67,OK,20250704,
OPP04919,REP014,PRD02,2,2,Qualified,8.48,OK,20250802,
OPP04920,REP005,PRD09,5,1,Lead,86.81,OK,20260503,
OPP04921,REP013,PRD09,5,5,Closed Won,290.95,OK,20260126,20260325
OPP04922,REP020,PRD01,4,1,Qualified,31.31,OK,20260317,
OPP04923,REP006,PRD12,2,2,Lead,89.16,OK,20260503,
OPP04924,REP010,PRD15,5,2,Closed Won,1040.41,OK,20250706,20260810
OPP04925,REP005,PRD05,5,1,Qualified,838.47,OK,20260720,
OPP04926,REP033,PRD11,4,3,Closed Won,4756.68,OK,20260710,20260821
OPP04927,REP002,PRD06,5,1,Lead,211.97,OK,20260513,
OPP04928,REP028,PRD09,2,4,Proposal,497.53,OK,20250827,
OPP04929,REP007,PRD08,3,4,Qualified,1050.22,OK,20260827,
OPP04930,REP040,PRD12,2,2,Proposal,214.41,OK,20251226,
OPP04931,REP015,PRD12,4,2,Closed Won,170.74,OK,20250706,20260430
OPP04932,REP011,PRD13,4,5,Lead,182.25,OK,20260713,
OPP04933,REP005,PRD08,5,2,Qualified,1706.54,OK,20251006,
OPP04934,REP016,PRD02,2,1,Proposal,123.91,OK,20260823,
OPP04935,REP034,PRD15,1,1,Qualified,537.53,OK,20260408,
OPP04936,REP036,PRD14,5,4,Lead,84.18,OK,20260319,
OPP04937,REP040,PRD11,2,2,Lead,2362.03,OK,20260224,
OPP04938,REP020,PRD15,4,1,Qualified,1167.7,OK,20260511,
OPP04939,REP002,PRD02,5,2,Closed Won,89.08,OK,20250815,20260417
OPP04940,REP023,PRD02,4,1,Qualified,65.14,OK,20250912,
OPP04941,REP017,PRD03,4,3,Lead,840.62,OK,20260413,
OPP04942,REP012,PRD14,3,1,Closed Won,43.54,OK,20260823,20260902
OPP04943,REP035,PRD12,3,5,Qualified,249.67,OK,20260325,
OPP04944,REP040,PRD05,2,2,Closed Won,191.78,OK,20250904,20260727
OPP04945,REP007,PRD13,3,5,Lead,59.95,OK,20260626,
OPP04946,REP034,PRD10,1,4,Proposal,19.49,OK,20260214,
OPP04947,REP027,PRD07,3,2,Qualified,81.53,OK,20251208,
OPP04948,REP006,PRD05,2,5,Proposal,179.92,OK,20251118,
OPP04949,REP028,PRD05,2,3,Closed Lost,898.62,OK,20250803,20260528
OPP04950,REP004,PRD09,5,3,Qualified,698.82,OK,20251129,
OPP04951,REP006,PRD13,2,3,Proposal,53.56,OK,20260221,
OPP04952,REP006,PRD06,2,1,Proposal,149.46,OK,20260503,
OPP04953,REP021,PRD06,2,5,Lead,443.5,OK,20250924,
OPP04954,REP018,PRD03,5,5,Proposal,1027.05,OK,20260409,
OPP04955,REP036,PRD07,5,2,Closed Lost,53.42,OK,20260716,20260724
OPP04956,REP011,PRD02,4,2,Closed Lost,159.14,OK,20260609,20260819
OPP04957,REP027,PRD13,3,2,Lead,88.19,OK,20251128,
OPP04958,REP001,PRD02,4,1,Proposal,125.49,OK,20251020,
OPP04959,REP014,PRD12,2,1,Closed Lost,726.85,OK,20250731,20251227
OPP04960,REP027,PRD06,3,2,Lead,323.79,OK,20250723,
OPP04961,REP021,PRD12,2,2,Closed Lost,362.01,OK,20260105,20260713
OPP04962,REP034,PRD13,1,3,Lead,36.64,OK,20260501,
OPP04963,REP024,PRD02,1,3,Proposal,54.41,OK,20250821,
OPP04964,REP009,PRD09,3,2,Lead,503.95,OK,20260827,
OPP04965,REP017,PRD10,4,2,Proposal,59.34,OK,20260228,
OPP04966,REP031,PRD04,3,2,Lead,63.44,OK,20260727,
OPP04967,REP026,PRD13,3,3,Lead,13.31,OK,20260822,
OPP04968,REP007,PRD14,3,4,Qualified,74.2,OK,20260617,
OPP04969,REP034,PRD03,1,4,Qualified,188.97,OK,20250716,
OPP04970,REP019,PRD07,1,1,Lead,101.11,OK,20250801,
OPP04971,REP034,PRD06,1,1,Lead,481.22,OK,20260324,
OPP04972,REP024,PRD04,1,1,Qualified,147.83,OK,20250816,
OPP04973,REP016,PRD09,2,2,Qualified,155.67,OK,20260323,
OPP04974,REP022,PRD07,5,1,Lead,92.37,OK,20250806,
OPP04975,REP017,PRD11,4,2,Lead,505.13,OK,20260514,
OPP04976,REP037,PRD08,3,1,Lead,510.92,OK,20251003,
OPP04977,REP036,PRD12,5,5,Closed Lost,32.52,OK,20251215,20260825
OPP04978,REP015,PRD01,4,3,Lead,43.2,OK,20260814,
OPP04979,REP028,PRD02,2,4,Lead,158.75,OK,20260625,
OPP04980,REP039,PRD03,1,5,Proposal,551.45,OK,20260824,
OPP04981,REP037,PRD12,3,2,Qualified,212.09,OK,20251027,
OPP04982,REP010,PRD12,5,2,Qualified,352.87,OK,20251231,
OPP04983,REP033,PRD09,4,3,Closed Lost,924.7,OK,20250828,20250911
OPP04984,REP008,PRD08,3,3,Lead,3294.92,OK,20251021,
OPP04985,REP021,PRD15,2,2,Closed Won,3570.88,REVIEW,20260718,20260818
OPP04986,REP005,PRD14,5,4,Qualified,51.63,OK,20250718,
OPP04987,REP020,PRD09,4,2,Lead,246.9,OK,20260705,
OPP04988,REP002,PRD02,5,1,Qualified,53.13,OK,20250808,
OPP04989,REP002,PRD02,5,4,Closed Won,142.02,OK,20260108,20260227
OPP04990,REP026,PRD12,3,3,Proposal,190.35,OK,20250715,
OPP04991,REP040,PRD13,2,4,Qualified,237.77,OK,20251114,
OPP04992,REP029,PRD01,4,1,Closed Lost,23.45,OK,20250811,20260728
OPP04993,REP006,PRD15,2,1,Proposal,1305.47,OK,20260227,
OPP04994,REP018,PRD01,5,4,Proposal,46.61,OK,20250917,
OPP04995,REP031,PRD13,3,2,Lead,48.43,OK,20260623,
OPP04996,REP031,PRD13,3,3,Closed Won,165.66,OK,20251113,20260630
OPP04997,REP001,PRD10,4,3,Lead,41.92,OK,20250822,
OPP04998,REP035,PRD05,3,4,Qualified,851.79,OK,20250924,
OPP04999,REP010,PRD06,5,1,Proposal,318.86,OK,20250930,
OPP05000,REP037,PRD08,3,3,Qualified,670.01,OK,20260725,
OPP05001,REP034,PRD09,1,1,Closed Won,755.59,OK,20251222,20260115
OPP05002,REP014,PRD15,2,3,Proposal,1037.5,OK,20251208,
OPP05003,REP032,PRD01,4,1,Closed Won,170.89,OK,20260531,20260702
OPP05004,REP003,PRD14,3,2,Lead,34.05,OK,20260512,
OPP05005,REP014,PRD13,2,5,Lead,171.09,OK,20260312,
OPP05006,REP002,PRD05,5,1,Qualified,1100.27,OK,20251005,
OPP05007,REP032,PRD05,4,2,Closed Won,353.36,OK,20260901,20260901
OPP05008,REP007,PRD09,3,2,Proposal,261.63,OK,20260310,
OPP05009,REP011,PRD11,4,2,Proposal,2519.5,OK,20251216,
OPP05010,REP005,PRD10,5,1,Lead,37.07,OK,20250808,
OPP05011,REP031,PRD13,3,1,Qualified,331.17,OK,20251115,
OPP05012,REP033,PRD14,4,1,Lead,143.81,OK,20260321,
OPP05013,REP034,PRD13,1,1,Lead,95.31,OK,20250822,
OPP05014,REP006,PRD03,2,4,Lead,192.28,OK,20251005,
OPP05015,REP031,PRD04,3,3,Lead,32.84,OK,20260201,
OPP05016,REP003,PRD10,3,3,Proposal,41.81,OK,20251021,
OPP05017,REP040,PRD08,2,1,Lead,6568.48,OK,20260522,
OPP05018,REP007,PRD05,3,2,Lead,397.58,OK,20251111,
OPP05019,REP006,PRD09,2,5,Proposal,21.79,OK,20260417,
OPP05020,REP040,PRD15,2,1,Proposal,2318.67,OK,20251109,
OPP05021,REP021,PRD09,2,5,Lead,558.76,OK,20260609,
OPP05022,REP030,PRD06,4,2,Closed Lost,643.51,OK,20260109,20260823
OPP05023,REP022,PRD15,5,2,Lead,2073.23,OK,20250804,
OPP05024,REP009,PRD11,3,4,Qualified,587.62,OK,20251015,
OPP05025,REP033,PRD11,4,2,Qualified,2320.5,OK,20250919,
OPP05026,REP010,PRD05,5,5,Closed Lost,1530.21,OK,20260422,20260522
OPP05027,REP020,PRD13,4,2,Closed Won,65.84,OK,20250716,20260729
OPP05028,REP030,PRD09,4,2,Lead,236.68,OK,20250904,
OPP05029,REP039,PRD14,1,1,Closed Won,224.9,OK,20250708,20250713
OPP05030,REP023,PRD09,4,3,Lead,823.33,OK,20251120,
OPP05031,REP035,PRD12,3,4,Qualified,87.22,OK,20250911,
OPP05032,REP016,PRD02,2,3,Lead,163.09,OK,20260209,
OPP05033,REP002,PRD14,5,2,Closed Lost,99.39,OK,20260523,20260823
OPP05034,REP033,PRD12,4,4,Lead,233.07,OK,20251010,
OPP05035,REP017,PRD08,4,1,Lead,1071.0,OK,20251211,
OPP05036,REP033,PRD11,4,2,Proposal,1584.72,OK,20251023,
OPP05037,REP027,PRD11,3,1,Closed Won,2711.14,OK,20260130,20260821
OPP05038,REP019,PRD05,1,2,Lead,556.24,OK,20260618,
OPP05039,REP032,PRD03,4,3,Lead,289.03,OK,20260520,
OPP05040,REP028,PRD08,2,1,Lead,1690.44,OK,20260105,
OPP05041,REP002,PRD12,5,2,Lead,38.98,OK,20251116,
OPP05042,REP018,PRD09,5,2,Closed Lost,451.88,OK,20250802,20251219
OPP05043,REP029,PRD15,4,5,Proposal,1797.84,OK,20260727,
OPP05044,REP015,PRD05,4,3,Qualified,649.58,OK,20250910,
OPP05045,REP037,PRD01,3,2,Closed Won,29.07,OK,20260222,20260430
OPP05046,REP010,PRD11,5,3,Closed Won,699.41,OK,20260525,20260525
OPP05047,REP039,PRD03,1,5,Proposal,343.4,OK,20260103,
OPP05048,REP025,PRD09,1,2,Qualified,108.21,OK,20251130,
OPP05049,REP013,PRD14,5,1,Proposal,102.68,OK,20251003,
OPP05050,REP016,PRD06,2,1,Closed Won,287.81,OK,20260819,20260821
OPP05051,REP037,PRD14,3,1,Lead,123.85,OK,20260411,
OPP05052,REP026,PRD09,3,1,Lead,375.01,OK,20260827,
OPP05053,REP019,PRD04,1,1,Proposal,13.27,OK,20260802,
OPP05054,REP016,PRD14,2,2,Proposal,69.67,OK,20251221,
OPP05055,REP005,PRD15,5,4,Proposal,802.56,OK,20260629,
OPP05056,REP032,PRD09,4,1,Qualified,114.34,OK,20251212,
OPP05057,REP037,PRD13,3,5,Lead,118.93,OK,20260203,
OPP05058,REP001,PRD05,4,4,Qualified,225.15,OK,20250814,
OPP05059,REP038,PRD13,5,4,Lead,205.57,OK,20251201,
OPP05060,REP014,PRD11,2,4,Qualified,1836.97,OK,20250929,
OPP05061,REP038,PRD05,5,5,Qualified,873.88,OK,20251027,
OPP05062,REP012,PRD15,3,4,Lead,337.56,OK,20260707,
OPP05063,REP022,PRD07,5,1,Qualified,156.6,OK,20260725,
OPP05064,REP001,PRD05,4,2,Lead,636.61,OK,20251117,
OPP05065,REP025,PRD14,1,2,Qualified,37.75,OK,20251105,
OPP05066,REP008,PRD14,3,4,Lead,145.87,OK,20250806,
OPP05067,REP034,PRD06,1,3,Lead,121.29,OK,20250814,
OPP05068,REP027,PRD12,3,4,Lead,413.72,OK,20260412,
OPP05069,REP029,PRD04,4,4,Closed Won,271.88,OK,20260210,20260502
OPP05070,REP019,PRD10,1,5,Closed Lost,12.92,OK,20260606,20260630
OPP05071,REP028,PRD06,2,2,Closed Lost,201.16,OK,20260320,20260717
OPP05072,REP020,PRD14,4,1,Lead,66.44,OK,20260620,
OPP05073,REP001,PRD01,4,3,Proposal,55.01,OK,20250806,
OPP05074,REP010,PRD10,5,1,Proposal,10.76,OK,20250923,
OPP05075,REP011,PRD06,4,2,Qualified,243.84,OK,20250813,
OPP05076,REP019,PRD11,1,1,Qualified,2322.09,OK,20260825,
OPP05077,REP036,PRD11,5,5,Proposal,1772.06,OK,20251117,
OPP05078,REP018,PRD11,5,3,Closed Won,1112.1,OK,20251103,20251114
OPP05079,REP037,PRD02,3,2,Lead,537.43,OK,20260715,
OPP05080,REP006,PRD11,2,4,Closed Lost,864.09,OK,20260807,20260812
OPP05081,REP010,PRD08,5,4,Lead,2197.16,OK,20250828,
OPP05082,REP034,PRD13,1,2,Qualified,88.84,OK,20260102,
OPP05083,REP019,PRD12,1,2,Lead,458.87,OK,20260614,
OPP05084,REP005,PRD15,5,1,Closed Lost,1050.62,OK,20260314,20260603
OPP05085,REP037,PRD12,3,3,Lead,39.98,OK,20251205,
OPP05086,REP001,PRD15,4,2,Proposal,1571.28,OK,20260313,
OPP05087,REP014,PRD05,2,5,Lead,610.54,OK,20251229,
OPP05088,REP017,PRD04,4,4,Lead,26.32,OK,20250927,
OPP05089,REP020,PRD12,4,5,Closed Won,172.75,OK,20260314,20260427
OPP05090,REP024,PRD07,1,5,Closed Won,231.99,OK,20250918,20251219
OPP05091,REP010,PRD06,5,2,Lead,149.17,OK,20260520,
OPP05092,REP032,PRD02,4,2,Qualified,48.12,OK,20251206,
OPP05093,REP030,PRD13,4,1,Proposal,160.11,OK,20260421,
OPP05094,REP039,PRD12,1,4,Lead,413.76,OK,20251222,
OPP05095,REP006,PRD11,2,1,Lead,2070.34,OK,20250830,
OPP05096,REP013,PRD03,5,5,Closed Won,548.48,OK,20260704,20260829
OPP05097,REP030,PRD08,4,2,Lead,2195.88,OK,20260715,
OPP05098,REP031,PRD05,3,1,Qualified,1992.84,OK,20250815,
OPP05099,REP028,PRD14,2,3,Lead,83.62,OK,20260607,
OPP05100,REP029,PRD13,4,1,Lead,309.19,OK,20251024,
OPP05101,REP010,PRD06,5,3,Proposal,165.35,OK,20251218,
OPP05102,REP015,PRD13,4,1,Qualified,165.86,OK,20260622,
OPP05103,REP011,PRD04,4,4,Lead,80.17,OK,20251119,
OPP05104,REP010,PRD13,5,5,Qualified,143.25,OK,20260430,
OPP05105,REP033,PRD02,4,2,Closed Won,194.37,OK,20260420,20260516
OPP05106,REP030,PRD02,4,2,Qualified,352.87,OK,20260624,
OPP05107,REP022,PRD08,5,1,Qualified,2589.72,OK,20251201,
OPP05108,REP022,PRD10,5,1,Qualified,69.56,OK,20260408,
OPP05109,REP006,PRD04,2,4,Lead,38.62,OK,20260129,
OPP05110,REP008,PRD03,3,2,Lead,212.96,OK,20251208,
OPP05111,REP011,PRD13,4,2,Closed Lost,372.9,OK,20260321,20260414
OPP05112,REP025,PRD01,1,5,Closed Won,53.84,OK,20250728,20250912
OPP05113,REP031,PRD12,3,1,Lead,92.82,OK,20260206,
OPP05114,REP015,PRD05,4,1,Qualified,1196.5,OK,20251018,
OPP05115,REP007,PRD05,3,1,Qualified,792.99,OK,20250928,
OPP05116,REP035,PRD13,3,3,Lead,276.98,OK,20260630,
OPP05117,REP004,PRD09,5,1,Qualified,622.66,OK,20260625,
OPP05118,REP016,PRD07,2,1,Qualified,66.87,OK,20260524,
OPP05119,REP040,PRD06,2,2,Lead,546.38,OK,20251113,
OPP05120,REP019,PRD01,1,3,Qualified,13.01,OK,20260327,
OPP05121,REP028,PRD15,2,3,Qualified,1686.41,OK,20251221,
OPP05122,REP004,PRD06,5,2,Qualified,617.32,OK,20260218,
OPP05123,REP010,PRD08,5,4,Closed Lost,1686.42,OK,20251102,20260707
OPP05124,REP020,PRD08,4,1,Qualified,4559.51,OK,20251112,
OPP05125,REP025,PRD03,1,1,Lead,527.68,OK,20251229,
OPP05126,REP040,PRD10,2,4,Closed Lost,31.04,OK,20250909,20260215
OPP05127,REP034,PRD11,1,2,Qualified,2505.21,OK,20260813,
OPP05128,REP024,PRD15,1,2,Lead,690.82,OK,20260718,
OPP05129,REP015,PRD15,4,3,Qualified,1761.4,OK,20251219,
OPP05130,REP005,PRD08,5,2,Lead,3074.57,OK,20260706,
OPP05131,REP004,PRD08,5,3,Lead,2784.77,OK,20260628,
OPP05132,REP004,PRD11,5,1,Qualified,882.8,OK,20260205,
OPP05133,REP007,PRD13,3,5,Qualified,286.18,OK,20250715,
OPP05134,REP021,PRD15,2,2,Qualified,2520.67,OK,20260601,
OPP05135,REP040,PRD14,2,5,Closed Lost,102.33,OK,20260111,20260417
OPP05136,REP032,PRD14,4,2,Lead,93.48,OK,20260315,
OPP05137,REP021,PRD07,2,1,Closed Lost,110.83,OK,20260606,20260801
OPP05138,REP034,PRD05,1,2,Qualified,1974.29,OK,20251223,
OPP05139,REP010,PRD11,5,1,Proposal,903.11,OK,20251027,
OPP05140,REP007,PRD15,3,2,Qualified,1697.57,OK,20250707,
OPP05141,REP019,PRD12,1,3,Closed Lost,110.91,OK,20260524,20260601
OPP05142,REP009,PRD14,3,2,Closed Lost,51.55,OK,20250804,20260804
OPP05143,REP025,PRD11,1,4,Closed Lost,1831.39,OK,20260730,20260731
OPP05144,REP027,PRD08,3,2,Proposal,4236.73,OK,20260530,
OPP05145,REP001,PRD11,4,2,Lead,1752.22,OK,20260820,
OPP05146,REP029,PRD08,4,1,Lead,8692.03,OK,20260506,
OPP05147,REP008,PRD07,3,1,Lead,60.23,OK,20260711,
OPP05148,REP006,PRD08,2,2,Lead,1062.86,OK,20250918,
OPP05149,REP014,PRD08,2,2,Qualified,3318.92,OK,20260620,
OPP05150,REP031,PRD01,3,4,Lead,56.42,OK,20260723,
OPP05151,REP033,PRD06,4,2,Closed Won,470.18,REVIEW,20260106,20260207
OPP05152,REP039,PRD02,1,2,Qualified,65.31,OK,20250713,
OPP05153,REP001,PRD14,4,1,Lead,15.16,OK,20260515,
OPP05154,REP033,PRD09,4,2,Proposal,824.64,OK,20251220,
OPP05155,REP027,PRD02,3,4,Proposal,142.13,OK,20251015,
OPP05156,REP012,PRD06,3,3,Lead,277.81,OK,20260408,
OPP05157,REP004,PRD10,5,2,Closed Lost,43.95,OK,20260218,20260521
OPP05158,REP039,PRD05,1,2,Proposal,1222.53,OK,20250912,
OPP05159,REP030,PRD03,4,1,Qualified,214.13,OK,20250716,
OPP05160,REP040,PRD08,2,5,Qualified,4568.48,OK,20260711,
OPP05161,REP036,PRD10,5,1,Qualified,24.54,OK,20260225,
OPP05162,REP030,PRD09,4,1,Lead,45.86,OK,20251106,
OPP05163,REP031,PRD09,3,1,Closed Won,126.09,OK,20260625,20260819
OPP05164,REP030,PRD09,4,2,Closed Won,957.62,OK,20250722,20260710
OPP05165,REP035,PRD06,3,5,Qualified,391.92,OK,20260629,
OPP05166,REP001,PRD07,4,2,Lead,100.59,OK,20251019,
OPP05167,REP025,PRD06,1,2,Lead,55.94,OK,20260514,
OPP05168,REP005,PRD04,5,2,Lead,0.0,REVIEW,20251124,
OPP05169,REP039,PRD15,1,4,Closed Lost,858.06,OK,20260417,20260816
OPP05170,REP003,PRD14,3,4,Closed Won,19.28,OK,20260629,20260829
OPP05171,REP039,PRD14,1,1,Proposal,254.38,OK,20250705,
OPP05172,REP007,PRD12,3,3,Qualified,91.83,OK,20250827,
OPP05173,REP028,PRD01,2,4,Closed Won,90.59,OK,20260428,20260701
OPP05174,REP013,PRD02,5,2,Closed Lost,126.8,OK,20260820,20260820
OPP05175,REP023,PRD02,4,4,Lead,155.44,OK,20260219,
OPP05176,REP021,PRD07,2,3,Qualified,30.68,OK,20260530,
OPP05177,REP034,PRD14,1,1,Proposal,211.58,OK,20260129,
OPP05178,REP008,PRD04,3,1,Lead,24.88,OK,20260829,
OPP05179,REP032,PRD06,4,1,Closed Won,190.2,OK,20251211,20260902
OPP05180,REP021,PRD14,2,1,Qualified,35.4,OK,20250904,
OPP05181,REP012,PRD15,3,5,Qualified,1222.29,OK,20260321,
OPP05182,REP023,PRD14,4,2,Proposal,15.49,OK,20250815,
OPP05183,REP011,PRD13,4,3,Closed Lost,133.08,OK,20260807,20260824
OPP05184,REP001,PRD03,4,1,Qualified,499.44,OK,20250813,
OPP05185,REP035,PRD13,3,1,Lead,323.84,OK,20250928,
OPP05186,REP030,PRD11,4,3,Proposal,624.59,OK,20260427,
OPP05187,REP005,PRD10,5,1,Closed Lost,52.45,OK,20260413,20260712
OPP05188,REP029,PRD12,4,5,Proposal,544.42,OK,20250804,
OPP05189,REP011,PRD06,4,2,Lead,167.23,OK,20260413,
OPP05190,REP019,PRD01,1,5,Closed Lost,148.87,OK,20260414,20260518
OPP05191,REP030,PRD06,4,2,Lead,822.82,OK,20250825,
OPP05192,REP027,PRD07,3,5,Closed Lost,214.97,OK,20251210,20260201
OPP05193,REP039,PRD03,1,1,Qualified,405.23,OK,20260321,
OPP05194,REP032,PRD05,4,4,Qualified,2574.97,OK,20260105,
OPP05195,REP018,PRD06,5,1,Closed Won,200.46,OK,20260827,20260828
OPP05196,REP037,PRD02,3,1,Proposal,109.93,OK,20260710,
OPP05197,REP007,PRD04,3,2,Qualified,15.78,OK,20251213,
OPP05198,REP023,PRD08,4,2,Closed Won,170.09,OK,20251226,20260429
OPP05199,REP008,PRD06,3,1,Lead,482.17,OK,20260403,
OPP05200,REP013,PRD15,5,3,Proposal,437.11,OK,20260127,
OPP05201,REP018,PRD11,5,3,Qualified,4516.95,OK,20260730,
OPP05202,REP017,PRD08,4,1,Qualified,2248.97,OK,20260528,
OPP05203,REP034,PRD02,1,3,Closed Won,110.47,OK,20260204,20260225
OPP05204,REP011,PRD02,4,2,Proposal,132.91,OK,20250822,
OPP05205,REP005,PRD14,5,1,Closed Lost,75.87,OK,20260419,20260625
OPP05206,REP034,PRD10,1,3,Lead,70.48,OK,20260620,
OPP05207,REP016,PRD05,2,1,Lead,1033.35,OK,20260716,
OPP05208,REP003,PRD07,3,4,Lead,144.25,OK,20260728,
OPP05209,REP027,PRD06,3,2,Proposal,188.44,OK,20260817,
OPP05210,REP018,PRD07,5,2,Closed Won,95.09,OK,20251007,20260407
OPP05211,REP027,PRD06,3,4,Qualified,710.7,OK,20260821,
OPP05212,REP025,PRD07,1,3,Closed Lost,68.14,OK,20260821,20260828
OPP05213,REP002,PRD12,5,2,Closed Lost,530.81,OK,20260620,20260819
OPP05214,REP039,PRD05,1,4,Closed Won,2311.13,OK,20260415,20260823
OPP05215,REP032,PRD15,4,4,Proposal,841.84,OK,20250823,
OPP05216,REP022,PRD05,5,2,Proposal,1389.5,OK,20251127,
OPP05217,REP019,PRD01,1,1,Proposal,148.63,OK,20260624,
OPP05218,REP010,PRD15,5,4,Qualified,242.69,OK,20250909,
OPP05219,REP039,PRD09,1,3,Lead,321.96,OK,20250904,
OPP05220,REP001,PRD15,4,2,Qualified,751.92,OK,20260503,
OPP05221,REP009,PRD09,3,4,Proposal,933.11,OK,20251119,
OPP05222,REP035,PRD04,3,2,Lead,87.26,OK,20260212,
OPP05223,REP013,PRD14,5,1,Proposal,144.64,OK,20250901,
OPP05224,REP024,PRD13,1,3,Lead,92.24,OK,20250926,
OPP05225,REP003,PRD11,3,2,Qualified,3409.43,OK,20251108,
OPP05226,REP007,PRD06,3,4,Closed Won,158.74,OK,20260203,20260318
OPP05227,REP017,PRD09,4,3,Lead,438.11,OK,20251026,
OPP05228,REP016,PRD10,2,4,Qualified,34.21,OK,20260724,
OPP05229,REP029,PRD02,4,1,Lead,235.3,OK,20251028,
OPP05230,REP021,PRD04,2,1,Qualified,40.86,OK,20251209,
OPP05231,REP030,PRD06,4,1,Qualified,214.35,OK,20260812,
OPP05232,REP011,PRD10,4,4,Closed Won,56.58,OK,20250721,20260305
OPP05233,REP035,PRD03,3,4,Qualified,470.5,OK,20260523,
OPP05234,REP006,PRD02,2,2,Proposal,288.94,OK,20260828,
OPP05235,REP013,PRD05,5,1,Lead,441.55,OK,20251014,
OPP05236,REP016,PRD11,2,1,Proposal,1066.75,OK,20260707,
OPP05237,REP037,PRD12,3,2,Proposal,162.42,OK,20260330,
OPP05238,REP039,PRD14,1,2,Closed Won,140.82,OK,20260526,20260820
OPP05239,REP029,PRD06,4,5,Qualified,138.68,OK,20250720,
OPP05240,REP031,PRD01,3,5,Qualified,13.3,OK,20260215,
OPP05241,REP038,PRD02,5,2,Closed Won,50.69,OK,20251127,20251221
OPP05242,REP005,PRD12,5,3,Closed Won,90.83,OK,20250721,20260117
OPP05243,REP021,PRD08,2,2,Lead,1092.92,OK,20260811,
OPP05244,REP021,PRD04,2,2,Lead,53.68,OK,20260321,
OPP05245,REP008,PRD09,3,1,Closed Lost,632.38,OK,20260519,20260724
OPP05246,REP011,PRD14,4,2,Lead,186.94,OK,20260314,
OPP05247,REP014,PRD09,2,4,Closed Lost,598.93,OK,20260716,20260828
OPP05248,REP026,PRD10,3,2,Qualified,18.61,OK,20260624,
OPP05249,REP012,PRD03,3,2,Closed Won,191.5,OK,20260225,20260615
OPP05250,REP009,PRD06,3,4,Qualified,167.37,OK,20251014,
OPP05251,REP018,PRD06,5,2,Lead,274.46,OK,20260227,
OPP05252,REP007,PRD11,3,2,Closed Lost,989.57,OK,20251114,20260222
OPP05253,REP018,PRD04,5,1,Qualified,49.56,OK,20251227,
OPP05254,REP021,PRD08,2,2,Closed Won,3865.88,OK,20260715,20260820
OPP05255,REP009,PRD15,3,1,Lead,2636.81,OK,20260212,
OPP05256,REP039,PRD14,1,4,Proposal,177.39,OK,20250809,
OPP05257,REP004,PRD05,5,2,Proposal,591.5,OK,20251027,
OPP05258,REP017,PRD07,4,4,Qualified,70.08,OK,20260404,
OPP05259,REP006,PRD11,2,2,Closed Lost,1984.24,OK,20260209,20260805
OPP05260,REP008,PRD14,3,1,Qualified,59.59,OK,20251110,
OPP05261,REP006,PRD12,2,3,Closed Lost,253.16,OK,20251105,20260808
OPP05262,REP029,PRD15,4,4,Lead,861.73,OK,20260823,
OPP05263,REP025,PRD04,1,2,Qualified,26.87,OK,20260210,
OPP05264,REP040,PRD11,2,5,Proposal,793.4,OK,20251122,
OPP05265,REP032,PRD13,4,5,Closed Won,79.63,OK,20251117,20260819
OPP05266,REP017,PRD12,4,2,Qualified,241.49,OK,20251031,
OPP05267,REP012,PRD11,3,1,Qualified,4057.89,OK,20251106,
OPP05268,REP012,PRD12,3,1,Closed Won,362.41,OK,20260104,20260218
OPP05269,REP037,PRD13,3,1,Lead,218.34,OK,20250804,
OPP05270,REP040,PRD08,2,4,Qualified,2915.82,OK,20260306,
OPP05271,REP016,PRD07,2,4,Lead,48.92,OK,20251010,
OPP05272,REP037,PRD01,3,2,Lead,63.08,OK,20260611,
OPP05273,REP021,PRD11,2,3,Proposal,2097.83,OK,20260122,
OPP05274,REP008,PRD05,3,1,Proposal,1371.56,OK,20260417,
OPP05275,REP013,PRD02,5,3,Closed Lost,14.46,OK,20251124,20260211
OPP05276,REP006,PRD04,2,2,Qualified,53.93,OK,20250730,
OPP05277,REP013,PRD09,5,1,Qualified,184.06,OK,20260307,
OPP05278,REP024,PRD08,1,3,Qualified,1462.24,OK,20260328,
OPP05279,REP035,PRD14,3,5,Qualified,101.7,OK,20251026,
OPP05280,REP023,PRD11,4,2,Closed Lost,8281.12,OK,20260419,20260715
OPP05281,REP019,PRD14,1,4,Closed Won,52.8,OK,20260827,20260828
OPP05282,REP017,PRD14,4,1,Lead,84.16,OK,20260822,
OPP05283,REP005,PRD09,5,1,Proposal,453.52,OK,20260223,
OPP05284,REP031,PRD09,3,4,Qualified,592.27,OK,20251006,
OPP05285,REP029,PRD04,4,2,Qualified,14.53,OK,20250723,
OPP05286,REP017,PRD05,4,5,Qualified,1140.7,OK,20260514,
OPP05287,REP036,PRD01,5,3,Proposal,117.67,OK,20260726,
OPP05288,REP022,PRD14,5,4,Closed Lost,86.51,OK,20251024,20260419
OPP05289,REP031,PRD04,3,1,Qualified,111.24,OK,20260309,
OPP05290,REP005,PRD14,5,2,Proposal,28.53,OK,20251102,
OPP05291,REP019,PRD08,1,2,Qualified,2301.84,OK,20250707,
OPP05292,REP014,PRD13,2,1,Proposal,447.11,OK,20260901,
OPP05293,REP033,PRD01,4,2,Lead,126.9,OK,20260802,
OPP05294,REP013,PRD02,5,1,Proposal,45.17,OK,20260318,
OPP05295,REP001,PRD06,4,1,Qualified,144.25,OK,20260218,
OPP05296,REP006,PRD07,2,1,Closed Lost,41.05,OK,20260707,20260804
OPP05297,REP019,PRD09,1,3,Closed Won,752.31,OK,20251026,20260901
OPP05298,REP014,PRD02,2,1,Qualified,233.15,OK,20260612,
OPP05299,REP022,PRD07,5,5,Lead,65.91,OK,20260324,
OPP05300,REP034,PRD08,1,2,Closed Won,4388.15,OK,20250929,20260710
OPP05301,REP026,PRD14,3,1,Lead,29.03,OK,20260711,
OPP05302,REP004,PRD10,5,5,Qualified,20.47,OK,20250804,
OPP05303,REP011,PRD05,4,4,Closed Lost,1044.91,OK,20251020,20260710
OPP05304,REP025,PRD13,1,2,Qualified,48.08,OK,20251002,
OPP05305,REP039,PRD10,1,1,Qualified,41.82,OK,20260228,
OPP05306,REP039,PRD12,1,2,Closed Lost,187.34,OK,20250723,20260530
OPP05307,REP036,PRD13,5,1,Closed Lost,150.74,OK,20251222,20260613
OPP05308,REP032,PRD02,4,4,Qualified,27.99,OK,20260407,
OPP05309,REP004,PRD12,5,1,Lead,535.53,OK,20250913,
OPP05310,REP038,PRD13,5,1,Proposal,33.77,OK,20260314,
OPP05311,REP009,PRD15,3,5,Qualified,1960.54,OK,20250815,
OPP05312,REP033,PRD08,4,3,Lead,2501.17,OK,20251202,
OPP05313,REP004,PRD04,5,2,Proposal,29.92,OK,20260816,
OPP05314,REP014,PRD08,2,4,Closed Lost,986.85,OK,20251223,20260409
OPP05315,REP012,PRD01,3,2,Lead,48.37,OK,20251203,
OPP05316,REP006,PRD02,2,1,Lead,220.47,OK,20250721,
OPP05317,REP034,PRD14,1,2,Qualified,99.4,OK,20250906,
OPP05318,REP001,PRD13,4,1,Qualified,30.83,OK,20260826,
OPP05319,REP037,PRD15,3,2,Proposal,1992.62,OK,20260614,
OPP05320,REP033,PRD02,4,3,Lead,478.89,REVIEW,20250909,
OPP05321,REP030,PRD14,4,4,Qualified,348.08,OK,20260805,
OPP05322,REP021,PRD11,2,4,Closed Won,2399.84,OK,20260506,20260612
OPP05323,REP002,PRD13,5,4,Qualified,70.19,OK,20260719,
OPP05324,REP032,PRD12,4,1,Qualified,313.66,OK,20260307,
OPP05325,REP036,PRD14,5,1,Closed Lost,81.81,OK,20260805,20260807
OPP05326,REP029,PRD14,4,3,Qualified,15.11,OK,20260410,
OPP05327,REP021,PRD13,2,1,Qualified,90.31,OK,20260508,
OPP05328,REP040,PRD05,2,2,Lead,1280.39,OK,20251026,
OPP05329,REP039,PRD12,1,3,Proposal,22.38,OK,20260601,
OPP05330,REP011,PRD03,4,2,Lead,296.27,OK,20260417,
OPP05331,REP037,PRD01,3,1,Qualified,18.57,OK,20260429,
OPP05332,REP003,PRD01,3,2,Lead,29.17,OK,20260419,
OPP05333,REP013,PRD15,5,3,Qualified,1265.26,OK,20250713,
OPP05334,REP014,PRD11,2,1,Qualified,2069.57,OK,20260210,
OPP05335,REP027,PRD02,3,2,Closed Lost,464.57,OK,20260328,20260604
OPP05336,REP022,PRD08,5,2,Qualified,4392.46,OK,20260228,
OPP05337,REP007,PRD09,3,5,Closed Won,111.54,OK,20260615,20260808
OPP05338,REP004,PRD02,5,2,Lead,22.85,OK,20250910,
OPP05339,REP032,PRD13,4,1,Lead,190.96,OK,20251218,
OPP05340,REP011,PRD07,4,1,Qualified,84.99,OK,20260614,
OPP05341,REP004,PRD14,5,1,Qualified,26.52,OK,20260522,
OPP05342,REP019,PRD05,1,1,Lead,257.83,OK,20260612,
OPP05343,REP008,PRD05,3,1,Qualified,629.01,OK,20260213,
OPP05344,REP014,PRD03,2,2,Qualified,513.95,OK,20251108,
OPP05345,REP031,PRD06,3,2,Qualified,629.18,OK,20260529,
OPP05346,REP025,PRD07,1,1,Closed Lost,155.62,OK,20260521,20260617
OPP05347,REP021,PRD12,2,1,Proposal,227.79,OK,20250908,
OPP05348,REP018,PRD03,5,2,Closed Lost,1063.02,OK,20251023,20260111
OPP05349,REP027,PRD03,3,1,Lead,877.06,OK,20260224,
OPP05350,REP026,PRD03,3,2,Proposal,421.6,OK,20260707,
OPP05351,REP029,PRD15,4,1,Lead,1338.44,OK,20260816,
OPP05352,REP003,PRD06,3,3,Lead,147.98,OK,20260321,
OPP05353,REP020,PRD03,4,4,Lead,338.95,OK,20250824,
OPP05354,REP032,PRD14,4,3,Closed Won,198.74,OK,20260421,20260508
OPP05355,REP016,PRD09,2,1,Lead,299.98,OK,20250709,
OPP05356,REP022,PRD04,5,3,Closed Won,28.35,OK,20260518,20260710
OPP05357,REP026,PRD05,3,5,Proposal,2571.69,OK,20260521,
OPP05358,REP004,PRD14,5,1,Closed Lost,110.56,OK,20251116,20260619
OPP05359,REP017,PRD01,4,4,Closed Won,26.44,OK,20260627,20260821
OPP05360,REP006,PRD04,2,1,Lead,107.83,OK,20251018,
OPP05361,REP011,PRD05,4,1,Lead,1545.08,OK,20251205,
OPP05362,REP040,PRD05,2,3,Lead,984.38,OK,20251125,
OPP05363,REP005,PRD12,5,3,Qualified,57.71,OK,20260426,
OPP05364,REP004,PRD04,5,1,Proposal,45.71,OK,20260213,
OPP05365,REP029,PRD09,4,1,Proposal,534.84,OK,20260720,
OPP05366,REP005,PRD06,5,2,Lead,266.8,OK,20250805,
OPP05367,REP030,PRD13,4,3,Lead,286.63,OK,20260223,
OPP05368,REP032,PRD12,4,2,Qualified,500.18,OK,20260225,
OPP05369,REP036,PRD01,5,1,Proposal,23.17,OK,20260722,
OPP05370,REP015,PRD08,4,1,Closed Lost,1767.16,OK,20260628,20260719
OPP05371,REP022,PRD08,5,4,Closed Lost,699.9,OK,20250724,20250725
OPP05372,REP026,PRD07,3,1,Lead,226.25,OK,20251031,
OPP05373,REP027,PRD13,3,1,Lead,244.92,OK,20260124,
OPP05374,REP024,PRD05,1,3,Lead,2090.22,OK,20260222,
OPP05375,REP035,PRD13,3,3,Qualified,144.12,OK,20260706,
OPP05376,REP008,PRD02,3,4,Closed Lost,334.41,OK,20251008,20260618
OPP05377,REP024,PRD09,1,3,Qualified,920.21,OK,20260212,
OPP05378,REP025,PRD01,1,4,Closed Won,96.53,OK,20260524,20260627
OPP05379,REP030,PRD13,4,1,Lead,41.03,OK,20260721,
OPP05380,REP027,PRD01,3,3,Proposal,16.22,OK,20260110,
OPP05381,REP011,PRD05,4,2,Lead,910.99,OK,20250726,
OPP05382,REP006,PRD12,2,1,Lead,13.77,OK,20251004,
OPP05383,REP031,PRD11,3,2,Lead,5561.74,OK,20260204,
OPP05384,REP007,PRD09,3,2,Qualified,340.13,OK,20260721,
OPP05385,REP009,PRD14,3,2,Qualified,182.59,OK,20250824,
OPP05386,REP025,PRD05,1,1,Lead,1029.57,OK,20260410,
OPP05387,REP033,PRD01,4,5,Proposal,46.93,OK,20260712,
OPP05388,REP038,PRD06,5,2,Lead,157.79,OK,20260607,
OPP05389,REP003,PRD01,3,2,Closed Lost,92.04,OK,20260120,20260723
OPP05390,REP034,PRD04,1,2,Closed Lost,48.2,OK,20251004,20260225
OPP05391,REP004,PRD13,5,2,Proposal,367.4,OK,20260806,
OPP05392,REP017,PRD05,4,2,Lead,1768.68,OK,20250717,
OPP05393,REP026,PRD15,3,1,Proposal,1817.34,OK,20260121,
OPP05394,REP003,PRD06,3,3,Closed Lost,435.37,OK,20251107,20260620
OPP05395,REP018,PRD12,5,2,Proposal,217.18,OK,20250818,
OPP05396,REP018,PRD11,5,1,Qualified,556.41,OK,20251025,
OPP05397,REP003,PRD05,3,3,Qualified,2022.5,OK,20260309,
OPP05398,REP021,PRD01,2,1,Lead,44.91,OK,20260627,
OPP05399,REP007,PRD01,3,1,Proposal,86.02,OK,20251017,
OPP05400,REP025,PRD07,1,4,Lead,87.24,OK,20260407,
OPP05401,REP021,PRD14,2,2,Closed Won,86.25,OK,20251107,20251127
OPP05402,REP025,PRD07,1,1,Lead,131.13,OK,20260131,
OPP05403,REP033,PRD07,4,2,Closed Lost,197.91,OK,20260410,20260630
OPP05404,REP032,PRD06,4,5,Proposal,170.16,OK,20260406,
OPP05405,REP038,PRD02,5,5,Lead,572.52,OK,20250810,
OPP05406,REP004,PRD09,5,2,Qualified,22.89,OK,20260214,
OPP05407,REP016,PRD01,2,1,Qualified,24.33,OK,20260215,
OPP05408,REP040,PRD04,2,1,Qualified,84.97,OK,20260819,
OPP05409,REP016,PRD15,2,1,Closed Lost,337.25,OK,20250901,20260319
OPP05410,REP034,PRD07,1,1,Closed Lost,24.28,OK,20251201,20260801
OPP05411,REP025,PRD01,1,2,Qualified,18.41,OK,20251123,
OPP05412,REP033,PRD12,4,4,Lead,18.55,OK,20250915,
OPP05413,REP020,PRD12,4,5,Qualified,469.52,OK,20251110,
OPP05414,REP011,PRD05,4,4,Closed Lost,1143.32,OK,20260830,20260831
OPP05415,REP003,PRD09,3,3,Closed Lost,221.05,OK,20260306,20260813
OPP05416,REP015,PRD15,4,2,Closed Lost,1078.03,OK,20260222,20260415
OPP05417,REP017,PRD04,4,1,Proposal,35.85,OK,20260411,
OPP05418,REP026,PRD11,3,2,Lead,891.56,OK,20250916,
OPP05419,REP012,PRD02,3,5,Qualified,13.5,OK,20260823,
OPP05420,REP026,PRD11,3,2,Lead,1035.29,OK,20260403,
OPP05421,REP031,PRD03,3,2,Lead,695.1,OK,20251023,
OPP05422,REP040,PRD13,2,4,Proposal,401.6,OK,20250714,
OPP05423,REP038,PRD12,5,5,Closed Lost,92.46,OK,20251018,20260507
OPP05424,REP023,PRD04,4,2,Qualified,72.06,OK,20260207,
OPP05425,REP022,PRD06,5,2,Qualified,224.9,OK,20260419,
OPP05426,REP001,PRD10,4,5,Lead,78.48,OK,20260715,
OPP05427,REP007,PRD03,3,1,Lead,466.34,OK,20260520,
OPP05428,REP031,PRD15,3,3,Qualified,1265.51,OK,20260325,
OPP05429,REP030,PRD06,4,1,Lead,627.69,OK,20251107,
OPP05430,REP036,PRD01,5,2,Qualified,45.31,OK,20250921,
OPP05431,REP017,PRD04,4,1,Lead,72.3,OK,20251220,
OPP05432,REP018,PRD05,5,4,Closed Lost,404.82,OK,20251101,20260515
OPP05433,REP026,PRD08,3,1,Qualified,4498.73,OK,20251222,
OPP05434,REP038,PRD04,5,4,Lead,168.59,OK,20251127,
OPP05435,REP030,PRD10,4,2,Qualified,132.7,OK,20260816,
OPP05436,REP003,PRD02,3,1,Proposal,68.39,OK,20260821,
OPP05437,REP008,PRD01,3,3,Proposal,34.45,OK,20250930,
OPP05438,REP014,PRD09,2,2,Closed Lost,898.83,OK,20260524,20260821
OPP05439,REP030,PRD09,4,2,Qualified,580.28,OK,20250901,
OPP05440,REP011,PRD15,4,5,Qualified,1587.46,OK,20251002,
OPP05441,REP025,PRD02,1,3,Lead,207.3,OK,20251013,
OPP05442,REP034,PRD13,1,4,Closed Won,100.48,OK,20250717,20260724
OPP05443,REP026,PRD12,3,5,Qualified,145.83,OK,20260331,
OPP05444,REP005,PRD02,5,2,Closed Lost,74.5,OK,20260303,20260715
OPP05445,REP002,PRD06,5,2,Qualified,393.68,OK,20260411,
OPP05446,REP031,PRD13,3,1,Qualified,43.45,OK,20251019,
OPP05447,REP006,PRD09,2,2,Qualified,154.71,OK,20260612,
OPP05448,REP014,PRD11,2,5,Qualified,452.15,OK,20260814,
OPP05449,REP014,PRD12,2,2,Closed Lost,421.48,OK,20260326,20260428
OPP05450,REP026,PRD04,3,1,Closed Won,107.58,OK,20260225,20260302
OPP05451,REP032,PRD11,4,3,Lead,2882.5,OK,20251004,
OPP05452,REP015,PRD04,4,1,Qualified,191.12,OK,20251223,
OPP05453,REP008,PRD12,3,3,Lead,639.2,OK,20251011,
OPP05454,REP035,PRD10,3,1,Closed Lost,63.68,OK,20251022,20260716
OPP05455,REP039,PRD05,1,2,Closed Lost,173.2,OK,20251226,20260424
OPP05456,REP037,PRD09,3,1,Closed Lost,147.92,OK,20251009,20251229
OPP05457,REP007,PRD08,3,1,Proposal,1140.77,OK,20251013,
OPP05458,REP003,PRD02,3,3,Qualified,58.55,OK,20250903,
OPP05459,REP029,PRD04,4,5,Closed Lost,89.15,OK,20260529,20260804
OPP05460,REP021,PRD10,2,4,Qualified,23.46,OK,20250928,
OPP05461,REP020,PRD03,4,2,Lead,337.05,OK,20250902,
OPP05462,REP009,PRD02,3,5,Lead,188.85,OK,20250718,
OPP05463,REP014,PRD03,2,3,Lead,0.0,REVIEW,20260715,
OPP05464,REP014,PRD07,2,2,Proposal,76.76,OK,20260603,
OPP05465,REP015,PRD10,4,3,Qualified,19.72,OK,20250806,
OPP05466,REP038,PRD07,5,2,Lead,57.94,OK,20251203,
OPP05467,REP033,PRD08,4,4,Closed Lost,2495.28,OK,20250925,20251007
OPP05468,REP022,PRD01,5,1,Proposal,49.81,OK,20260806,
OPP05469,REP036,PRD02,5,1,Proposal,109.37,OK,20250819,
OPP05470,REP039,PRD09,1,3,Qualified,395.2,OK,20260703,
OPP05471,REP013,PRD14,5,2,Lead,31.9,OK,20251004,
OPP05472,REP027,PRD07,3,2,Closed Won,164.62,OK,20260116,20260201
OPP05473,REP013,PRD01,5,4,Lead,4.49,OK,20250824,
OPP05474,REP033,PRD15,4,1,Lead,1068.57,OK,20260223,
OPP05475,REP022,PRD10,5,3,Qualified,28.02,OK,20250711,
OPP05476,REP029,PRD10,4,3,Qualified,61.28,OK,20250916,
OPP05477,REP014,PRD02,2,4,Lead,304.84,OK,20251008,
OPP05478,REP005,PRD02,5,2,Proposal,55.95,OK,20251210,
OPP05479,REP011,PRD09,4,1,Proposal,50.48,OK,20251206,
OPP05480,REP012,PRD05,3,4,Lead,2866.17,OK,20251124,
OPP05481,REP026,PRD14,3,1,Lead,234.87,OK,20260403,
OPP05482,REP040,PRD07,2,2,Lead,108.95,OK,20250726,
OPP05483,REP036,PRD12,5,3,Lead,193.06,OK,20250912,
OPP05484,REP036,PRD04,5,2,Proposal,35.0,OK,20251025,
OPP05485,REP028,PRD08,2,1,Closed Won,1030.45,OK,20260204,20260619
OPP05486,REP040,PRD09,2,2,Closed Lost,794.44,OK,20260403,20260504
OPP05487,REP020,PRD09,4,1,Lead,452.67,OK,20260727,
OPP05488,REP018,PRD15,5,1,Qualified,2663.59,OK,20260107,
OPP05489,REP003,PRD02,3,3,Lead,99.15,OK,20260731,
OPP05490,REP002,PRD01,5,4,Qualified,35.15,OK,20250826,
OPP05491,REP026,PRD15,3,1,Proposal,266.25,OK,20250918,
OPP05492,REP030,PRD11,4,4,Closed Won,1356.52,OK,20250714,20260828
OPP05493,REP004,PRD03,5,2,Qualified,267.71,OK,20251219,
OPP05494,REP015,PRD14,4,2,Proposal,100.3,OK,20251129,
OPP05495,REP020,PRD01,4,1,Proposal,19.2,OK,20260207,
OPP05496,REP022,PRD09,5,1,Lead,319.63,OK,20251114,
OPP05497,REP013,PRD10,5,2,Closed Lost,53.27,OK,20260825,20260825
OPP05498,REP024,PRD12,1,3,Lead,347.41,OK,20250918,
OPP05499,REP009,PRD01,3,1,Qualified,13.82,OK,20251217,
OPP05500,REP024,PRD10,1,1,Lead,31.4,OK,20260730,
OPP05501,REP019,PRD12,1,2,Lead,195.25,OK,20260707,
OPP05502,REP008,PRD01,3,4,Closed Won,30.6,OK,20260414,20260827
OPP05503,REP027,PRD12,3,3,Proposal,329.41,OK,20251124,
OPP05504,REP040,PRD13,2,2,Closed Lost,213.38,OK,20260610,20260814
OPP05505,REP033,PRD11,4,3,Lead,2971.62,OK,20250925,
OPP05506,REP028,PRD10,2,1,Lead,34.03,OK,20251121,
OPP05507,REP030,PRD14,4,1,Closed Won,57.76,OK,20260405,20260617
OPP05508,REP038,PRD03,5,1,Lead,445.69,OK,20260529,
OPP05509,REP005,PRD06,5,2,Lead,77.01,OK,20251217,
OPP05510,REP014,PRD10,2,2,Closed Won,57.9,OK,20260807,20260818
OPP05511,REP020,PRD06,4,2,Closed Won,454.72,OK,20260516,20260606
OPP05512,REP021,PRD11,2,3,Closed Won,1110.18,OK,20260305,20260329
OPP05513,REP040,PRD06,2,1,Proposal,170.15,OK,20260630,
OPP05514,REP009,PRD04,3,1,Lead,121.65,OK,20250927,
OPP05515,REP010,PRD03,5,1,Closed Lost,786.23,OK,20260811,20260814
OPP05516,REP005,PRD15,5,1,Lead,1532.37,OK,20260724,
OPP05517,REP002,PRD01,5,5,Lead,21.95,REVIEW,20260410,
OPP05518,REP001,PRD12,4,3,Qualified,245.23,OK,20260212,
OPP05519,REP005,PRD03,5,3,Closed Won,170.38,OK,20250804,20251006
OPP05520,REP026,PRD13,3,4,Qualified,267.23,OK,20260315,
OPP05521,REP018,PRD12,5,3,Proposal,562.48,OK,20260722,
OPP05522,REP014,PRD04,2,1,Closed Lost,39.27,OK,20251001,20260227
OPP05523,REP031,PRD04,3,2,Qualified,123.19,OK,20260209,
OPP05524,REP005,PRD12,5,4,Qualified,268.93,OK,20260623,
OPP05525,REP017,PRD04,4,2,Lead,28.14,OK,20260303,
OPP05526,REP016,PRD13,2,1,Proposal,170.19,OK,20260613,
OPP05527,REP002,PRD04,5,1,Lead,206.49,OK,20251226,
OPP05528,REP011,PRD09,4,2,Qualified,897.73,OK,20260516,
OPP05529,REP034,PRD06,1,4,Lead,427.47,OK,20260214,
OPP05530,REP034,PRD06,1,4,Lead,165.01,OK,20260601,
OPP05531,REP005,PRD02,5,1,Closed Lost,64.31,OK,20251127,20251224
OPP05532,REP001,PRD02,4,2,Lead,219.94,OK,20260708,
OPP05533,REP035,PRD14,3,3,Qualified,109.31,OK,20260415,
OPP05534,REP018,PRD14,5,2,Qualified,106.07,OK,20251120,
OPP05535,REP039,PRD14,1,2,Lead,114.41,OK,20250713,
OPP05536,REP006,PRD07,2,4,Closed Won,172.93,OK,20260720,20260821
OPP05537,REP018,PRD11,5,2,Closed Won,1837.26,OK,20250923,20260223
OPP05538,REP036,PRD02,5,1,Closed Lost,100.06,OK,20260609,20260729
OPP05539,REP032,PRD05,4,2,Closed Won,455.27,OK,20250908,20251024
OPP05540,REP031,PRD06,3,1,Closed Lost,305.86,OK,20251023,20260325
OPP05541,REP007,PRD05,3,1,Qualified,1559.62,OK,20260511,
OPP05542,REP027,PRD01,3,2,Qualified,35.07,OK,20250921,
OPP05543,REP018,PRD11,5,1,Lead,1570.26,OK,20251112,
OPP05544,REP010,PRD01,5,1,Lead,52.1,OK,20250823,
OPP05545,REP007,PRD08,3,1,Lead,2351.89,OK,20260412,
OPP05546,REP029,PRD14,4,3,Proposal,89.9,OK,20251205,
OPP05547,REP020,PRD05,4,5,Lead,1216.48,OK,20260324,
OPP05548,REP029,PRD15,4,2,Lead,2163.6,OK,20251206,
OPP05549,REP036,PRD02,5,5,Proposal,49.24,OK,20260514,
OPP05550,REP008,PRD11,3,1,Closed Won,894.47,OK,20251007,20260105
OPP05551,REP016,PRD06,2,2,Closed Won,147.66,OK,20260529,20260807
OPP05552,REP004,PRD07,5,1,Qualified,75.97,OK,20260726,
OPP05553,REP029,PRD11,4,2,Closed Won,1065.54,OK,20260205,20260522
OPP05554,REP022,PRD05,5,1,Proposal,1355.92,OK,20260510,
OPP05555,REP031,PRD09,3,1,Qualified,126.38,OK,20260406,
OPP05556,REP037,PRD04,3,2,Lead,56.83,OK,20260708,
OPP05557,REP032,PRD05,4,1,Qualified,1786.06,OK,20260514,
OPP05558,REP002,PRD02,5,5,Lead,96.16,OK,20260715,
OPP05559,REP036,PRD09,5,1,Lead,198.66,OK,20260805,
OPP05560,REP006,PRD10,2,2,Proposal,36.02,OK,20260205,
OPP05561,REP028,PRD01,2,2,Lead,44.87,OK,20251026,
OPP05562,REP020,PRD01,4,1,Qualified,96.34,OK,20260622,
OPP05563,REP002,PRD04,5,5,Lead,54.47,OK,20250925,
OPP05564,REP039,PRD13,1,3,Lead,209.82,OK,20251006,
OPP05565,REP016,PRD10,2,2,Proposal,11.54,OK,20260114,
OPP05566,REP003,PRD13,3,4,Closed Lost,27.5,OK,20260719,20260812
OPP05567,REP013,PRD10,5,1,Lead,52.37,OK,20251230,
OPP05568,REP026,PRD13,3,1,Qualified,24.8,OK,20251016,
OPP05569,REP014,PRD01,2,1,Lead,68.04,OK,20250727,
OPP05570,REP030,PRD14,4,4,Closed Won,88.18,OK,20250919,20260702
OPP05571,REP015,PRD14,4,1,Proposal,40.51,OK,20250814,
OPP05572,REP019,PRD02,1,3,Proposal,101.23,OK,20250825,
OPP05573,REP005,PRD10,5,2,Lead,20.8,OK,20260725,
OPP05574,REP036,PRD02,5,2,Closed Lost,72.46,OK,20250724,20251210
OPP05575,REP003,PRD11,3,2,Qualified,1523.67,OK,20260427,
OPP05576,REP004,PRD09,5,2,Closed Lost,209.49,OK,20260314,20260412
OPP05577,REP036,PRD04,5,2,Proposal,207.97,OK,20260224,
OPP05578,REP021,PRD04,2,4,Proposal,53.95,OK,20250916,
OPP05579,REP003,PRD09,3,2,Qualified,228.96,OK,20250901,
OPP05580,REP016,PRD13,2,2,Proposal,91.16,OK,20260811,
OPP05581,REP035,PRD04,3,1,Lead,19.79,OK,20260721,
OPP05582,REP005,PRD14,5,2,Proposal,31.53,REVIEW,20260630,
OPP05583,REP025,PRD12,1,1,Qualified,61.87,OK,20251207,
OPP05584,REP022,PRD12,5,1,Proposal,121.79,OK,20260217,
OPP05585,REP031,PRD04,3,2,Lead,58.73,OK,20260725,
OPP05586,REP021,PRD15,2,1,Lead,1445.93,OK,20260719,
OPP05587,REP016,PRD08,2,2,Qualified,1542.19,OK,20260731,
OPP05588,REP006,PRD07,2,1,Lead,130.26,OK,20260123,
OPP05589,REP013,PRD08,5,4,Closed Lost,4460.51,OK,20260829,20260831
OPP05590,REP008,PRD15,3,1,Lead,0.0,REVIEW,20260827,
OPP05591,REP020,PRD14,4,5,Lead,36.33,OK,20260901,
OPP05592,REP005,PRD10,5,3,Closed Lost,12.12,OK,20250717,20250810
OPP05593,REP022,PRD02,5,4,Lead,56.47,OK,20260603,
OPP05594,REP026,PRD11,3,1,Lead,1796.43,OK,20251004,
OPP05595,REP025,PRD07,1,2,Qualified,63.04,OK,20260427,
OPP05596,REP015,PRD11,4,3,Lead,0.0,REVIEW,20260618,
OPP05597,REP030,PRD11,4,2,Qualified,1666.99,OK,20260305,
OPP05598,REP011,PRD14,4,2,Closed Lost,76.1,OK,20260422,20260716
OPP05599,REP034,PRD09,1,2,Qualified,103.34,OK,20260626,
OPP05600,REP020,PRD12,4,5,Qualified,139.67,OK,20250731,
OPP05601,REP021,PRD04,2,2,Closed Won,15.89,OK,20250729,20251213
OPP05602,REP020,PRD05,4,3,Proposal,623.78,OK,20260224,
OPP05603,REP024,PRD02,1,5,Lead,149.21,OK,20251108,
OPP05604,REP008,PRD15,3,5,Qualified,550.53,OK,20260720,
OPP05605,REP017,PRD09,4,1,Proposal,638.65,OK,20260603,
OPP05606,REP035,PRD10,3,1,Proposal,112.05,OK,20251016,
OPP05607,REP018,PRD05,5,1,Qualified,563.11,OK,20260303,
OPP05608,REP030,PRD13,4,2,Closed Won,143.67,OK,20260502,20260804
OPP05609,REP009,PRD08,3,2,Proposal,1659.41,OK,20250926,
OPP05610,REP003,PRD07,3,1,Qualified,117.61,OK,20260720,
OPP05611,REP011,PRD02,4,2,Closed Won,257.06,OK,20260826,20260901
OPP05612,REP029,PRD12,4,5,Qualified,76.95,OK,20260703,
OPP05613,REP036,PRD11,5,1,Lead,1777.61,OK,20260708,
OPP05614,REP006,PRD03,2,1,Proposal,716.7,OK,20251102,
OPP05615,REP029,PRD06,4,5,Proposal,279.31,OK,20260801,
OPP05616,REP036,PRD05,5,1,Closed Lost,634.42,OK,20250816,20260114
OPP05617,REP001,PRD04,4,3,Lead,39.47,OK,20260124,
OPP05618,REP025,PRD07,1,1,Lead,116.07,OK,20260723,
OPP05619,REP020,PRD14,4,2,Lead,48.37,OK,20260423,
OPP05620,REP038,PRD06,5,1,Lead,479.48,OK,20260403,
OPP05621,REP026,PRD14,3,1,Qualified,5.91,OK,20260209,
OPP05622,REP026,PRD01,3,2,Lead,74.17,OK,20260309,
OPP05623,REP030,PRD14,4,1,Closed Won,53.24,OK,20250820,20250830
OPP05624,REP010,PRD03,5,1,Lead,382.62,OK,20250808,
OPP05625,REP040,PRD15,2,2,Qualified,518.94,OK,20251011,
OPP05626,REP033,PRD05,4,5,Qualified,341.92,OK,20260414,
OPP05627,REP033,PRD09,4,2,Qualified,179.78,OK,20260331,
OPP05628,REP017,PRD03,4,1,Qualified,248.15,OK,20250724,
OPP05629,REP023,PRD09,4,2,Qualified,256.72,OK,20260326,
OPP05630,REP011,PRD10,4,1,Lead,106.84,REVIEW,20260425,
OPP05631,REP027,PRD11,3,2,Closed Won,1473.99,OK,20250917,20260302
OPP05632,REP021,PRD13,2,4,Closed Lost,168.25,OK,20260329,20260606
OPP05633,REP014,PRD11,2,1,Closed Won,2649.68,OK,20260519,20260726
OPP05634,REP019,PRD04,1,2,Lead,83.71,OK,20250816,
OPP05635,REP013,PRD04,5,2,Proposal,131.13,OK,20260109,
OPP05636,REP016,PRD01,2,3,Lead,21.84,OK,20260112,
OPP05637,REP036,PRD10,5,4,Proposal,90.68,OK,20260102,
OPP05638,REP005,PRD10,5,4,Lead,49.93,OK,20260303,
OPP05639,REP036,PRD15,5,5,Proposal,360.4,OK,20250907,
OPP05640,REP022,PRD03,5,1,Qualified,1307.36,OK,20250823,
OPP05641,REP029,PRD15,4,3,Qualified,1288.86,OK,20260225,
OPP05642,REP032,PRD06,4,3,Qualified,334.91,OK,20250930,
OPP05643,REP009,PRD10,3,4,Lead,22.22,OK,20260323,
OPP05644,REP035,PRD09,3,1,Lead,1279.96,OK,20251112,
OPP05645,REP033,PRD08,4,1,Qualified,1795.93,OK,20250719,
OPP05646,REP013,PRD06,5,5,Lead,354.81,OK,20260826,
OPP05647,REP024,PRD12,1,5,Qualified,214.46,OK,20260314,
OPP05648,REP009,PRD02,3,4,Lead,190.45,OK,20250802,
OPP05649,REP004,PRD09,5,3,Qualified,469.16,OK,20260626,
OPP05650,REP025,PRD08,1,4,Qualified,844.9,OK,20260528,
OPP05651,REP013,PRD06,5,1,Lead,73.34,OK,20260807,
OPP05652,REP028,PRD15,2,1,Qualified,904.91,OK,20260527,
OPP05653,REP017,PRD02,4,3,Closed Won,123.06,OK,20260127,20260203
OPP05654,REP011,PRD05,4,2,Qualified,583.96,OK,20260703,
OPP05655,REP035,PRD09,3,2,Closed Won,138.38,OK,20250721,20260323
OPP05656,REP004,PRD07,5,5,Closed Won,115.63,OK,20260423,20260811
OPP05657,REP031,PRD06,3,1,Qualified,362.35,OK,20260503,
OPP05658,REP006,PRD05,2,1,Proposal,2320.69,OK,20260311,
OPP05659,REP036,PRD10,5,2,Lead,45.35,OK,20250917,
OPP05660,REP002,PRD08,5,3,Proposal,877.8,OK,20260718,
OPP05661,REP012,PRD11,3,1,Qualified,1651.68,OK,20250919,
OPP05662,REP040,PRD03,2,2,Closed Won,1006.58,OK,20251210,20260419
OPP05663,REP040,PRD09,2,2,Qualified,608.2,OK,20260724,
OPP05664,REP010,PRD12,5,3,Qualified,80.51,OK,20260729,
OPP05665,REP012,PRD11,3,4,Proposal,3572.18,OK,20260324,
OPP05666,REP030,PRD05,4,3,Qualified,1584.29,OK,20251110,
OPP05667,REP016,PRD11,2,2,Proposal,198.32,OK,20260221,
OPP05668,REP018,PRD09,5,1,Qualified,147.95,OK,20260412,
OPP05669,REP002,PRD01,5,4,Qualified,25.03,OK,20260607,
OPP05670,REP034,PRD01,1,2,Proposal,66.14,OK,20251207,
OPP05671,REP038,PRD14,5,1,Lead,149.76,OK,20260724,
OPP05672,REP035,PRD12,3,3,Qualified,268.53,OK,20250831,
OPP05673,REP036,PRD12,5,5,Lead,350.73,OK,20260824,
OPP05674,REP019,PRD02,1,1,Proposal,184.46,OK,20251217,
OPP05675,REP014,PRD09,2,2,Closed Lost,1092.05,OK,20260212,20260525
OPP05676,REP034,PRD01,1,2,Proposal,36.64,OK,20250809,
OPP05677,REP010,PRD12,5,1,Proposal,73.98,OK,20260219,
OPP05678,REP001,PRD02,4,1,Proposal,48.05,OK,20260512,
OPP05679,REP015,PRD09,4,2,Qualified,130.89,OK,20251226,
OPP05680,REP029,PRD11,4,4,Qualified,6165.85,OK,20250913,
OPP05681,REP024,PRD10,1,2,Qualified,120.49,OK,20250915,
OPP05682,REP020,PRD11,4,2,Qualified,866.6,OK,20260322,
OPP05683,REP026,PRD08,3,3,Proposal,1820.23,OK,20260201,
OPP05684,REP008,PRD07,3,3,Qualified,40.54,OK,20250825,
OPP05685,REP016,PRD08,2,4,Lead,4415.38,OK,20260820,
OPP05686,REP006,PRD14,2,1,Closed Won,73.65,OK,20260708,20260818
OPP05687,REP006,PRD07,2,2,Lead,14.92,OK,20251213,
OPP05688,REP001,PRD11,4,1,Lead,3113.69,OK,20260330,
OPP05689,REP014,PRD03,2,1,Closed Won,993.42,OK,20250901,20260512
OPP05690,REP018,PRD01,5,4,Lead,38.11,OK,20260223,
OPP05691,REP014,PRD10,2,5,Closed Won,56.32,OK,20260730,20260813
OPP05692,REP025,PRD03,1,2,Lead,316.02,OK,20260605,
OPP05693,REP037,PRD15,3,2,Qualified,946.31,OK,20260827,
OPP05694,REP035,PRD04,3,1,Qualified,88.41,OK,20260304,
OPP05695,REP003,PRD15,3,4,Lead,1167.36,OK,20251206,
OPP05696,REP036,PRD06,5,4,Qualified,386.3,OK,20260521,
OPP05697,REP011,PRD10,4,3,Proposal,122.47,OK,20260512,
OPP05698,REP016,PRD02,2,2,Closed Lost,163.74,OK,20260115,20260803
OPP05699,REP019,PRD15,1,1,Proposal,1887.75,OK,20260621,
OPP05700,REP039,PRD06,1,2,Qualified,138.88,OK,20251121,
OPP05701,REP008,PRD03,3,2,Closed Lost,445.51,OK,20250718,20260822
OPP05702,REP034,PRD10,1,4,Proposal,12.92,OK,20251125,
OPP05703,REP002,PRD10,5,1,Qualified,20.32,OK,20260726,
OPP05704,REP038,PRD02,5,1,Lead,210.79,OK,20251216,
OPP05705,REP005,PRD15,5,4,Closed Lost,1023.93,OK,20260701,20260727
OPP05706,REP021,PRD08,2,1,Qualified,2368.16,OK,20260821,
OPP05707,REP025,PRD12,1,1,Lead,33.87,OK,20260605,
OPP05708,REP031,PRD06,3,5,Lead,314.01,OK,20250819,
OPP05709,REP018,PRD11,5,3,Qualified,362.78,OK,20260813,
OPP05710,REP008,PRD07,3,1,Closed Lost,125.15,OK,20251206,20260426
OPP05711,REP012,PRD06,3,1,Closed Won,190.76,OK,20260628,20260712
OPP05712,REP006,PRD07,2,2,Closed Won,71.8,OK,20260106,20260305
OPP05713,REP012,PRD13,3,3,Proposal,204.8,OK,20260222,
OPP05714,REP001,PRD12,4,4,Lead,76.65,OK,20260607,
OPP05715,REP039,PRD13,1,1,Qualified,121.16,OK,20260518,
OPP05716,REP003,PRD08,3,2,Qualified,1745.69,OK,20260308,
OPP05717,REP019,PRD12,1,2,Qualified,174.14,OK,20250823,
OPP05718,REP020,PRD01,4,2,Closed Won,193.51,OK,20251209,20260518
OPP05719,REP032,PRD06,4,1,Proposal,756.34,OK,20260127,
OPP05720,REP034,PRD07,1,4,Closed Won,77.95,OK,20260211,20260414
OPP05721,REP038,PRD14,5,4,Lead,134.87,OK,20260119,
OPP05722,REP030,PRD02,4,2,Closed Lost,28.15,OK,20260103,20260609
OPP05723,REP027,PRD06,3,1,Proposal,77.01,OK,20260105,
OPP05724,REP025,PRD03,1,5,Qualified,440.65,OK,20250930,
OPP05725,REP008,PRD01,3,2,Lead,29.73,OK,20251028,
OPP05726,REP038,PRD08,5,2,Qualified,6409.6,OK,20251130,
OPP05727,REP007,PRD02,3,1,Closed Lost,41.04,OK,20250725,20260131
OPP05728,REP025,PRD08,1,1,Proposal,511.34,OK,20260302,
OPP05729,REP015,PRD02,4,4,Qualified,228.77,OK,20260629,
OPP05730,REP032,PRD14,4,5,Closed Won,25.99,OK,20260716,20260827
OPP05731,REP013,PRD15,5,2,Closed Lost,3194.0,OK,20260527,20260603
OPP05732,REP025,PRD07,1,3,Lead,88.94,OK,20251207,
OPP05733,REP020,PRD15,4,1,Lead,1235.93,OK,20251104,
OPP05734,REP021,PRD11,2,5,Lead,1050.29,OK,20260131,
OPP05735,REP006,PRD03,2,3,Closed Lost,234.8,OK,20251017,20251028
OPP05736,REP025,PRD02,1,5,Proposal,166.01,OK,20260120,
OPP05737,REP006,PRD01,2,1,Proposal,23.07,OK,20260204,
OPP05738,REP026,PRD06,3,1,Closed Lost,222.47,OK,20251117,20260725
OPP05739,REP015,PRD03,4,4,Closed Lost,889.13,OK,20250805,20260817
OPP05740,REP009,PRD01,3,3,Closed Won,31.09,OK,20250719,20250830
OPP05741,REP029,PRD15,4,3,Qualified,1309.37,OK,20250907,
OPP05742,REP001,PRD12,4,4,Lead,304.95,OK,20260304,
OPP05743,REP025,PRD07,1,5,Qualified,9.1,OK,20260220,
OPP05744,REP004,PRD11,5,1,Lead,4433.24,OK,20250822,
OPP05745,REP034,PRD08,1,3,Lead,2431.66,OK,20260516,
OPP05746,REP022,PRD03,5,1,Lead,407.17,OK,20260412,
OPP05747,REP032,PRD02,4,4,Proposal,271.12,OK,20250912,
OPP05748,REP011,PRD06,4,3,Qualified,426.33,OK,20260508,
OPP05749,REP023,PRD04,4,2,Lead,147.59,OK,20251021,
OPP05750,REP003,PRD10,3,3,Proposal,31.76,OK,20260103,
OPP05751,REP018,PRD12,5,2,Lead,485.41,OK,20250928,
OPP05752,REP004,PRD11,5,3,Lead,578.27,OK,20260727,
OPP05753,REP023,PRD13,4,2,Lead,227.19,OK,20251005,
OPP05754,REP009,PRD06,3,3,Lead,72.11,OK,20260813,
OPP05755,REP023,PRD04,4,2,Proposal,106.74,OK,20260815,
OPP05756,REP012,PRD13,3,2,Qualified,85.21,OK,20260115,
OPP05757,REP026,PRD03,3,4,Qualified,427.92,OK,20260724,
OPP05758,REP011,PRD13,4,2,Qualified,177.37,OK,20250912,
OPP05759,REP036,PRD05,5,5,Qualified,580.86,OK,20260104,
OPP05760,REP001,PRD14,4,1,Closed Won,44.11,OK,20251006,20260802
OPP05761,REP014,PRD06,2,5,Lead,421.29,OK,20260304,
OPP05762,REP023,PRD14,4,1,Closed Lost,32.58,OK,20260316,20260824
OPP05763,REP035,PRD06,3,5,Qualified,221.62,REVIEW,20260502,
OPP05764,REP029,PRD13,4,5,Lead,31.43,OK,20260103,
OPP05765,REP030,PRD15,4,2,Closed Won,265.24,OK,20260528,20260709
OPP05766,REP037,PRD01,3,3,Lead,93.77,OK,20251024,
OPP05767,REP022,PRD09,5,2,Qualified,100.38,OK,20250924,
OPP05768,REP030,PRD07,4,1,Proposal,88.05,OK,20251117,
OPP05769,REP008,PRD11,3,5,Proposal,2149.61,OK,20251217,
OPP05770,REP028,PRD07,2,3,Closed Won,145.8,OK,20260202,20260722
OPP05771,REP025,PRD01,1,3,Qualified,57.61,OK,20260517,
OPP05772,REP039,PRD03,1,2,Qualified,850.65,OK,20260117,
OPP05773,REP022,PRD11,5,2,Proposal,1004.72,OK,20250816,
OPP05774,REP015,PRD11,4,1,Lead,2656.12,OK,20260719,
OPP05775,REP040,PRD03,2,1,Closed Won,570.08,OK,20260822,20260826
OPP05776,REP007,PRD02,3,1,Lead,119.81,OK,20250929,
OPP05777,REP032,PRD02,4,2,Proposal,98.99,OK,20260306,
OPP05778,REP011,PRD13,4,4,Proposal,155.03,OK,20260831,
OPP05779,REP026,PRD01,3,1,Lead,51.86,OK,20260529,
OPP05780,REP030,PRD13,4,1,Closed Lost,57.78,OK,20260707,20260730
OPP05781,REP025,PRD14,1,2,Proposal,76.48,OK,20260204,
OPP05782,REP013,PRD09,5,2,Lead,256.59,OK,20251024,
OPP05783,REP038,PRD12,5,2,Lead,307.12,OK,20260411,
OPP05784,REP025,PRD07,1,2,Closed Lost,131.07,OK,20260708,20260812
OPP05785,REP003,PRD12,3,1,Lead,147.71,OK,20260228,
OPP05786,REP007,PRD14,3,4,Lead,13.78,OK,20250720,
OPP05787,REP013,PRD15,5,5,Lead,470.01,OK,20250731,
OPP05788,REP001,PRD09,4,5,Proposal,320.58,OK,20250815,
OPP05789,REP018,PRD08,5,4,Lead,1920.17,OK,20260106,
OPP05790,REP003,PRD11,3,1,Lead,2011.62,OK,20260116,
OPP05791,REP014,PRD02,2,5,Lead,164.95,OK,20260428,
OPP05792,REP030,PRD12,4,4,Lead,396.52,OK,20260301,
OPP05793,REP026,PRD01,3,3,Lead,28.53,OK,20260411,
OPP05794,REP022,PRD07,5,4,Closed Lost,101.02,OK,20251006,20260501
OPP05795,REP038,PRD11,5,2,Lead,834.5,OK,20260103,
OPP05796,REP002,PRD05,5,5,Closed Lost,521.07,OK,20260612,20260719
OPP05797,REP024,PRD07,1,4,Lead,104.24,OK,20250710,
OPP05798,REP036,PRD03,5,1,Qualified,967.39,OK,20260505,
OPP05799,REP013,PRD05,5,3,Qualified,618.35,OK,20260118,
OPP05800,REP039,PRD09,1,4,Closed Won,372.58,OK,20260222,20260311
OPP05801,REP024,PRD02,1,1,Lead,42.43,OK,20260102,
OPP05802,REP008,PRD06,3,2,Closed Won,58.51,OK,20260220,20260512
OPP05803,REP020,PRD07,4,1,Closed Won,246.3,OK,20251105,20260424
OPP05804,REP028,PRD11,2,2,Lead,358.4,OK,20260307,
OPP05805,REP036,PRD04,5,4,Proposal,48.49,OK,20260515,
OPP05806,REP037,PRD02,3,1,Qualified,55.66,OK,20250730,
OPP05807,REP034,PRD04,1,3,Lead,20.72,OK,20260201,
OPP05808,REP030,PRD11,4,2,Qualified,704.92,OK,20250904,
OPP05809,REP030,PRD09,4,4,Proposal,469.86,OK,20260720,
OPP05810,REP009,PRD02,3,2,Qualified,179.58,OK,20260704,
OPP05811,REP022,PRD14,5,2,Proposal,54.5,OK,20260520,
OPP05812,REP034,PRD07,1,2,Lead,32.64,OK,20260319,
OPP05813,REP025,PRD11,1,2,Closed Lost,2231.84,OK,20260528,20260616
OPP05814,REP003,PRD01,3,1,Lead,20.65,OK,20251105,
OPP05815,REP036,PRD06,5,2,Lead,38.38,OK,20260122,
OPP05816,REP020,PRD06,4,1,Lead,116.12,OK,20260801,
OPP05817,REP039,PRD09,1,4,Lead,439.13,OK,20250824,
OPP05818,REP011,PRD02,4,1,Lead,169.65,OK,20260403,
OPP05819,REP002,PRD04,5,2,Proposal,70.32,OK,20260526,
OPP05820,REP028,PRD10,2,1,Qualified,8.27,OK,20260314,
OPP05821,REP038,PRD08,5,5,Proposal,1106.44,OK,20260621,
OPP05822,REP006,PRD09,2,4,Lead,402.25,OK,20250725,
OPP05823,REP015,PRD04,4,3,Qualified,29.0,OK,20250813,
OPP05824,REP011,PRD13,4,1,Closed Lost,194.89,OK,20251123,20260725
OPP05825,REP018,PRD01,5,5,Proposal,87.88,OK,20260613,
OPP05826,REP024,PRD04,1,5,Lead,206.06,OK,20251017,
OPP05827,REP009,PRD15,3,2,Closed Won,461.49,OK,20250706,20260513
OPP05828,REP012,PRD10,3,2,Lead,50.99,OK,20251206,
OPP05829,REP033,PRD01,4,5,Qualified,33.34,OK,20260226,
OPP05830,REP003,PRD02,3,3,Lead,113.81,OK,20260304,
OPP05831,REP022,PRD15,5,2,Lead,2685.54,OK,20250905,
OPP05832,REP015,PRD10,4,2,Proposal,58.12,OK,20250928,
OPP05833,REP039,PRD09,1,2,Lead,389.16,OK,20251103,
OPP05834,REP018,PRD11,5,4,Qualified,1426.07,OK,20260113,
OPP05835,REP018,PRD07,5,3,Proposal,154.25,OK,20260809,
OPP05836,REP028,PRD01,2,1,Lead,124.72,OK,20251013,
OPP05837,REP040,PRD01,2,2,Closed Won,8.69,OK,20260518,20260719
OPP05838,REP013,PRD01,5,2,Lead,30.97,OK,20260619,
OPP05839,REP011,PRD02,4,2,Proposal,113.97,OK,20260710,
OPP05840,REP038,PRD06,5,4,Proposal,146.58,OK,20251015,
OPP05841,REP023,PRD04,4,4,Lead,115.38,OK,20260122,
OPP05842,REP023,PRD14,4,5,Closed Lost,161.42,OK,20251115,20260808
OPP05843,REP006,PRD05,2,3,Lead,1225.03,OK,20260315,
OPP05844,REP029,PRD13,4,3,Qualified,26.72,OK,20260207,
OPP05845,REP016,PRD05,2,3,Closed Lost,359.86,OK,20251205,20260106
OPP05846,REP018,PRD07,5,1,Closed Won,2.85,OK,20260521,20260731
OPP05847,REP019,PRD02,1,2,Proposal,131.39,OK,20251122,
OPP05848,REP032,PRD06,4,3,Closed Lost,38.56,OK,20260505,20260717
OPP05849,REP032,PRD04,4,2,Qualified,22.95,OK,20251225,
OPP05850,REP002,PRD13,5,2,Qualified,184.97,OK,20250720,
OPP05851,REP028,PRD07,2,3,Closed Lost,48.69,OK,20250721,20260114
OPP05852,REP002,PRD09,5,4,Qualified,307.3,OK,20250911,
OPP05853,REP030,PRD15,4,3,Lead,1981.89,OK,20260628,
OPP05854,REP003,PRD07,3,1,Closed Won,52.74,OK,20251204,20260315
OPP05855,REP027,PRD13,3,5,Lead,297.59,OK,20251112,
OPP05856,REP025,PRD15,1,2,Closed Lost,2621.28,OK,20250811,20260113
OPP05857,REP040,PRD06,2,1,Lead,119.99,OK,20260602,
OPP05858,REP026,PRD15,3,1,Proposal,2244.92,OK,20260122,
OPP05859,REP011,PRD07,4,2,Proposal,133.2,OK,20251027,
OPP05860,REP023,PRD08,4,2,Qualified,3251.67,OK,20250911,
OPP05861,REP008,PRD14,3,2,Closed Won,221.83,OK,20260415,20260518
OPP05862,REP038,PRD10,5,1,Qualified,36.07,OK,20251003,
OPP05863,REP039,PRD02,1,5,Closed Won,25.59,OK,20250714,20260826
OPP05864,REP035,PRD11,3,3,Qualified,1882.63,OK,20260606,
OPP05865,REP021,PRD09,2,3,Proposal,268.82,OK,20260621,
OPP05866,REP019,PRD13,1,2,Closed Won,72.61,OK,20260722,20260727
OPP05867,REP008,PRD11,3,3,Lead,108.25,OK,20251225,
OPP05868,REP033,PRD03,4,4,Lead,369.1,OK,20251208,
OPP05869,REP020,PRD13,4,5,Qualified,271.64,OK,20251129,
OPP05870,REP016,PRD13,2,1,Lead,86.45,OK,20260126,
OPP05871,REP002,PRD01,5,1,Qualified,20.27,OK,20260212,
OPP05872,REP008,PRD03,3,2,Closed Lost,334.54,OK,20260722,20260809
OPP05873,REP014,PRD06,2,3,Qualified,151.15,OK,20251013,
OPP05874,REP011,PRD06,4,1,Qualified,234.22,OK,20260604,
OPP05875,REP024,PRD04,1,4,Proposal,24.39,OK,20251211,
OPP05876,REP004,PRD13,5,4,Lead,285.59,OK,20251218,
OPP05877,REP034,PRD09,1,4,Lead,245.83,OK,20260208,
OPP05878,REP038,PRD11,5,4,Proposal,9568.38,OK,20251128,
OPP05879,REP039,PRD11,1,1,Qualified,926.35,OK,20260524,
OPP05880,REP020,PRD09,4,4,Closed Lost,54.85,OK,20251121,20260428
OPP05881,REP036,PRD15,5,5,Proposal,2904.86,OK,20251025,
OPP05882,REP027,PRD01,3,3,Proposal,7.08,OK,20250726,
OPP05883,REP037,PRD15,3,2,Lead,495.84,OK,20260214,
OPP05884,REP020,PRD15,4,2,Proposal,815.99,OK,20260123,
OPP05885,REP030,PRD10,4,2,Lead,74.02,OK,20260102,
OPP05886,REP019,PRD03,1,1,Qualified,427.51,OK,20260619,
OPP05887,REP034,PRD10,1,1,Lead,62.94,OK,20260112,
OPP05888,REP005,PRD12,5,5,Closed Lost,63.02,OK,20260417,20260808
OPP05889,REP032,PRD11,4,1,Closed Lost,1494.04,OK,20260624,20260702
OPP05890,REP001,PRD09,4,2,Lead,423.24,OK,20250712,
OPP05891,REP016,PRD10,2,2,Lead,41.26,OK,20260703,
OPP05892,REP005,PRD15,5,3,Qualified,640.16,OK,20251015,
OPP05893,REP038,PRD08,5,1,Lead,6066.72,OK,20260312,
OPP05894,REP004,PRD07,5,5,Lead,65.28,OK,20260508,
OPP05895,REP011,PRD14,4,1,Lead,82.33,OK,20251215,
OPP05896,REP005,PRD03,5,1,Proposal,1529.47,OK,20260427,
OPP05897,REP016,PRD15,2,1,Lead,1747.88,OK,20260528,
OPP05898,REP019,PRD08,1,3,Qualified,3301.07,OK,20260119,
OPP05899,REP026,PRD09,3,3,Proposal,290.88,OK,20250829,
OPP05900,REP001,PRD08,4,2,Lead,0.0,REVIEW,20250916,
OPP05901,REP004,PRD06,5,3,Lead,13.7,OK,20250818,
OPP05902,REP020,PRD12,4,5,Lead,503.81,OK,20250813,
OPP05903,REP019,PRD13,1,2,Lead,220.16,OK,20260319,
OPP05904,REP026,PRD02,3,5,Proposal,283.54,OK,20260102,
OPP05905,REP004,PRD10,5,1,Closed Lost,105.4,OK,20260704,20260807
OPP05906,REP017,PRD07,4,1,Closed Lost,155.97,OK,20250808,20250812
OPP05907,REP033,PRD14,4,2,Qualified,69.33,OK,20260117,
OPP05908,REP031,PRD07,3,2,Lead,260.57,OK,20260730,
OPP05909,REP036,PRD05,5,1,Proposal,480.26,OK,20260425,
OPP05910,REP036,PRD03,5,4,Lead,747.89,OK,20260223,
OPP05911,REP015,PRD12,4,2,Lead,217.3,OK,20260506,
OPP05912,REP025,PRD07,1,1,Proposal,17.67,OK,20260418,
OPP05913,REP019,PRD15,1,1,Qualified,1084.05,OK,20251014,
OPP05914,REP008,PRD08,3,2,Qualified,2266.3,OK,20250804,
OPP05915,REP040,PRD15,2,2,Lead,1798.93,OK,20251120,
OPP05916,REP038,PRD10,5,2,Lead,63.54,OK,20260122,
OPP05917,REP039,PRD13,1,3,Closed Won,323.82,OK,20251112,20260526
OPP05918,REP030,PRD10,4,1,Closed Won,21.89,OK,20260721,20260806
OPP05919,REP012,PRD15,3,2,Qualified,1008.67,OK,20260702,
OPP05920,REP001,PRD05,4,4,Closed Lost,455.53,OK,20251014,20251117
OPP05921,REP003,PRD14,3,3,Closed Won,134.92,OK,20260307,20260722
OPP05922,REP011,PRD08,4,1,Proposal,3760.06,OK,20260819,
OPP05923,REP018,PRD11,5,1,Qualified,1651.93,OK,20260605,
OPP05924,REP010,PRD11,5,5,Lead,724.78,OK,20251022,
OPP05925,REP015,PRD03,4,2,Lead,712.1,OK,20260122,
OPP05926,REP004,PRD13,5,1,Lead,112.45,OK,20251002,
OPP05927,REP028,PRD15,2,2,Qualified,857.08,OK,20260304,
OPP05928,REP010,PRD01,5,1,Lead,90.45,OK,20250807,
OPP05929,REP036,PRD07,5,2,Lead,32.09,OK,20251011,
OPP05930,REP005,PRD14,5,2,Lead,109.17,OK,20260726,
OPP05931,REP015,PRD07,4,1,Qualified,81.08,OK,20260207,
OPP05932,REP005,PRD10,5,2,Qualified,92.25,OK,20260410,
OPP05933,REP015,PRD08,4,3,Qualified,3316.08,OK,20260603,
OPP05934,REP027,PRD13,3,2,Qualified,295.42,OK,20260208,
OPP05935,REP039,PRD09,1,2,Closed Won,424.79,OK,20260124,20260506
OPP05936,REP040,PRD06,2,1,Lead,770.51,OK,20260809,
OPP05937,REP040,PRD12,2,2,Closed Won,193.48,OK,20260304,20260527
OPP05938,REP007,PRD05,3,2,Proposal,1979.47,OK,20251109,
OPP05939,REP009,PRD05,3,5,Lead,1163.45,OK,20260306,
OPP05940,REP003,PRD12,3,3,Lead,147.88,OK,20260720,
OPP05941,REP017,PRD09,4,2,Closed Won,725.88,OK,20251029,20260601
OPP05942,REP028,PRD14,2,3,Qualified,204.4,OK,20260610,
OPP05943,REP038,PRD08,5,2,Qualified,6862.04,OK,20250814,
OPP05944,REP019,PRD15,1,3,Qualified,184.7,OK,20251127,
OPP05945,REP037,PRD02,3,4,Closed Won,58.6,OK,20251027,20251117
OPP05946,REP033,PRD11,4,3,Qualified,2155.36,OK,20251229,
OPP05947,REP003,PRD07,3,2,Closed Lost,31.87,OK,20251123,20251206
OPP05948,REP035,PRD07,3,1,Lead,79.8,OK,20260704,
OPP05949,REP001,PRD10,4,5,Lead,49.81,OK,20260122,
OPP05950,REP037,PRD06,3,2,Closed Won,283.14,OK,20251108,20260809
OPP05951,REP026,PRD10,3,2,Qualified,10.19,OK,20260701,
OPP05952,REP023,PRD02,4,1,Lead,195.25,OK,20260607,
OPP05953,REP014,PRD12,2,4,Qualified,126.27,OK,20251002,
OPP05954,REP016,PRD07,2,4,Lead,218.11,OK,20260723,
OPP05955,REP016,PRD12,2,1,Qualified,386.25,OK,20250804,
OPP05956,REP009,PRD11,3,2,Proposal,300.06,OK,20260611,
OPP05957,REP006,PRD11,2,4,Qualified,1496.52,OK,20260406,
OPP05958,REP040,PRD03,2,4,Lead,904.7,OK,20260715,
OPP05959,REP029,PRD06,4,5,Qualified,144.23,OK,20260624,
OPP05960,REP003,PRD09,3,1,Closed Lost,565.82,OK,20260721,20260726
OPP05961,REP027,PRD02,3,2,Qualified,230.77,OK,20251026,
OPP05962,REP020,PRD08,4,3,Lead,4068.64,OK,20251008,
OPP05963,REP017,PRD01,4,2,Proposal,57.46,OK,20260401,
OPP05964,REP039,PRD07,1,2,Qualified,247.58,OK,20250914,
OPP05965,REP033,PRD09,4,3,Proposal,180.06,OK,20251209,
OPP05966,REP015,PRD03,4,2,Closed Won,644.23,OK,20260209,20260420
OPP05967,REP011,PRD01,4,2,Qualified,63.43,OK,20251111,
OPP05968,REP035,PRD14,3,2,Proposal,174.96,OK,20260803,
OPP05969,REP001,PRD10,4,4,Lead,54.1,OK,20260131,
OPP05970,REP034,PRD03,1,1,Qualified,1093.79,OK,20251215,
OPP05971,REP022,PRD08,5,1,Qualified,711.14,OK,20250707,
OPP05972,REP008,PRD04,3,2,Closed Lost,116.58,OK,20260816,20260829
OPP05973,REP025,PRD02,1,1,Closed Won,170.86,OK,20251121,20260501
OPP05974,REP007,PRD03,3,2,Closed Won,1061.13,OK,20250901,20251205
OPP05975,REP025,PRD13,1,2,Lead,148.5,OK,20260725,
OPP05976,REP016,PRD02,2,2,Lead,165.46,OK,20250915,
OPP05977,REP011,PRD15,4,4,Proposal,1729.75,OK,20260316,
OPP05978,REP037,PRD09,3,5,Closed Won,134.54,OK,20250724,20260301
OPP05979,REP028,PRD11,2,4,Proposal,1542.33,OK,20251006,
OPP05980,REP004,PRD10,5,4,Closed Lost,103.71,OK,20260506,20260717
OPP05981,REP039,PRD12,1,1,Proposal,60.18,OK,20250924,
OPP05982,REP008,PRD01,3,1,Qualified,35.95,OK,20260312,
OPP05983,REP020,PRD12,4,2,Lead,96.67,OK,20251031,
OPP05984,REP013,PRD14,5,4,Lead,148.13,OK,20250726,
OPP05985,REP031,PRD09,3,1,Lead,78.38,OK,20250904,
OPP05986,REP005,PRD14,5,2,Lead,81.95,OK,20260626,
OPP05987,REP016,PRD08,2,5,Lead,4820.28,OK,20260711,
OPP05988,REP021,PRD05,2,1,Proposal,783.42,OK,20260621,
OPP05989,REP010,PRD02,5,4,Qualified,49.05,OK,20260129,
OPP05990,REP014,PRD12,2,3,Closed Won,488.83,OK,20250708,20260320
OPP05991,REP021,PRD13,2,1,Lead,124.2,OK,20250807,
OPP05992,REP006,PRD03,2,2,Proposal,625.14,OK,20260620,
OPP05993,REP015,PRD15,4,5,Qualified,772.48,OK,20260313,
OPP05994,REP023,PRD07,4,2,Closed Lost,71.51,OK,20251012,20260102
OPP05995,REP035,PRD14,3,5,Lead,174.19,OK,20250810,
OPP05996,REP013,PRD12,5,4,Lead,207.67,OK,20260208,
OPP05997,REP035,PRD07,3,1,Closed Won,116.92,OK,20260312,20260813
OPP05998,REP011,PRD10,4,1,Lead,25.32,OK,20250816,
OPP05999,REP007,PRD11,3,2,Qualified,1205.21,OK,20250827,
OPP06000,REP011,PRD15,4,1,Closed Lost,1031.5,OK,20260901,20260902
OPP06001,REP025,PRD05,1,1,Qualified,2529.63,OK,20260426,
OPP06002,REP027,PRD02,3,5,Lead,53.58,OK,20250913,
OPP06003,REP008,PRD02,3,5,Closed Lost,163.78,OK,20260509,20260627
OPP06004,REP005,PRD14,5,1,Lead,40.26,OK,20251119,
OPP06005,REP025,PRD03,1,1,Qualified,354.81,OK,20260106,
OPP06006,REP033,PRD01,4,5,Lead,36.79,OK,20260509,
OPP06007,REP023,PRD04,4,2,Lead,39.22,OK,20250911,
OPP06008,REP039,PRD06,1,1,Lead,501.64,REVIEW,20250719,
OPP06009,REP029,PRD13,4,2,Proposal,111.94,OK,20251212,
OPP06010,REP023,PRD10,4,1,Closed Won,48.45,OK,20251107,20260406
OPP06011,REP040,PRD03,2,2,Closed Won,577.16,OK,20260512,20260706
OPP06012,REP016,PRD11,2,5,Proposal,646.58,OK,20251031,
OPP06013,REP037,PRD14,3,1,Proposal,95.01,OK,20251005,
OPP06014,REP014,PRD01,2,1,Lead,66.36,OK,20260220,
OPP06015,REP034,PRD08,1,4,Proposal,725.05,OK,20260720,
OPP06016,REP015,PRD01,4,1,Lead,107.22,OK,20260604,
OPP06017,REP034,PRD07,1,1,Lead,16.6,OK,20260301,
OPP06018,REP015,PRD02,4,4,Qualified,242.56,OK,20251013,
OPP06019,REP029,PRD12,4,1,Proposal,431.15,OK,20260408,
OPP06020,REP009,PRD04,3,4,Closed Lost,31.98,OK,20250916,20260805
OPP06021,REP015,PRD14,4,1,Qualified,194.92,OK,20260415,
OPP06022,REP005,PRD12,5,1,Qualified,14.36,OK,20260806,
OPP06023,REP008,PRD11,3,5,Lead,3293.19,OK,20251206,
OPP06024,REP016,PRD01,2,1,Lead,47.53,OK,20260719,
OPP06025,REP034,PRD11,1,4,Closed Lost,749.29,OK,20260614,20260721
OPP06026,REP034,PRD14,1,4,Closed Lost,44.81,OK,20260709,20260804
OPP06027,REP017,PRD07,4,4,Qualified,32.54,OK,20260528,
OPP06028,REP030,PRD04,4,2,Proposal,36.82,OK,20250912,
OPP06029,REP037,PRD03,3,3,Lead,469.65,OK,20260528,
OPP06030,REP034,PRD11,1,2,Qualified,1324.9,OK,20260416,
OPP06031,REP039,PRD04,1,4,Qualified,199.07,OK,20251125,
OPP06032,REP014,PRD13,2,2,Qualified,353.7,OK,20260606,
OPP06033,REP016,PRD10,2,1,Closed Lost,0.0,REVIEW,20260530,20260608
OPP06034,REP023,PRD15,4,3,Qualified,1153.36,OK,20250804,
OPP06035,REP032,PRD01,4,2,Qualified,138.27,OK,20260806,
OPP06036,REP018,PRD14,5,2,Lead,13.69,OK,20260326,
OPP06037,REP011,PRD01,4,4,Qualified,37.49,OK,20260629,
OPP06038,REP029,PRD06,4,5,Qualified,48.77,OK,20251225,
OPP06039,REP009,PRD11,3,1,Lead,2057.71,OK,20251101,
OPP06040,REP002,PRD02,5,2,Lead,270.27,OK,20260723,
OPP06041,REP033,PRD11,4,1,Qualified,524.15,OK,20260817,
OPP06042,REP028,PRD13,2,1,Lead,145.52,OK,20260815,
OPP06043,REP026,PRD11,3,4,Proposal,557.39,OK,20250907,
OPP06044,REP017,PRD06,4,2,Proposal,526.11,OK,20260214,
OPP06045,REP016,PRD15,2,1,Lead,545.58,OK,20260702,
OPP06046,REP028,PRD13,2,5,Proposal,150.25,OK,20260608,
OPP06047,REP030,PRD08,4,2,Lead,4277.42,OK,20250903,
OPP06048,REP020,PRD08,4,3,Qualified,1241.74,OK,20260709,
OPP06049,REP024,PRD08,1,5,Lead,1782.83,OK,20260222,
OPP06050,REP035,PRD13,3,5,Lead,179.19,OK,20251027,
OPP06051,REP016,PRD07,2,4,Lead,91.36,OK,20251011,
OPP06052,REP017,PRD12,4,1,Lead,439.47,OK,20260222,
OPP06053,REP028,PRD14,2,4,Proposal,73.48,OK,20260113,
OPP06054,REP003,PRD04,3,2,Proposal,42.67,OK,20260814,
OPP06055,REP012,PRD13,3,1,Lead,205.21,OK,20260601,
OPP06056,REP022,PRD02,5,2,Qualified,89.01,OK,20260218,
OPP06057,REP004,PRD11,5,5,Closed Won,524.97,OK,20250810,20251008
OPP06058,REP022,PRD02,5,1,Lead,92.59,OK,20250808,
OPP06059,REP019,PRD09,1,1,Lead,175.91,OK,20260806,
OPP06060,REP008,PRD04,3,3,Lead,163.46,OK,20250925,
OPP06061,REP007,PRD09,3,2,Qualified,239.22,OK,20260804,
OPP06062,REP018,PRD08,5,2,Lead,3109.46,OK,20260530,
OPP06063,REP028,PRD05,2,2,Qualified,1477.68,OK,20260520,
OPP06064,REP029,PRD08,4,1,Lead,1280.9,OK,20250915,
OPP06065,REP034,PRD14,1,2,Lead,95.61,OK,20260629,
OPP06066,REP002,PRD09,5,3,Proposal,487.97,OK,20260116,
OPP06067,REP009,PRD07,3,3,Qualified,100.73,OK,20260406,
OPP06068,REP023,PRD15,4,2,Lead,1007.32,OK,20260117,
OPP06069,REP023,PRD09,4,2,Closed Lost,455.44,OK,20250905,20260630
OPP06070,REP036,PRD09,5,1,Lead,280.29,OK,20260730,
OPP06071,REP022,PRD06,5,1,Closed Lost,71.74,OK,20250716,20251012
OPP06072,REP003,PRD14,3,2,Qualified,91.05,OK,20260628,
OPP06073,REP029,PRD01,4,2,Proposal,73.82,OK,20251120,
OPP06074,REP025,PRD15,1,1,Lead,1050.31,OK,20251122,
OPP06075,REP011,PRD07,4,4,Proposal,320.75,OK,20260505,
OPP06076,REP015,PRD08,4,1,Qualified,1308.44,OK,20250808,
OPP06077,REP019,PRD12,1,1,Lead,108.04,OK,20250906,
OPP06078,REP037,PRD03,3,2,Lead,947.96,OK,20260523,
OPP06079,REP032,PRD07,4,1,Lead,18.34,OK,20260220,
OPP06080,REP029,PRD07,4,5,Proposal,32.37,OK,20260304,
OPP06081,REP031,PRD10,3,5,Proposal,104.9,OK,20260622,
OPP06082,REP031,PRD03,3,5,Closed Won,80.8,OK,20260618,20260817
OPP06083,REP026,PRD03,3,1,Qualified,580.42,OK,20260125,
OPP06084,REP022,PRD10,5,5,Qualified,97.89,OK,20260326,
OPP06085,REP008,PRD15,3,4,Proposal,1111.11,OK,20251126,
OPP06086,REP007,PRD11,3,1,Proposal,81.79,OK,20251214,
OPP06087,REP032,PRD13,4,4,Lead,222.39,OK,20251124,
OPP06088,REP022,PRD02,5,2,Proposal,290.66,OK,20250902,
OPP06089,REP009,PRD06,3,3,Closed Won,34.79,OK,20260121,20260303
OPP06090,REP033,PRD02,4,2,Closed Lost,21.7,OK,20260605,20260726
OPP06091,REP009,PRD10,3,4,Lead,94.66,OK,20250717,
OPP06092,REP016,PRD06,2,2,Closed Lost,228.47,OK,20250708,20260510
OPP06093,REP030,PRD11,4,1,Qualified,1002.6,OK,20251002,
OPP06094,REP011,PRD13,4,1,Closed Won,258.52,OK,20250714,20251124
OPP06095,REP033,PRD09,4,5,Qualified,134.52,OK,20260709,
OPP06096,REP034,PRD05,1,5,Qualified,932.38,OK,20260626,
OPP06097,REP011,PRD01,4,4,Qualified,19.93,OK,20260514,
OPP06098,REP036,PRD07,5,2,Proposal,74.81,OK,20260717,
OPP06099,REP020,PRD05,4,1,Qualified,745.63,OK,20260224,
OPP06100,REP025,PRD02,1,1,Proposal,195.4,OK,20260410,
OPP06101,REP006,PRD12,2,1,Proposal,794.1,OK,20260506,
OPP06102,REP034,PRD12,1,2,Closed Lost,158.95,OK,20260224,20260313
OPP06103,REP009,PRD02,3,2,Lead,121.45,OK,20251009,
OPP06104,REP007,PRD02,3,3,Qualified,117.24,OK,20251016,
OPP06105,REP012,PRD10,3,2,Lead,61.1,OK,20250714,
OPP06106,REP032,PRD08,4,5,Closed Won,921.45,OK,20251129,20260111
OPP06107,REP036,PRD02,5,4,Lead,282.54,OK,20250716,
OPP06108,REP006,PRD02,2,1,Closed Lost,129.38,OK,20251127,20251207
OPP06109,REP021,PRD08,2,5,Qualified,440.74,OK,20251213,
OPP06110,REP039,PRD14,1,1,Closed Lost,195.69,OK,20260712,20260726
OPP06111,REP017,PRD09,4,2,Closed Lost,428.82,OK,20260107,20260625
OPP06112,REP032,PRD12,4,2,Qualified,179.23,OK,20260826,
OPP06113,REP021,PRD02,2,1,Lead,97.43,OK,20251129,
OPP06114,REP008,PRD05,3,1,Lead,718.67,OK,20250908,
OPP06115,REP031,PRD12,3,1,Qualified,120.41,OK,20260222,
OPP06116,REP012,PRD05,3,1,Lead,1131.93,OK,20260628,
OPP06117,REP024,PRD06,1,3,Lead,768.72,OK,20251027,
OPP06118,REP026,PRD12,3,3,Lead,49.21,OK,20260707,
OPP06119,REP019,PRD08,1,2,Proposal,1905.07,OK,20260527,
OPP06120,REP007,PRD13,3,4,Qualified,57.26,OK,20250720,
OPP06121,REP014,PRD06,2,2,Qualified,339.99,OK,20251002,
OPP06122,REP019,PRD02,1,4,Lead,268.88,OK,20251110,
OPP06123,REP014,PRD02,2,4,Lead,109.12,OK,20251030,
OPP06124,REP035,PRD07,3,4,Qualified,84.33,OK,20260614,
OPP06125,REP038,PRD15,5,3,Closed Lost,1777.69,OK,20260715,20260829
OPP06126,REP033,PRD10,4,3,Qualified,75.37,OK,20250719,
OPP06127,REP005,PRD14,5,2,Closed Won,26.07,OK,20260618,20260813
OPP06128,REP006,PRD07,2,2,Lead,81.69,OK,20260108,
OPP06129,REP021,PRD08,2,1,Lead,711.16,OK,20251207,
OPP06130,REP012,PRD03,3,2,Qualified,602.83,OK,20260218,
OPP06131,REP030,PRD02,4,2,Qualified,83.39,OK,20260504,
OPP06132,REP018,PRD09,5,4,Qualified,371.38,OK,20250812,
OPP06133,REP030,PRD02,4,2,Qualified,85.37,OK,20260320,
OPP06134,REP021,PRD14,2,3,Qualified,93.44,OK,20250710,
OPP06135,REP005,PRD09,5,3,Proposal,286.0,OK,20250921,
OPP06136,REP037,PRD09,3,1,Closed Won,452.93,OK,20260604,20260714
OPP06137,REP029,PRD03,4,1,Closed Lost,1010.25,OK,20260724,20260828
OPP06138,REP027,PRD13,3,3,Proposal,32.48,OK,20260214,
OPP06139,REP019,PRD04,1,2,Lead,45.31,OK,20250801,
OPP06140,REP016,PRD01,2,2,Lead,4.27,OK,20260717,
OPP06141,REP030,PRD06,4,4,Lead,337.3,OK,20260510,
OPP06142,REP010,PRD02,5,1,Lead,140.68,OK,20260716,
OPP06143,REP025,PRD05,1,1,Qualified,1770.38,OK,20260806,
OPP06144,REP035,PRD02,3,2,Proposal,101.6,OK,20260717,
OPP06145,REP025,PRD13,1,2,Proposal,80.62,OK,20251231,
OPP06146,REP001,PRD08,4,5,Lead,4986.72,OK,20250820,
OPP06147,REP019,PRD07,1,4,Closed Lost,72.35,OK,20260818,20260818
OPP06148,REP020,PRD04,4,3,Lead,108.5,OK,20260527,
OPP06149,REP003,PRD03,3,2,Proposal,207.55,OK,20260306,
OPP06150,REP022,PRD14,5,1,Lead,90.93,OK,20250822,
OPP06151,REP001,PRD08,4,3,Closed Won,2034.42,OK,20260128,20260709
OPP06152,REP015,PRD11,4,4,Lead,4290.17,OK,20260706,
OPP06153,REP028,PRD09,2,1,Qualified,1013.72,OK,20251002,
OPP06154,REP011,PRD07,4,1,Lead,126.43,OK,20260723,
OPP06155,REP025,PRD09,1,1,Lead,176.91,OK,20260330,
OPP06156,REP035,PRD10,3,2,Closed Won,35.63,OK,20260617,20260823
OPP06157,REP017,PRD14,4,2,Closed Won,320.42,OK,20260607,20260609
OPP06158,REP023,PRD01,4,3,Lead,38.85,OK,20251106,
OPP06159,REP027,PRD12,3,2,Proposal,218.8,OK,20260212,
OPP06160,REP038,PRD15,5,3,Closed Won,1020.65,REVIEW,20251130,20260531
OPP06161,REP004,PRD12,5,1,Lead,311.52,OK,20260328,
OPP06162,REP022,PRD09,5,1,Closed Won,379.49,OK,20260609,20260701
OPP06163,REP012,PRD07,3,5,Lead,94.67,OK,20260802,
OPP06164,REP018,PRD06,5,2,Proposal,508.72,OK,20251221,
OPP06165,REP026,PRD02,3,1,Qualified,181.26,OK,20260324,
OPP06166,REP016,PRD11,2,4,Proposal,2092.3,OK,20260702,
OPP06167,REP017,PRD14,4,4,Qualified,144.31,OK,20251013,
OPP06168,REP019,PRD08,1,1,Closed Won,264.47,OK,20260216,20260717
OPP06169,REP007,PRD03,3,1,Proposal,576.61,OK,20260523,
OPP06170,REP007,PRD08,3,1,Lead,2340.96,OK,20260409,
OPP06171,REP020,PRD04,4,1,Proposal,122.47,OK,20260705,
OPP06172,REP026,PRD04,3,5,Closed Lost,60.32,OK,20251106,20260705
OPP06173,REP024,PRD06,1,2,Lead,36.85,OK,20251211,
OPP06174,REP010,PRD11,5,2,Closed Lost,4431.73,OK,20260208,20260313
OPP06175,REP006,PRD07,2,2,Qualified,47.81,OK,20260714,
OPP06176,REP033,PRD10,4,1,Lead,129.54,OK,20251012,
OPP06177,REP040,PRD12,2,1,Proposal,71.47,OK,20251115,
OPP06178,REP029,PRD01,4,5,Closed Won,63.06,OK,20251205,20260203
OPP06179,REP002,PRD10,5,3,Closed Lost,21.1,OK,20260721,20260725
OPP06180,REP002,PRD05,5,5,Closed Won,126.49,OK,20260523,20260826
OPP06181,REP025,PRD12,1,1,Proposal,115.86,OK,20260224,
OPP06182,REP020,PRD14,4,2,Lead,44.62,OK,20260102,
OPP06183,REP028,PRD01,2,5,Qualified,31.84,OK,20251213,
OPP06184,REP005,PRD10,5,2,Lead,64.71,OK,20250809,
OPP06185,REP015,PRD07,4,2,Qualified,59.71,OK,20250718,
OPP06186,REP002,PRD03,5,3,Proposal,444.57,OK,20260408,
OPP06187,REP003,PRD02,3,2,Qualified,100.54,OK,20260122,
OPP06188,REP011,PRD09,4,3,Lead,356.29,OK,20260407,
OPP06189,REP018,PRD15,5,2,Qualified,1876.21,OK,20251104,
OPP06190,REP021,PRD02,2,2,Lead,124.4,OK,20251116,
OPP06191,REP011,PRD03,4,2,Lead,662.34,OK,20260730,
OPP06192,REP020,PRD11,4,2,Qualified,784.6,OK,20250728,
OPP06193,REP030,PRD03,4,2,Lead,668.84,OK,20250822,
OPP06194,REP034,PRD05,1,4,Lead,1705.96,OK,20260323,
OPP06195,REP029,PRD12,4,2,Closed Lost,86.53,OK,20260603,20260614
OPP06196,REP008,PRD02,3,1,Lead,122.18,OK,20251227,
OPP06197,REP033,PRD13,4,2,Lead,56.62,OK,20251005,
OPP06198,REP018,PRD13,5,5,Closed Lost,338.68,OK,20251225,20260701
OPP06199,REP028,PRD04,2,3,Proposal,8.74,OK,20260120,
OPP06200,REP034,PRD06,1,2,Lead,176.12,OK,20260325,
OPP06201,REP005,PRD13,5,1,Lead,67.32,OK,20260405,
OPP06202,REP004,PRD10,5,1,Qualified,35.53,OK,20250809,
OPP06203,REP032,PRD12,4,2,Lead,366.35,OK,20260127,
OPP06204,REP009,PRD02,3,2,Qualified,133.53,OK,20251029,
OPP06205,REP004,PRD11,5,4,Lead,1842.01,OK,20260808,
OPP06206,REP012,PRD08,3,3,Lead,2938.87,OK,20250922,
OPP06207,REP020,PRD01,4,2,Proposal,23.36,OK,20250812,
OPP06208,REP022,PRD07,5,2,Qualified,129.65,OK,20260609,
OPP06209,REP035,PRD04,3,3,Proposal,125.6,OK,20260624,
OPP06210,REP038,PRD06,5,1,Proposal,72.34,OK,20250928,
OPP06211,REP039,PRD14,1,5,Qualified,22.68,OK,20250924,
OPP06212,REP028,PRD13,2,1,Closed Lost,149.07,OK,20250921,20260806
OPP06213,REP007,PRD02,3,2,Closed Won,267.07,OK,20250805,20251025
OPP06214,REP038,PRD12,5,5,Proposal,290.31,OK,20251110,
OPP06215,REP021,PRD06,2,1,Proposal,704.87,OK,20251003,
OPP06216,REP009,PRD12,3,3,Closed Won,171.87,OK,20251210,20260429
OPP06217,REP005,PRD13,5,5,Qualified,41.04,OK,20251102,
OPP06218,REP018,PRD02,5,3,Lead,118.97,OK,20260215,
OPP06219,REP034,PRD15,1,2,Proposal,2429.69,OK,20260611,
OPP06220,REP015,PRD07,4,1,Lead,121.85,OK,20260731,
OPP06221,REP007,PRD12,3,2,Closed Won,350.54,OK,20260726,20260830
OPP06222,REP019,PRD04,1,2,Lead,19.45,OK,20250919,
OPP06223,REP028,PRD05,2,1,Lead,124.6,OK,20251031,
OPP06224,REP040,PRD02,2,4,Closed Lost,103.05,OK,20260412,20260615
OPP06225,REP039,PRD15,1,2,Closed Won,381.15,OK,20251019,20251205
OPP06226,REP030,PRD07,4,4,Qualified,309.71,OK,20251207,
OPP06227,REP021,PRD08,2,1,Lead,2758.3,OK,20260610,
OPP06228,REP009,PRD02,3,1,Qualified,197.32,OK,20260522,
OPP06229,REP031,PRD03,3,5,Qualified,53.34,OK,20250709,
OPP06230,REP012,PRD12,3,3,Closed Lost,219.2,OK,20260110,20260712
OPP06231,REP035,PRD13,3,1,Qualified,243.38,OK,20260326,
OPP06232,REP002,PRD01,5,5,Closed Won,35.68,OK,20260211,20260826
OPP06233,REP040,PRD05,2,1,Qualified,1182.37,OK,20251114,
OPP06234,REP031,PRD11,3,2,Closed Won,2193.73,OK,20250908,20251220
OPP06235,REP012,PRD11,3,2,Proposal,1689.05,OK,20260419,
OPP06236,REP011,PRD10,4,5,Qualified,24.68,OK,20260522,
OPP06237,REP013,PRD01,5,3,Proposal,81.05,OK,20260410,
OPP06238,REP009,PRD14,3,3,Lead,83.86,OK,20260110,
OPP06239,REP014,PRD01,2,2,Closed Lost,1.91,OK,20251029,20260817
OPP06240,REP028,PRD07,2,4,Lead,212.3,OK,20260819,
OPP06241,REP013,PRD09,5,4,Closed Lost,361.41,OK,20260527,20260710
OPP06242,REP037,PRD13,3,2,Lead,263.67,OK,20251019,
OPP06243,REP003,PRD08,3,3,Lead,5614.01,OK,20260602,
OPP06244,REP005,PRD11,5,1,Lead,5225.1,OK,20260521,
OPP06245,REP038,PRD01,5,1,Lead,5.41,OK,20260517,
OPP06246,REP032,PRD07,4,4,Lead,56.08,OK,20260625,
OPP06247,REP014,PRD10,2,5,Lead,20.66,OK,20260808,
OPP06248,REP007,PRD11,3,3,Closed Lost,757.38,OK,20260410,20260415
OPP06249,REP030,PRD14,4,2,Lead,39.54,OK,20260612,
OPP06250,REP030,PRD13,4,2,Qualified,34.03,OK,20251025,
OPP06251,REP035,PRD04,3,2,Proposal,33.64,OK,20250711,
OPP06252,REP032,PRD05,4,1,Closed Lost,530.23,OK,20260809,20260812
OPP06253,REP012,PRD08,3,3,Proposal,2924.92,OK,20250907,
OPP06254,REP035,PRD07,3,5,Lead,26.8,OK,20260323,
OPP06255,REP011,PRD04,4,3,Qualified,49.65,OK,20260305,
OPP06256,REP015,PRD05,4,1,Lead,1241.47,OK,20260511,
OPP06257,REP010,PRD12,5,1,Lead,267.98,OK,20251108,
OPP06258,REP003,PRD10,3,1,Lead,40.8,OK,20260606,
OPP06259,REP040,PRD02,2,2,Closed Won,96.84,OK,20250820,20260119
OPP06260,REP025,PRD05,1,2,Proposal,51.85,OK,20250801,
OPP06261,REP011,PRD07,4,2,Qualified,71.46,OK,20251029,
OPP06262,REP021,PRD13,2,5,Qualified,183.92,OK,20250817,
OPP06263,REP033,PRD11,4,1,Qualified,4275.08,OK,20260811,
OPP06264,REP026,PRD02,3,5,Proposal,198.23,OK,20260218,
OPP06265,REP040,PRD13,2,2,Qualified,163.71,OK,20260525,
OPP06266,REP040,PRD11,2,3,Qualified,903.58,OK,20260512,
OPP06267,REP023,PRD10,4,2,Closed Won,46.39,OK,20260225,20260715
OPP06268,REP031,PRD15,3,1,Proposal,349.29,OK,20260304,
OPP06269,REP019,PRD05,1,1,Lead,586.97,OK,20260328,
OPP06270,REP009,PRD04,3,2,Closed Lost,211.15,OK,20250710,20260212
OPP06271,REP030,PRD11,4,1,Qualified,2370.14,OK,20260817,
OPP06272,REP006,PRD10,2,4,Lead,22.14,OK,20251026,
OPP06273,REP040,PRD13,2,2,Qualified,149.22,OK,20260513,
OPP06274,REP031,PRD09,3,2,Qualified,148.05,OK,20260615,
OPP06275,REP012,PRD13,3,4,Closed Lost,60.35,OK,20251210,20260709
OPP06276,REP004,PRD09,5,1,Lead,326.78,OK,20260612,
OPP06277,REP040,PRD05,2,3,Proposal,518.71,OK,20260329,
OPP06278,REP027,PRD05,3,1,Proposal,702.89,OK,20260514,
OPP06279,REP038,PRD08,5,4,Qualified,4023.13,OK,20251204,
OPP06280,REP013,PRD11,5,4,Lead,1695.77,OK,20260223,
OPP06281,REP021,PRD10,2,3,Closed Lost,46.09,OK,20250907,20250921
OPP06282,REP017,PRD06,4,4,Lead,296.58,OK,20260825,
OPP06283,REP032,PRD05,4,1,Lead,1177.53,OK,20260320,
OPP06284,REP028,PRD06,2,4,Qualified,310.88,OK,20260502,
OPP06285,REP019,PRD06,1,1,Lead,630.95,OK,20251009,
OPP06286,REP035,PRD08,3,2,Qualified,840.54,OK,20260812,
OPP06287,REP005,PRD11,5,1,Qualified,1102.59,OK,20260828,
OPP06288,REP029,PRD04,4,2,Proposal,93.42,OK,20260209,
OPP06289,REP010,PRD03,5,5,Lead,101.51,OK,20251217,
OPP06290,REP038,PRD10,5,4,Proposal,56.93,OK,20250914,
OPP06291,REP032,PRD01,4,4,Proposal,58.05,OK,20260805,
OPP06292,REP033,PRD02,4,3,Closed Lost,104.53,OK,20260303,20260612
OPP06293,REP004,PRD12,5,1,Closed Lost,347.18,OK,20260325,20260819
OPP06294,REP002,PRD12,5,3,Proposal,230.67,OK,20251105,
OPP06295,REP033,PRD15,4,2,Lead,1227.61,OK,20250722,
OPP06296,REP038,PRD06,5,2,Proposal,263.01,OK,20250725,
OPP06297,REP036,PRD02,5,1,Proposal,148.48,OK,20260827,
OPP06298,REP001,PRD01,4,2,Proposal,22.37,OK,20260120,
OPP06299,REP018,PRD15,5,4,Closed Lost,780.64,OK,20260107,20260505
OPP06300,REP014,PRD12,2,3,Closed Won,196.62,OK,20260528,20260618
OPP06301,REP019,PRD01,1,1,Lead,36.75,OK,20250819,
OPP06302,REP017,PRD10,4,2,Qualified,72.96,OK,20260419,
OPP06303,REP034,PRD05,1,1,Lead,1545.7,OK,20260121,
OPP06304,REP004,PRD09,5,2,Closed Won,768.15,OK,20260802,20260819
OPP06305,REP029,PRD15,4,5,Qualified,1240.32,OK,20251008,
OPP06306,REP007,PRD07,3,4,Qualified,61.17,OK,20250810,
OPP06307,REP007,PRD09,3,2,Lead,27.89,OK,20251008,
OPP06308,REP032,PRD01,4,4,Lead,24.3,OK,20260617,
OPP06309,REP032,PRD04,4,2,Proposal,130.45,OK,20260220,
OPP06310,REP032,PRD08,4,2,Lead,4374.06,OK,20250708,
OPP06311,REP028,PRD06,2,1,Qualified,363.96,OK,20260620,
OPP06312,REP028,PRD14,2,2,Qualified,20.03,OK,20260324,
OPP06313,REP010,PRD13,5,1,Lead,17.69,OK,20260103,
OPP06314,REP014,PRD03,2,2,Lead,277.26,OK,20260822,
OPP06315,REP025,PRD08,1,2,Qualified,1858.91,OK,20260101,
OPP06316,REP035,PRD07,3,2,Proposal,34.47,OK,20260402,
OPP06317,REP007,PRD15,3,3,Lead,1051.22,OK,20260221,
OPP06318,REP021,PRD04,2,5,Lead,18.68,OK,20260210,
OPP06319,REP012,PRD06,3,1,Closed Won,89.87,OK,20251020,20260724
OPP06320,REP024,PRD07,1,3,Lead,101.26,OK,20260423,
OPP06321,REP031,PRD01,3,4,Lead,52.11,OK,20260811,
OPP06322,REP023,PRD10,4,5,Qualified,73.45,OK,20260112,
OPP06323,REP017,PRD09,4,1,Lead,308.42,OK,20250923,
OPP06324,REP033,PRD10,4,5,Lead,31.27,OK,20260315,
OPP06325,REP030,PRD10,4,1,Qualified,35.26,OK,20260809,
OPP06326,REP016,PRD05,2,3,Qualified,469.77,OK,20251130,
OPP06327,REP035,PRD13,3,1,Closed Lost,92.44,OK,20260410,20260707
OPP06328,REP023,PRD11,4,3,Qualified,5487.04,OK,20250918,
OPP06329,REP012,PRD14,3,4,Lead,71.88,OK,20251025,
OPP06330,REP001,PRD07,4,5,Lead,235.0,OK,20260530,
OPP06331,REP027,PRD02,3,4,Proposal,156.22,OK,20260520,
OPP06332,REP017,PRD03,4,3,Qualified,259.03,OK,20250905,
OPP06333,REP037,PRD12,3,1,Qualified,175.56,OK,20250913,
OPP06334,REP019,PRD01,1,5,Closed Won,45.93,OK,20250821,20260202
OPP06335,REP030,PRD02,4,2,Qualified,68.33,OK,20251013,
OPP06336,REP018,PRD09,5,3,Proposal,582.98,OK,20260708,
OPP06337,REP033,PRD05,4,3,Closed Won,114.91,OK,20251217,20260608
OPP06338,REP036,PRD10,5,1,Lead,68.4,OK,20250902,
OPP06339,REP024,PRD01,1,1,Qualified,202.56,OK,20260416,
OPP06340,REP004,PRD05,5,1,Closed Lost,663.33,OK,20260816,20260825
OPP06341,REP024,PRD14,1,3,Closed Lost,89.23,OK,20260811,20260829
OPP06342,REP013,PRD06,5,2,Qualified,495.47,OK,20260506,
OPP06343,REP016,PRD09,2,1,Qualified,655.47,OK,20260124,
OPP06344,REP024,PRD13,1,1,Qualified,214.46,OK,20260726,
OPP06345,REP038,PRD06,5,4,Closed Won,101.31,OK,20260528,20260821
OPP06346,REP021,PRD09,2,2,Proposal,721.76,OK,20260719,
OPP06347,REP007,PRD02,3,1,Lead,124.31,OK,20260523,
OPP06348,REP006,PRD02,2,4,Lead,120.49,OK,20251107,
OPP06349,REP001,PRD15,4,4,Proposal,1449.08,OK,20251024,
OPP06350,REP002,PRD10,5,2,Lead,68.54,OK,20260731,
OPP06351,REP022,PRD05,5,2,Lead,1780.29,OK,20251010,
OPP06352,REP023,PRD13,4,4,Qualified,79.62,OK,20260715,
OPP06353,REP034,PRD06,1,3,Qualified,418.05,OK,20260624,
OPP06354,REP003,PRD15,3,2,Lead,171.71,OK,20251012,
OPP06355,REP001,PRD02,4,5,Lead,98.45,OK,20260806,
OPP06356,REP030,PRD14,4,3,Qualified,119.29,OK,20260818,
OPP06357,REP036,PRD07,5,3,Qualified,91.58,OK,20251003,
OPP06358,REP026,PRD15,3,1,Closed Won,3300.12,OK,20251216,20260610
OPP06359,REP029,PRD04,4,2,Qualified,49.3,OK,20260706,
OPP06360,REP014,PRD02,2,1,Closed Won,74.92,OK,20250729,20251127
OPP06361,REP027,PRD12,3,1,Lead,262.38,OK,20260416,
OPP06362,REP037,PRD09,3,5,Proposal,570.15,OK,20251004,
OPP06363,REP024,PRD04,1,1,Closed Lost,78.0,OK,20260517,20260607
OPP06364,REP007,PRD03,3,5,Lead,471.86,OK,20251005,
OPP06365,REP002,PRD14,5,4,Lead,70.53,OK,20260417,
OPP06366,REP031,PRD05,3,3,Closed Won,1220.46,OK,20260213,20260228
OPP06367,REP006,PRD14,2,2,Qualified,77.39,OK,20260814,
OPP06368,REP001,PRD03,4,2,Qualified,192.22,OK,20251031,
OPP06369,REP030,PRD11,4,2,Proposal,3762.47,OK,20251003,
OPP06370,REP023,PRD14,4,2,Proposal,217.2,OK,20260418,
OPP06371,REP019,PRD02,1,2,Closed Lost,172.65,OK,20260225,20260508
OPP06372,REP002,PRD08,5,2,Qualified,880.74,OK,20260224,
OPP06373,REP035,PRD13,3,2,Lead,98.58,OK,20260217,
OPP06374,REP028,PRD12,2,5,Closed Won,223.14,OK,20260716,20260718
OPP06375,REP021,PRD04,2,2,Closed Lost,154.97,OK,20251022,20251216
OPP06376,REP016,PRD06,2,2,Lead,371.71,OK,20260527,
OPP06377,REP022,PRD12,5,5,Qualified,257.25,OK,20250810,
OPP06378,REP034,PRD11,1,4,Qualified,1521.98,OK,20260226,
OPP06379,REP037,PRD14,3,1,Lead,24.59,OK,20260209,
OPP06380,REP006,PRD01,2,2,Proposal,4.62,OK,20251218,
OPP06381,REP032,PRD12,4,3,Qualified,89.93,OK,20251123,
OPP06382,REP016,PRD11,2,3,Lead,1926.86,OK,20260718,
OPP06383,REP023,PRD12,4,1,Closed Lost,14.54,OK,20250705,20251008
OPP06384,REP019,PRD08,1,4,Lead,4491.39,OK,20260331,
OPP06385,REP008,PRD11,3,1,Proposal,3853.48,OK,20250825,
OPP06386,REP035,PRD01,3,2,Lead,41.89,OK,20250807,
OPP06387,REP001,PRD15,4,3,Closed Lost,205.19,OK,20260524,20260825
OPP06388,REP039,PRD04,1,2,Closed Won,137.76,OK,20260301,20260618
OPP06389,REP026,PRD14,3,1,Closed Lost,95.79,OK,20260620,20260722
OPP06390,REP020,PRD02,4,2,Lead,190.32,OK,20260423,
OPP06391,REP033,PRD11,4,4,Closed Lost,1676.35,OK,20260708,20260720
OPP06392,REP009,PRD01,3,2,Lead,132.46,OK,20251019,
OPP06393,REP004,PRD09,5,4,Lead,169.3,OK,20260731,
OPP06394,REP037,PRD15,3,2,Proposal,1352.89,OK,20260627,
OPP06395,REP012,PRD14,3,2,Lead,317.98,OK,20260618,
OPP06396,REP006,PRD08,2,2,Lead,805.72,OK,20260617,
OPP06397,REP011,PRD07,4,4,Lead,103.86,OK,20251027,
OPP06398,REP034,PRD07,1,5,Lead,20.08,OK,20260313,
OPP06399,REP014,PRD11,2,2,Closed Lost,1408.85,OK,20250911,20260718
OPP06400,REP029,PRD01,4,2,Qualified,32.88,OK,20260518,
OPP06401,REP002,PRD05,5,2,Proposal,318.84,OK,20260430,
OPP06402,REP038,PRD04,5,2,Lead,42.36,OK,20251231,
OPP06403,REP013,PRD08,5,5,Closed Lost,5123.75,OK,20260507,20260711
OPP06404,REP013,PRD15,5,4,Closed Won,1883.93,OK,20260828,20260828
OPP06405,REP024,PRD07,1,2,Lead,113.25,OK,20260613,
OPP06406,REP013,PRD03,5,4,Lead,117.56,OK,20260204,
OPP06407,REP016,PRD06,2,4,Proposal,709.93,OK,20250910,
OPP06408,REP008,PRD05,3,1,Qualified,947.51,OK,20251109,
OPP06409,REP028,PRD01,2,2,Lead,5.77,OK,20250723,
OPP06410,REP017,PRD13,4,1,Closed Won,298.58,OK,20260228,20260616
OPP06411,REP033,PRD13,4,3,Lead,209.39,OK,20251008,
OPP06412,REP022,PRD02,5,2,Lead,115.88,OK,20250908,
OPP06413,REP035,PRD14,3,2,Qualified,120.23,OK,20251130,
OPP06414,REP029,PRD07,4,1,Closed Won,30.2,OK,20260828,20260831
OPP06415,REP028,PRD10,2,1,Lead,26.54,OK,20250814,
OPP06416,REP027,PRD09,3,3,Closed Won,150.38,OK,20260813,20260817
OPP06417,REP022,PRD14,5,2,Qualified,178.17,OK,20260708,
OPP06418,REP021,PRD07,2,1,Qualified,57.63,OK,20260729,
OPP06419,REP004,PRD05,5,3,Lead,1098.18,OK,20250718,
OPP06420,REP006,PRD10,2,1,Lead,25.03,OK,20251005,
OPP06421,REP031,PRD10,3,1,Closed Won,58.72,OK,20260821,20260825
OPP06422,REP015,PRD01,4,5,Lead,29.62,OK,20250718,
OPP06423,REP035,PRD10,3,4,Closed Won,117.57,OK,20260202,20260422
OPP06424,REP036,PRD06,5,1,Lead,48.5,OK,20260110,
OPP06425,REP037,PRD09,3,4,Lead,131.13,OK,20260614,
OPP06426,REP014,PRD14,2,3,Lead,95.7,OK,20250907,
OPP06427,REP020,PRD06,4,2,Closed Won,564.49,OK,20260822,20260829
OPP06428,REP032,PRD10,4,5,Lead,30.06,OK,20260309,
OPP06429,REP037,PRD07,3,5,Qualified,103.76,OK,20260512,
OPP06430,REP033,PRD01,4,4,Closed Won,57.55,OK,20250807,20260823
OPP06431,REP003,PRD10,3,1,Qualified,20.05,OK,20250722,
OPP06432,REP011,PRD11,4,1,Qualified,1386.14,OK,20260325,
OPP06433,REP036,PRD13,5,2,Lead,214.53,OK,20260608,
OPP06434,REP008,PRD05,3,3,Closed Won,265.45,OK,20251121,20260501
OPP06435,REP039,PRD12,1,1,Qualified,207.08,OK,20250722,
OPP06436,REP018,PRD05,5,4,Qualified,1022.74,OK,20260818,
OPP06437,REP036,PRD15,5,1,Qualified,1786.39,OK,20260307,
OPP06438,REP025,PRD12,1,2,Lead,322.94,OK,20260426,
OPP06439,REP027,PRD10,3,2,Lead,71.4,OK,20260119,
OPP06440,REP026,PRD05,3,1,Lead,188.99,OK,20250912,
OPP06441,REP028,PRD06,2,1,Qualified,588.09,OK,20251001,
OPP06442,REP026,PRD08,3,1,Qualified,4861.87,OK,20250919,
OPP06443,REP023,PRD03,4,2,Lead,646.38,OK,20260828,
OPP06444,REP013,PRD03,5,1,Proposal,98.78,OK,20251111,
OPP06445,REP039,PRD02,1,4,Lead,97.83,OK,20260210,
OPP06446,REP010,PRD05,5,3,Closed Lost,2141.53,OK,20251023,20260101
OPP06447,REP005,PRD01,5,5,Lead,40.58,OK,20260118,
OPP06448,REP037,PRD06,3,1,Lead,121.95,OK,20250911,
OPP06449,REP020,PRD13,4,3,Proposal,78.15,OK,20251031,
OPP06450,REP028,PRD05,2,4,Qualified,130.96,OK,20260227,
OPP06451,REP025,PRD06,1,4,Qualified,124.9,OK,20260516,
OPP06452,REP012,PRD01,3,4,Qualified,38.83,OK,20251112,
OPP06453,REP021,PRD02,2,1,Closed Won,112.94,OK,20250818,20260413
OPP06454,REP013,PRD10,5,1,Proposal,69.91,OK,20260313,
OPP06455,REP014,PRD01,2,4,Proposal,35.82,OK,20251121,
OPP06456,REP036,PRD10,5,4,Proposal,58.77,OK,20250725,
OPP06457,REP037,PRD07,3,3,Lead,222.7,OK,20250818,
OPP06458,REP025,PRD13,1,2,Qualified,51.4,OK,20260220,
OPP06459,REP028,PRD04,2,3,Lead,159.61,OK,20260502,
OPP06460,REP010,PRD02,5,3,Closed Lost,273.17,OK,20250918,20260120
OPP06461,REP007,PRD03,3,1,Proposal,725.2,OK,20251022,
OPP06462,REP030,PRD06,4,1,Proposal,106.12,OK,20260520,
OPP06463,REP002,PRD07,5,2,Lead,57.01,OK,20260312,
OPP06464,REP008,PRD05,3,3,Lead,2904.0,OK,20260120,
OPP06465,REP027,PRD03,3,5,Lead,652.01,OK,20260421,
OPP06466,REP030,PRD01,4,1,Qualified,34.2,OK,20251005,
OPP06467,REP037,PRD05,3,1,Qualified,594.54,OK,20250813,
OPP06468,REP010,PRD09,5,1,Qualified,89.37,OK,20251208,
OPP06469,REP021,PRD12,2,3,Qualified,260.18,OK,20260106,
OPP06470,REP039,PRD04,1,1,Qualified,165.81,OK,20260103,
OPP06471,REP029,PRD10,4,4,Closed Lost,178.9,OK,20260721,20260814
OPP06472,REP016,PRD11,2,1,Lead,677.67,OK,20260730,
OPP06473,REP039,PRD08,1,1,Qualified,822.01,OK,20260429,
OPP06474,REP006,PRD09,2,5,Proposal,512.32,OK,20251001,
OPP06475,REP040,PRD10,2,2,Lead,52.91,OK,20260129,
OPP06476,REP038,PRD08,5,3,Lead,1816.31,OK,20250820,
OPP06477,REP023,PRD13,4,3,Qualified,304.93,OK,20260308,
OPP06478,REP013,PRD12,5,5,Qualified,54.84,OK,20260630,
OPP06479,REP034,PRD02,1,1,Lead,252.21,OK,20260516,
OPP06480,REP003,PRD02,3,3,Lead,49.35,OK,20250823,
OPP06481,REP013,PRD08,5,4,Closed Won,4958.97,OK,20260715,20260717
OPP06482,REP009,PRD06,3,1,Proposal,298.77,OK,20260516,
OPP06483,REP029,PRD14,4,1,Closed Won,27.84,OK,20260101,20260108
OPP06484,REP033,PRD08,4,1,Proposal,3212.15,OK,20260129,
OPP06485,REP022,PRD07,5,4,Closed Won,69.29,OK,20250920,20251224
OPP06486,REP001,PRD11,4,3,Proposal,2333.61,OK,20251009,
OPP06487,REP010,PRD15,5,2,Qualified,1424.66,OK,20260225,
OPP06488,REP036,PRD05,5,4,Closed Lost,389.81,OK,20260515,20260809
OPP06489,REP019,PRD12,1,1,Proposal,216.81,OK,20250907,
OPP06490,REP013,PRD12,5,3,Qualified,405.66,OK,20260727,
OPP06491,REP014,PRD13,2,3,Qualified,229.85,OK,20251209,
OPP06492,REP036,PRD14,5,1,Proposal,70.0,OK,20251022,
OPP06493,REP028,PRD07,2,2,Qualified,15.57,OK,20260419,
OPP06494,REP006,PRD02,2,1,Proposal,107.53,OK,20260827,
OPP06495,REP030,PRD10,4,1,Qualified,14.49,OK,20251111,
OPP06496,REP005,PRD13,5,3,Closed Lost,111.22,OK,20260110,20260806
OPP06497,REP021,PRD11,2,1,Qualified,1854.43,OK,20260529,
OPP06498,REP027,PRD11,3,2,Qualified,321.21,OK,20260619,
OPP06499,REP023,PRD01,4,5,Lead,152.77,OK,20250805,
OPP06500,REP026,PRD11,3,3,Qualified,3292.31,OK,20250704,
OPP06501,REP033,PRD14,4,4,Lead,102.99,OK,20260629,
OPP06502,REP038,PRD05,5,3,Lead,277.16,OK,20260213,
OPP06503,REP037,PRD06,3,1,Lead,201.54,OK,20251111,
OPP06504,REP011,PRD09,4,2,Lead,578.2,OK,20250704,
OPP06505,REP022,PRD15,5,1,Proposal,759.05,OK,20250819,
OPP06506,REP006,PRD14,2,1,Qualified,40.5,OK,20260713,
OPP06507,REP039,PRD15,1,2,Qualified,1235.84,OK,20260201,
OPP06508,REP003,PRD10,3,1,Qualified,12.11,OK,20260114,
OPP06509,REP017,PRD04,4,1,Proposal,179.52,OK,20260425,
OPP06510,REP006,PRD10,2,4,Closed Lost,26.47,OK,20260402,20260802
OPP06511,REP017,PRD03,4,2,Proposal,259.15,OK,20251216,
OPP06512,REP010,PRD10,5,4,Qualified,10.24,OK,20260804,
OPP06513,REP033,PRD10,4,1,Closed Won,24.74,OK,20260207,20260224
OPP06514,REP030,PRD02,4,2,Qualified,198.74,OK,20251106,
OPP06515,REP018,PRD10,5,5,Lead,99.67,OK,20260822,
OPP06516,REP023,PRD09,4,1,Lead,236.35,OK,20250827,
OPP06517,REP002,PRD11,5,1,Proposal,3690.5,OK,20260222,
OPP06518,REP019,PRD06,1,3,Proposal,78.61,OK,20250911,
OPP06519,REP012,PRD08,3,3,Qualified,3242.46,OK,20260507,
OPP06520,REP010,PRD09,5,2,Closed Won,392.7,OK,20251007,20260825
OPP06521,REP022,PRD05,5,1,Lead,294.54,OK,20251020,
OPP06522,REP024,PRD02,1,2,Qualified,143.19,OK,20260206,
OPP06523,REP002,PRD02,5,1,Qualified,319.81,OK,20260604,
OPP06524,REP032,PRD05,4,3,Proposal,579.09,OK,20251214,
OPP06525,REP032,PRD05,4,2,Proposal,1938.17,OK,20260731,
OPP06526,REP015,PRD09,4,1,Proposal,56.12,OK,20260308,
OPP06527,REP008,PRD12,3,5,Lead,88.44,OK,20260327,
OPP06528,REP034,PRD06,1,4,Lead,204.63,OK,20260123,
OPP06529,REP007,PRD05,3,1,Lead,242.34,OK,20260620,
OPP06530,REP015,PRD15,4,4,Qualified,1779.24,REVIEW,20260201,
OPP06531,REP015,PRD01,4,4,Proposal,37.57,OK,20260111,
OPP06532,REP039,PRD06,1,1,Closed Lost,1102.97,OK,20260310,20260515
OPP06533,REP007,PRD07,3,3,Closed Won,186.24,OK,20251214,20260610
OPP06534,REP032,PRD06,4,2,Proposal,321.89,OK,20260316,
OPP06535,REP018,PRD12,5,1,Closed Lost,256.65,OK,20250716,20251027
OPP06536,REP010,PRD03,5,1,Qualified,109.37,OK,20250705,
OPP06537,REP039,PRD07,1,2,Lead,83.7,OK,20260709,
OPP06538,REP028,PRD07,2,5,Qualified,91.69,OK,20250707,
OPP06539,REP009,PRD09,3,3,Qualified,200.32,OK,20250711,
OPP06540,REP020,PRD14,4,2,Qualified,109.69,OK,20251115,
OPP06541,REP007,PRD05,3,2,Closed Won,1105.13,OK,20260520,20260822
OPP06542,REP022,PRD11,5,2,Proposal,699.57,OK,20260505,
OPP06543,REP022,PRD06,5,1,Lead,172.11,OK,20260825,
OPP06544,REP026,PRD15,3,4,Lead,1878.26,OK,20250905,
OPP06545,REP032,PRD13,4,1,Lead,188.14,OK,20250902,
OPP06546,REP037,PRD08,3,4,Closed Won,2621.79,OK,20260826,20260826
OPP06547,REP006,PRD10,2,1,Proposal,53.15,OK,20260614,
OPP06548,REP040,PRD04,2,3,Lead,31.15,OK,20251007,
OPP06549,REP027,PRD01,3,2,Qualified,69.69,OK,20260404,
OPP06550,REP029,PRD13,4,4,Closed Lost,173.1,OK,20260422,20260816
OPP06551,REP023,PRD01,4,5,Proposal,89.05,OK,20260408,
OPP06552,REP025,PRD02,1,3,Lead,143.44,OK,20260430,
OPP06553,REP022,PRD14,5,2,Proposal,39.34,OK,20251118,
OPP06554,REP001,PRD10,4,1,Lead,19.01,OK,20250710,
OPP06555,REP004,PRD13,5,1,Proposal,154.72,OK,20251008,
OPP06556,REP008,PRD15,3,1,Qualified,2018.05,OK,20260628,
OPP06557,REP008,PRD14,3,2,Lead,22.58,OK,20260417,
OPP06558,REP029,PRD07,4,3,Qualified,77.33,OK,20251130,
OPP06559,REP009,PRD01,3,2,Qualified,72.9,OK,20260614,
OPP06560,REP025,PRD04,1,2,Qualified,73.7,OK,20250711,
OPP06561,REP040,PRD12,2,1,Closed Won,98.78,OK,20251223,20251230
OPP06562,REP009,PRD11,3,4,Proposal,1146.18,OK,20260207,
OPP06563,REP010,PRD13,5,3,Lead,11.67,OK,20260407,
OPP06564,REP022,PRD02,5,4,Qualified,12.94,OK,20251129,
OPP06565,REP005,PRD07,5,3,Lead,216.99,OK,20250911,
OPP06566,REP017,PRD15,4,5,Qualified,1834.17,OK,20260224,
OPP06567,REP002,PRD01,5,2,Proposal,60.43,OK,20251222,
OPP06568,REP040,PRD07,2,3,Closed Lost,31.16,OK,20260101,20260711
OPP06569,REP019,PRD02,1,1,Closed Lost,25.64,OK,20260411,20260418
OPP06570,REP032,PRD13,4,1,Lead,374.06,OK,20260207,
OPP06571,REP025,PRD15,1,2,Lead,2987.38,OK,20260721,
OPP06572,REP024,PRD06,1,1,Lead,151.76,OK,20251213,
OPP06573,REP037,PRD09,3,2,Qualified,64.72,OK,20250709,
OPP06574,REP005,PRD13,5,2,Closed Won,195.97,OK,20251203,20260807
OPP06575,REP016,PRD07,2,3,Qualified,88.54,OK,20260507,
OPP06576,REP025,PRD13,1,5,Lead,249.26,OK,20250928,
OPP06577,REP023,PRD06,4,2,Closed Won,245.27,OK,20260204,20260817
OPP06578,REP022,PRD15,5,3,Closed Lost,1832.15,OK,20260722,20260730
OPP06579,REP006,PRD04,2,5,Qualified,132.13,OK,20251201,
OPP06580,REP017,PRD06,4,5,Qualified,391.39,OK,20251117,
OPP06581,REP001,PRD14,4,4,Closed Lost,149.98,OK,20250823,20260408
OPP06582,REP028,PRD05,2,2,Proposal,186.82,OK,20251011,
OPP06583,REP011,PRD04,4,5,Lead,51.95,OK,20250823,
OPP06584,REP039,PRD04,1,2,Lead,55.0,OK,20251010,
OPP06585,REP039,PRD06,1,1,Lead,79.85,OK,20260121,
OPP06586,REP032,PRD12,4,2,Closed Won,151.74,OK,20251228,20260719
OPP06587,REP025,PRD02,1,2,Qualified,311.71,OK,20260202,
OPP06588,REP019,PRD02,1,2,Lead,321.65,OK,20251130,
OPP06589,REP012,PRD11,3,3,Proposal,549.18,OK,20250721,
OPP06590,REP005,PRD05,5,4,Qualified,845.93,OK,20260821,
OPP06591,REP022,PRD12,5,4,Lead,322.54,OK,20260116,
OPP06592,REP038,PRD13,5,2,Lead,85.53,OK,20260621,
OPP06593,REP014,PRD04,2,4,Qualified,19.86,OK,20250705,
OPP06594,REP039,PRD06,1,2,Closed Won,398.19,OK,20260531,20260801
OPP06595,REP013,PRD11,5,2,Qualified,1732.67,OK,20250813,
OPP06596,REP025,PRD11,1,1,Lead,2973.46,OK,20260311,
OPP06597,REP030,PRD13,4,2,Closed Won,278.7,OK,20260604,20260824
OPP06598,REP020,PRD03,4,3,Qualified,383.13,OK,20260516,
OPP06599,REP026,PRD06,3,5,Lead,206.0,OK,20260201,
OPP06600,REP006,PRD09,2,4,Qualified,630.5,OK,20251006,
OPP06601,REP033,PRD15,4,4,Closed Won,1023.3,OK,20260810,20260821
OPP06602,REP020,PRD04,4,1,Lead,89.88,OK,20260723,
OPP06603,REP034,PRD08,1,2,Closed Won,1731.05,OK,20260410,20260719
OPP06604,REP024,PRD03,1,5,Lead,303.17,OK,20250806,
OPP06605,REP031,PRD15,3,1,Proposal,982.56,OK,20251225,
OPP06606,REP014,PRD03,2,1,Qualified,325.34,OK,20250809,
OPP06607,REP002,PRD02,5,4,Qualified,256.89,OK,20260204,
OPP06608,REP031,PRD07,3,3,Proposal,41.88,OK,20260526,
OPP06609,REP021,PRD09,2,1,Closed Won,65.17,OK,20260821,20260831
OPP06610,REP011,PRD15,4,3,Closed Lost,2953.84,OK,20260306,20260307
OPP06611,REP005,PRD12,5,1,Closed Lost,459.82,OK,20260504,20260610
OPP06612,REP036,PRD07,5,2,Lead,70.04,OK,20260320,
OPP06613,REP030,PRD15,4,4,Lead,3335.1,OK,20250905,
OPP06614,REP021,PRD05,2,5,Qualified,1021.81,OK,20250723,
OPP06615,REP008,PRD15,3,1,Closed Lost,1418.54,OK,20251226,20260608
OPP06616,REP012,PRD13,3,5,Lead,264.74,OK,20250830,
OPP06617,REP017,PRD15,4,1,Lead,920.63,OK,20260114,
OPP06618,REP011,PRD03,4,1,Closed Won,759.46,OK,20251203,20260204
OPP06619,REP024,PRD05,1,5,Lead,1455.36,OK,20260316,
OPP06620,REP034,PRD15,1,4,Closed Lost,1382.88,OK,20260302,20260314
OPP06621,REP016,PRD12,2,2,Closed Won,276.7,OK,20250917,20250927
OPP06622,REP008,PRD08,3,3,Lead,4096.86,OK,20260711,
OPP06623,REP032,PRD07,4,5,Lead,23.02,OK,20260604,
OPP06624,REP013,PRD07,5,4,Qualified,148.96,OK,20250722,
OPP06625,REP018,PRD05,5,3,Closed Lost,285.02,OK,20260320,20260830
OPP06626,REP030,PRD11,4,3,Qualified,5018.76,OK,20260114,
OPP06627,REP019,PRD11,1,1,Lead,2526.85,OK,20260111,
OPP06628,REP033,PRD01,4,1,Proposal,41.19,OK,20250925,
OPP06629,REP014,PRD06,2,1,Closed Won,652.61,OK,20260706,20260729
OPP06630,REP029,PRD09,4,1,Closed Lost,374.49,OK,20260325,20260902
OPP06631,REP031,PRD13,3,1,Proposal,269.69,OK,20250815,
OPP06632,REP037,PRD14,3,4,Lead,9.78,OK,20260320,
OPP06633,REP008,PRD08,3,2,Closed Won,1128.41,OK,20260811,20260830
OPP06634,REP022,PRD07,5,2,Lead,64.52,OK,20260103,
OPP06635,REP007,PRD07,3,3,Closed Won,61.38,OK,20250829,20260626
OPP06636,REP020,PRD02,4,3,Proposal,125.99,OK,20260609,
OPP06637,REP012,PRD05,3,1,Lead,416.18,OK,20250916,
OPP06638,REP013,PRD05,5,3,Lead,2059.53,OK,20260615,
OPP06639,REP040,PRD06,2,3,Lead,290.85,OK,20251008,
OPP06640,REP011,PRD12,4,1,Qualified,193.02,OK,20250908,
OPP06641,REP039,PRD02,1,5,Closed Lost,302.83,OK,20250820,20260811
OPP06642,REP031,PRD15,3,2,Lead,1232.04,OK,20250729,
OPP06643,REP034,PRD15,1,4,Closed Won,884.47,OK,20260423,20260622
OPP06644,REP023,PRD15,4,4,Qualified,801.63,OK,20250823,
OPP06645,REP025,PRD12,1,2,Qualified,304.03,OK,20251011,
OPP06646,REP013,PRD01,5,2,Lead,127.54,OK,20250821,
OPP06647,REP032,PRD11,4,1,Qualified,1974.15,OK,20260612,
OPP06648,REP018,PRD11,5,3,Lead,257.31,OK,20250815,
OPP06649,REP013,PRD12,5,3,Proposal,117.86,OK,20260223,
OPP06650,REP027,PRD05,3,5,Lead,681.02,OK,20260604,
OPP06651,REP023,PRD10,4,4,Lead,65.1,OK,20250824,
OPP06652,REP004,PRD06,5,4,Lead,665.59,OK,20250921,
OPP06653,REP027,PRD01,3,1,Lead,46.4,OK,20250816,
OPP06654,REP033,PRD02,4,1,Closed Lost,228.04,OK,20250813,20251205
OPP06655,REP011,PRD02,4,1,Lead,68.48,OK,20260426,
OPP06656,REP033,PRD13,4,3,Proposal,19.19,OK,20260511,
OPP06657,REP006,PRD13,2,3,Qualified,38.73,OK,20250916,
OPP06658,REP030,PRD14,4,1,Qualified,88.27,OK,20260519,
OPP06659,REP032,PRD07,4,1,Lead,190.85,OK,20260101,
OPP06660,REP016,PRD08,2,2,Lead,1992.44,OK,20250712,
OPP06661,REP011,PRD02,4,5,Closed Lost,352.1,OK,20260621,20260728
OPP06662,REP008,PRD12,3,5,Proposal,11.22,OK,20260629,
OPP06663,REP026,PRD10,3,4,Closed Won,31.8,OK,20260601,20260825
OPP06664,REP024,PRD12,1,1,Lead,482.11,OK,20250920,
OPP06665,REP010,PRD09,5,5,Closed Lost,91.35,OK,20260324,20260728
OPP06666,REP025,PRD12,1,1,Lead,47.92,OK,20250724,
OPP06667,REP014,PRD11,2,3,Closed Won,1204.21,OK,20260621,20260810
OPP06668,REP029,PRD14,4,4,Proposal,57.64,OK,20260315,
OPP06669,REP004,PRD15,5,1,Proposal,1135.14,OK,20251130,
OPP06670,REP023,PRD02,4,1,Lead,100.57,OK,20250925,
OPP06671,REP019,PRD09,1,5,Qualified,441.12,OK,20250921,
OPP06672,REP034,PRD07,1,1,Lead,31.95,OK,20250713,
OPP06673,REP039,PRD14,1,4,Qualified,99.22,OK,20250825,
OPP06674,REP026,PRD11,3,2,Lead,711.56,OK,20251201,
OPP06675,REP026,PRD09,3,2,Qualified,420.12,OK,20251009,
OPP06676,REP007,PRD12,3,2,Qualified,246.72,OK,20260803,
OPP06677,REP040,PRD08,2,4,Closed Won,611.3,OK,20260119,20260606
OPP06678,REP006,PRD05,2,3,Qualified,99.6,OK,20260527,
OPP06679,REP023,PRD03,4,1,Qualified,290.48,OK,20260712,
OPP06680,REP016,PRD10,2,5,Closed Lost,66.25,OK,20260614,20260702
OPP06681,REP003,PRD05,3,1,Closed Won,400.5,OK,20260108,20260302
OPP06682,REP026,PRD08,3,3,Proposal,1346.12,OK,20250807,
OPP06683,REP022,PRD11,5,4,Qualified,343.9,OK,20250819,
OPP06684,REP022,PRD09,5,2,Qualified,307.06,OK,20251011,
OPP06685,REP004,PRD01,5,1,Lead,114.03,REVIEW,20260303,
OPP06686,REP016,PRD11,2,3,Qualified,931.16,OK,20260607,
OPP06687,REP012,PRD07,3,4,Closed Lost,73.46,OK,20260806,20260823
OPP06688,REP025,PRD01,1,2,Qualified,18.43,OK,20260302,
OPP06689,REP037,PRD06,3,3,Qualified,154.39,OK,20260828,
OPP06690,REP018,PRD07,5,3,Closed Lost,67.38,OK,20251025,20251221
OPP06691,REP003,PRD14,3,3,Proposal,163.66,OK,20260703,
OPP06692,REP038,PRD05,5,1,Lead,1015.57,OK,20260228,
OPP06693,REP026,PRD13,3,2,Qualified,116.69,OK,20260327,
OPP06694,REP013,PRD07,5,2,Proposal,184.0,OK,20260215,
OPP06695,REP009,PRD02,3,4,Qualified,113.93,OK,20260416,
OPP06696,REP021,PRD03,2,1,Qualified,356.42,OK,20250710,
OPP06697,REP017,PRD14,4,2,Qualified,65.76,OK,20260810,
OPP06698,REP021,PRD14,2,2,Lead,35.85,OK,20251024,
OPP06699,REP039,PRD07,1,1,Closed Lost,136.09,OK,20250817,20251117
OPP06700,REP030,PRD15,4,1,Lead,764.39,OK,20260801,
OPP06701,REP012,PRD14,3,4,Lead,61.61,OK,20250815,
OPP06702,REP010,PRD11,5,1,Closed Won,773.99,OK,20260527,20260801
OPP06703,REP018,PRD14,5,2,Qualified,34.03,OK,20251202,
OPP06704,REP025,PRD01,1,1,Closed Won,37.5,OK,20251206,20260811
OPP06705,REP001,PRD11,4,5,Lead,4544.56,OK,20251207,
OPP06706,REP023,PRD13,4,1,Lead,178.42,OK,20250826,
OPP06707,REP032,PRD10,4,1,Qualified,43.17,OK,20260326,
OPP06708,REP007,PRD02,3,1,Closed Won,252.51,OK,20251128,20260814
OPP06709,REP013,PRD14,5,2,Lead,170.31,OK,20260708,
OPP06710,REP014,PRD13,2,1,Qualified,173.82,OK,20260702,
OPP06711,REP017,PRD13,4,1,Qualified,323.24,OK,20260318,
OPP06712,REP004,PRD04,5,2,Lead,46.42,OK,20260321,
OPP06713,REP034,PRD01,1,3,Closed Lost,63.68,OK,20260221,20260513
OPP06714,REP021,PRD10,2,5,Qualified,2.19,OK,20260316,
OPP06715,REP030,PRD14,4,3,Lead,160.82,OK,20251107,
OPP06716,REP024,PRD01,1,1,Qualified,23.09,OK,20250923,
OPP06717,REP004,PRD06,5,4,Closed Won,423.66,OK,20260621,20260625
OPP06718,REP002,PRD02,5,2,Lead,394.93,OK,20260724,
OPP06719,REP019,PRD15,1,4,Qualified,1386.19,OK,20251221,
OPP06720,REP026,PRD10,3,1,Proposal,53.85,OK,20250706,
OPP06721,REP019,PRD13,1,2,Qualified,255.23,OK,20251224,
OPP06722,REP038,PRD11,5,2,Qualified,1190.13,OK,20251229,
OPP06723,REP023,PRD06,4,4,Lead,213.47,OK,20260701,
OPP06724,REP011,PRD07,4,3,Qualified,331.79,OK,20251216,
OPP06725,REP040,PRD09,2,1,Qualified,114.08,OK,20260105,
OPP06726,REP031,PRD01,3,2,Qualified,87.74,OK,20260712,
OPP06727,REP020,PRD15,4,2,Lead,1200.16,OK,20260318,
OPP06728,REP030,PRD01,4,5,Qualified,67.79,OK,20260421,
OPP06729,REP035,PRD04,3,1,Proposal,74.05,OK,20251210,
OPP06730,REP016,PRD10,2,1,Qualified,17.09,OK,20260510,
OPP06731,REP018,PRD04,5,1,Qualified,50.63,OK,20251124,
OPP06732,REP015,PRD11,4,2,Qualified,4014.28,OK,20250709,
OPP06733,REP021,PRD07,2,5,Closed Lost,152.93,OK,20260411,20260412
OPP06734,REP016,PRD07,2,5,Qualified,10.27,OK,20250830,
OPP06735,REP036,PRD05,5,3,Qualified,265.92,OK,20260407,
OPP06736,REP030,PRD09,4,2,Qualified,148.13,OK,20250727,
OPP06737,REP032,PRD12,4,1,Proposal,154.94,OK,20251001,
OPP06738,REP031,PRD10,3,2,Lead,25.53,OK,20251022,
OPP06739,REP032,PRD05,4,2,Closed Won,1229.45,OK,20260214,20260804
OPP06740,REP004,PRD13,5,1,Proposal,155.05,OK,20251201,
OPP06741,REP025,PRD01,1,2,Lead,30.23,OK,20260409,
OPP06742,REP038,PRD06,5,1,Lead,388.31,OK,20250807,
OPP06743,REP009,PRD13,3,2,Proposal,246.51,OK,20250727,
OPP06744,REP020,PRD05,4,3,Closed Won,994.51,OK,20251205,20260219
OPP06745,REP017,PRD08,4,5,Lead,779.44,OK,20260209,
OPP06746,REP009,PRD03,3,3,Qualified,834.44,OK,20251116,
OPP06747,REP009,PRD05,3,1,Qualified,1261.62,OK,20251221,
OPP06748,REP008,PRD02,3,1,Closed Won,45.81,OK,20260123,20260331
OPP06749,REP035,PRD12,3,4,Proposal,290.69,OK,20260324,
OPP06750,REP026,PRD11,3,1,Lead,1064.86,OK,20260111,
OPP06751,REP038,PRD08,5,2,Lead,2495.56,OK,20251119,
OPP06752,REP040,PRD11,2,1,Qualified,340.05,OK,20251203,
OPP06753,REP039,PRD15,1,1,Lead,1730.77,OK,20250720,
OPP06754,REP029,PRD10,4,1,Lead,21.87,OK,20251117,
OPP06755,REP010,PRD07,5,1,Proposal,195.88,OK,20260123,
OPP06756,REP011,PRD14,4,5,Proposal,58.14,OK,20250920,
OPP06757,REP025,PRD15,1,2,Closed Lost,2726.43,OK,20250720,20251103
OPP06758,REP021,PRD01,2,2,Closed Won,23.28,OK,20260424,20260829
OPP06759,REP035,PRD10,3,4,Lead,14.32,OK,20250928,
OPP06760,REP029,PRD07,4,4,Qualified,42.72,OK,20260323,
OPP06761,REP030,PRD05,4,2,Lead,391.61,OK,20251214,
OPP06762,REP035,PRD07,3,1,Lead,15.15,OK,20260225,
OPP06763,REP020,PRD10,4,1,Lead,34.62,OK,20260623,
OPP06764,REP004,PRD09,5,5,Closed Won,521.42,OK,20260106,20260529
OPP06765,REP038,PRD13,5,1,Lead,133.58,OK,20260419,
OPP06766,REP024,PRD01,1,5,Lead,114.69,OK,20251114,
OPP06767,REP002,PRD07,5,1,Closed Won,66.31,OK,20260817,20260901
OPP06768,REP019,PRD05,1,2,Proposal,685.17,OK,20260605,
OPP06769,REP018,PRD12,5,2,Closed Lost,57.07,OK,20250823,20251008
OPP06770,REP030,PRD04,4,3,Lead,70.11,OK,20251024,
OPP06771,REP030,PRD13,4,1,Lead,273.02,OK,20251013,
OPP06772,REP031,PRD06,3,4,Lead,365.86,OK,20251128,
OPP06773,REP021,PRD11,2,4,Lead,1836.74,OK,20251129,
OPP06774,REP040,PRD03,2,1,Qualified,196.45,OK,20260821,
OPP06775,REP038,PRD14,5,1,Qualified,205.91,OK,20260423,
OPP06776,REP039,PRD09,1,2,Closed Won,487.28,OK,20260420,20260620
OPP06777,REP034,PRD01,1,2,Qualified,26.01,OK,20260602,
OPP06778,REP035,PRD08,3,1,Lead,2122.79,OK,20260109,
OPP06779,REP003,PRD09,3,4,Qualified,495.26,OK,20250808,
OPP06780,REP006,PRD04,2,2,Proposal,13.51,OK,20251127,
OPP06781,REP016,PRD02,2,3,Lead,130.39,OK,20260823,
OPP06782,REP030,PRD14,4,1,Closed Won,96.32,OK,20260217,20260415
OPP06783,REP028,PRD03,2,1,Closed Won,671.37,OK,20260315,20260501
OPP06784,REP003,PRD02,3,5,Closed Lost,7.65,OK,20250814,20260415
OPP06785,REP012,PRD14,3,5,Qualified,100.45,OK,20260206,
OPP06786,REP036,PRD09,5,5,Lead,292.77,OK,20251010,
OPP06787,REP015,PRD15,4,1,Qualified,2103.53,OK,20260802,
OPP06788,REP022,PRD12,5,2,Closed Lost,69.95,OK,20260718,20260728
OPP06789,REP033,PRD15,4,4,Qualified,585.72,OK,20250905,
OPP06790,REP010,PRD09,5,1,Qualified,460.23,OK,20260704,
OPP06791,REP027,PRD06,3,5,Lead,299.24,OK,20250823,
OPP06792,REP018,PRD02,5,1,Lead,233.38,OK,20251111,
OPP06793,REP010,PRD04,5,1,Lead,96.65,OK,20260803,
OPP06794,REP020,PRD10,4,2,Closed Won,32.9,REVIEW,20260501,20260807
OPP06795,REP004,PRD11,5,1,Closed Lost,653.1,OK,20260420,20260725
OPP06796,REP032,PRD15,4,4,Proposal,453.07,OK,20260811,
OPP06797,REP017,PRD05,4,2,Lead,638.89,OK,20260629,
OPP06798,REP038,PRD15,5,3,Closed Won,801.74,OK,20251120,20260324
OPP06799,REP025,PRD01,1,5,Qualified,40.74,OK,20260420,
OPP06800,REP026,PRD05,3,4,Qualified,2450.92,OK,20260816,
OPP06801,REP028,PRD03,2,1,Lead,521.71,OK,20260714,
OPP06802,REP033,PRD12,4,5,Lead,188.58,OK,20260723,
OPP06803,REP031,PRD01,3,3,Qualified,50.99,OK,20260706,
OPP06804,REP039,PRD12,1,1,Lead,613.85,OK,20260128,
OPP06805,REP007,PRD02,3,2,Lead,131.41,OK,20260511,
OPP06806,REP016,PRD01,2,2,Qualified,54.31,OK,20250801,
OPP06807,REP019,PRD14,1,2,Lead,49.36,OK,20251211,
OPP06808,REP034,PRD13,1,1,Lead,541.64,OK,20251221,
OPP06809,REP026,PRD08,3,5,Closed Won,2139.85,OK,20251208,20260601
OPP06810,REP028,PRD04,2,1,Qualified,19.52,OK,20260102,
OPP06811,REP001,PRD09,4,2,Lead,100.97,OK,20260507,
OPP06812,REP003,PRD02,3,3,Lead,75.04,OK,20251220,
OPP06813,REP033,PRD04,4,4,Qualified,8.39,OK,20260226,
OPP06814,REP013,PRD12,5,4,Closed Won,455.22,OK,20260530,20260824
OPP06815,REP002,PRD07,5,2,Lead,258.95,OK,20260422,
OPP06816,REP014,PRD12,2,2,Lead,286.6,OK,20251103,
OPP06817,REP017,PRD12,4,1,Closed Won,100.28,OK,20260420,20260608
OPP06818,REP010,PRD08,5,2,Lead,2058.75,OK,20250907,
OPP06819,REP026,PRD08,3,2,Qualified,4596.57,OK,20251016,
OPP06820,REP035,PRD10,3,1,Qualified,43.76,OK,20250907,
OPP06821,REP030,PRD06,4,2,Lead,316.8,OK,20260218,
OPP06822,REP011,PRD02,4,4,Proposal,87.87,OK,20260614,
OPP06823,REP018,PRD07,5,1,Proposal,98.27,OK,20260810,
OPP06824,REP024,PRD08,1,5,Lead,2904.62,OK,20260403,
OPP06825,REP001,PRD10,4,1,Closed Won,91.72,OK,20251229,20260812
OPP06826,REP031,PRD09,3,1,Closed Lost,20.14,OK,20250804,20260731
OPP06827,REP017,PRD09,4,3,Proposal,173.62,OK,20260805,
OPP06828,REP040,PRD07,2,1,Qualified,114.38,OK,20260322,
OPP06829,REP007,PRD03,3,5,Lead,503.47,OK,20260530,
OPP06830,REP040,PRD13,2,2,Lead,280.04,OK,20260619,
OPP06831,REP024,PRD15,1,1,Closed Lost,1341.34,OK,20260702,20260812
OPP06832,REP039,PRD02,1,3,Qualified,47.54,OK,20260517,
OPP06833,REP004,PRD07,5,1,Qualified,130.04,OK,20260415,
OPP06834,REP026,PRD11,3,2,Closed Lost,1493.59,OK,20260725,20260809
OPP06835,REP014,PRD05,2,2,Proposal,496.92,OK,20260201,
OPP06836,REP014,PRD06,2,3,Closed Won,108.41,OK,20260426,20260430
OPP06837,REP013,PRD14,5,2,Qualified,113.86,OK,20251120,
OPP06838,REP040,PRD01,2,1,Proposal,112.95,OK,20260612,
OPP06839,REP009,PRD12,3,2,Qualified,149.89,OK,20260101,
OPP06840,REP028,PRD12,2,2,Closed Won,153.71,OK,20260126,20260224
OPP06841,REP028,PRD03,2,2,Lead,208.37,OK,20260408,
OPP06842,REP017,PRD11,4,2,Lead,60.28,OK,20250906,
OPP06843,REP024,PRD11,1,1,Qualified,1312.47,OK,20260217,
OPP06844,REP018,PRD06,5,1,Lead,66.34,OK,20260728,
OPP06845,REP005,PRD07,5,2,Qualified,125.93,OK,20260806,
OPP06846,REP001,PRD02,4,1,Closed Won,103.64,OK,20260901,20260902
OPP06847,REP019,PRD06,1,1,Lead,136.64,OK,20250902,
OPP06848,REP018,PRD01,5,1,Qualified,23.93,OK,20260203,
OPP06849,REP030,PRD09,4,5,Lead,703.75,OK,20251227,
OPP06850,REP031,PRD05,3,2,Qualified,1122.3,OK,20250918,
OPP06851,REP020,PRD10,4,3,Lead,18.26,OK,20251004,
OPP06852,REP034,PRD14,1,1,Closed Lost,88.05,OK,20250828,20260114
OPP06853,REP002,PRD10,5,1,Closed Won,15.11,OK,20250802,20260104
OPP06854,REP008,PRD01,3,1,Qualified,31.45,OK,20260320,
OPP06855,REP006,PRD04,2,2,Closed Lost,48.92,OK,20251203,20260822
OPP06856,REP039,PRD09,1,3,Qualified,777.4,OK,20260316,
OPP06857,REP003,PRD13,3,2,Lead,269.56,OK,20260114,
OPP06858,REP036,PRD06,5,2,Lead,235.26,OK,20260224,
OPP06859,REP009,PRD15,3,1,Proposal,1383.36,OK,20260202,
OPP06860,REP006,PRD01,2,1,Closed Won,104.92,OK,20251129,20260830
OPP06861,REP037,PRD13,3,1,Qualified,59.53,OK,20251019,
OPP06862,REP040,PRD10,2,2,Lead,23.98,OK,20260829,
OPP06863,REP027,PRD11,3,2,Closed Won,447.75,OK,20260122,20260125
OPP06864,REP012,PRD01,3,1,Lead,159.32,OK,20260221,
OPP06865,REP022,PRD01,5,3,Lead,33.75,OK,20260207,
OPP06866,REP026,PRD10,3,5,Closed Won,25.57,OK,20260330,20260829
OPP06867,REP031,PRD07,3,2,Proposal,90.9,OK,20260513,
OPP06868,REP021,PRD14,2,1,Qualified,201.22,OK,20260515,
OPP06869,REP016,PRD09,2,1,Qualified,301.81,OK,20250713,
OPP06870,REP029,PRD10,4,2,Closed Lost,51.57,OK,20260705,20260823
OPP06871,REP010,PRD02,5,3,Closed Won,246.97,OK,20251027,20260330
OPP06872,REP004,PRD01,5,2,Qualified,106.12,OK,20251227,
OPP06873,REP028,PRD10,2,1,Lead,27.64,OK,20251227,
OPP06874,REP013,PRD08,5,3,Qualified,2932.65,OK,20251214,
OPP06875,REP029,PRD13,4,1,Proposal,216.18,OK,20260707,
OPP06876,REP027,PRD15,3,3,Lead,2211.76,OK,20260101,
OPP06877,REP025,PRD14,1,1,Closed Lost,30.19,OK,20260808,20260830
OPP06878,REP003,PRD12,3,2,Closed Lost,753.65,OK,20260627,20260730
OPP06879,REP008,PRD04,3,4,Closed Won,33.15,OK,20250908,20260107
OPP06880,REP024,PRD11,1,2,Qualified,1147.11,OK,20251126,
OPP06881,REP001,PRD01,4,2,Qualified,27.21,OK,20260602,
OPP06882,REP017,PRD08,4,1,Lead,2422.94,OK,20260524,
OPP06883,REP011,PRD03,4,4,Lead,859.34,OK,20251213,
OPP06884,REP002,PRD08,5,3,Proposal,4433.36,OK,20260609,
OPP06885,REP002,PRD13,5,1,Qualified,161.61,OK,20260618,
OPP06886,REP028,PRD01,2,1,Qualified,37.65,OK,20250727,
OPP06887,REP026,PRD11,3,3,Closed Won,1474.65,REVIEW,20260421,20260517
OPP06888,REP017,PRD02,4,2,Closed Won,60.29,OK,20251011,20260206
OPP06889,REP001,PRD13,4,5,Lead,199.28,OK,20250711,
OPP06890,REP032,PRD04,4,1,Closed Lost,61.87,OK,20260727,20260827
OPP06891,REP025,PRD07,1,2,Lead,188.26,OK,20260405,
OPP06892,REP036,PRD06,5,1,Lead,419.43,OK,20260324,
OPP06893,REP005,PRD05,5,1,Closed Won,531.11,OK,20251226,20260606
OPP06894,REP012,PRD12,3,4,Closed Lost,520.31,OK,20260530,20260804
OPP06895,REP028,PRD05,2,4,Lead,2520.37,OK,20260513,
OPP06896,REP017,PRD03,4,1,Qualified,760.62,OK,20260825,
OPP06897,REP010,PRD14,5,4,Lead,103.15,OK,20260221,
OPP06898,REP022,PRD02,5,4,Closed Lost,183.44,OK,20260314,20260705
OPP06899,REP029,PRD11,4,3,Lead,349.43,OK,20250722,
OPP06900,REP009,PRD01,3,1,Qualified,76.19,OK,20250729,
OPP06901,REP023,PRD12,4,2,Closed Won,249.73,OK,20251020,20251218
OPP06902,REP040,PRD11,2,1,Proposal,1912.49,OK,20260317,
OPP06903,REP036,PRD14,5,4,Lead,118.46,OK,20260503,
OPP06904,REP010,PRD13,5,3,Lead,331.03,OK,20260426,
OPP06905,REP016,PRD07,2,1,Proposal,113.79,OK,20251209,
OPP06906,REP031,PRD05,3,5,Qualified,772.14,OK,20260503,
OPP06907,REP018,PRD10,5,4,Qualified,112.57,OK,20250822,
OPP06908,REP019,PRD05,1,1,Closed Lost,565.23,OK,20260823,20260827
OPP06909,REP017,PRD04,4,3,Qualified,88.97,OK,20251127,
OPP06910,REP004,PRD15,5,1,Qualified,1427.95,OK,20260707,
OPP06911,REP039,PRD11,1,2,Lead,1814.0,OK,20250926,
OPP06912,REP009,PRD04,3,1,Closed Lost,8.89,OK,20260316,20260704
OPP06913,REP037,PRD04,3,2,Lead,91.06,OK,20260619,
OPP06914,REP006,PRD03,2,3,Closed Won,339.25,OK,20260225,20260315
OPP06915,REP021,PRD06,2,4,Lead,383.28,OK,20251114,
OPP06916,REP031,PRD14,3,3,Closed Lost,56.41,OK,20250923,20260612
OPP06917,REP004,PRD03,5,4,Lead,346.08,OK,20251118,
OPP06918,REP021,PRD05,2,3,Lead,1442.14,OK,20250728,
OPP06919,REP026,PRD04,3,2,Lead,103.82,OK,20260718,
OPP06920,REP040,PRD09,2,1,Lead,244.37,OK,20250724,
OPP06921,REP017,PRD06,4,4,Closed Lost,172.26,OK,20251126,20260211
OPP06922,REP022,PRD14,5,2,Closed Lost,256.65,OK,20250826,20260814
OPP06923,REP039,PRD15,1,2,Lead,3628.54,OK,20260429,
OPP06924,REP026,PRD11,3,2,Lead,1841.64,OK,20260209,
OPP06925,REP014,PRD09,2,4,Proposal,243.16,OK,20251210,
OPP06926,REP004,PRD07,5,1,Closed Lost,424.67,OK,20260101,20260424
OPP06927,REP020,PRD09,4,3,Proposal,689.23,OK,20260815,
OPP06928,REP026,PRD14,3,1,Closed Lost,201.85,OK,20250827,20260219
OPP06929,REP014,PRD11,2,2,Lead,1369.98,OK,20250817,
OPP06930,REP038,PRD11,5,3,Qualified,1141.81,OK,20260416,
OPP06931,REP017,PRD07,4,2,Proposal,282.49,OK,20260810,
OPP06932,REP032,PRD15,4,1,Lead,907.51,OK,20250712,
OPP06933,REP034,PRD03,1,2,Closed Lost,215.57,OK,20251114,20260320
OPP06934,REP020,PRD06,4,3,Qualified,190.1,OK,20260519,
OPP06935,REP038,PRD15,5,4,Lead,816.36,OK,20260503,
OPP06936,REP037,PRD03,3,2,Qualified,704.8,OK,20251102,
OPP06937,REP038,PRD15,5,2,Closed Lost,1273.13,OK,20250928,20251117
OPP06938,REP002,PRD13,5,1,Qualified,460.0,OK,20260824,
OPP06939,REP023,PRD07,4,5,Qualified,119.98,OK,20260524,
OPP06940,REP016,PRD06,2,1,Proposal,637.77,OK,20260710,
OPP06941,REP003,PRD03,3,1,Closed Lost,805.05,OK,20250826,20260124
OPP06942,REP001,PRD10,4,1,Proposal,140.25,OK,20251211,
OPP06943,REP013,PRD14,5,1,Proposal,25.25,OK,20251012,
OPP06944,REP006,PRD03,2,5,Closed Lost,775.23,OK,20251210,20260409
OPP06945,REP001,PRD06,4,1,Lead,127.86,OK,20260604,
OPP06946,REP025,PRD10,1,1,Closed Lost,32.45,OK,20260707,20260722
OPP06947,REP014,PRD15,2,1,Lead,934.05,OK,20260302,
OPP06948,REP028,PRD14,2,1,Closed Won,72.7,OK,20251208,20260621
OPP06949,REP019,PRD14,1,4,Closed Lost,83.82,OK,20260625,20260721
OPP06950,REP030,PRD12,4,1,Lead,508.75,OK,20251207,
OPP06951,REP025,PRD11,1,2,Qualified,2623.79,OK,20250709,
OPP06952,REP032,PRD08,4,2,Lead,2851.23,OK,20251022,
OPP06953,REP024,PRD03,1,2,Lead,677.39,OK,20260615,
OPP06954,REP034,PRD06,1,4,Qualified,246.38,OK,20250822,
OPP06955,REP023,PRD07,4,2,Lead,88.52,OK,20260510,
OPP06956,REP020,PRD12,4,5,Closed Lost,108.57,OK,20260111,20260803
OPP06957,REP009,PRD07,3,1,Lead,204.22,OK,20260316,
OPP06958,REP008,PRD01,3,4,Lead,26.82,OK,20260720,
OPP06959,REP010,PRD07,5,3,Proposal,55.99,OK,20260626,
OPP06960,REP021,PRD10,2,5,Qualified,15.02,OK,20260628,
OPP06961,REP037,PRD11,3,2,Closed Lost,2654.79,OK,20250803,20251012
OPP06962,REP018,PRD10,5,2,Qualified,70.61,OK,20260212,
OPP06963,REP017,PRD12,4,5,Qualified,96.47,OK,20260623,
OPP06964,REP023,PRD03,4,5,Closed Lost,577.06,OK,20260330,20260812
OPP06965,REP016,PRD06,2,1,Lead,148.28,OK,20260220,
OPP06966,REP023,PRD03,4,1,Closed Lost,530.77,OK,20260503,20260830
OPP06967,REP030,PRD12,4,1,Qualified,292.15,OK,20251117,
OPP06968,REP011,PRD12,4,3,Qualified,284.08,OK,20260522,
OPP06969,REP003,PRD14,3,2,Lead,243.48,OK,20260113,
OPP06970,REP039,PRD15,1,3,Proposal,468.5,OK,20251120,
OPP06971,REP005,PRD01,5,1,Closed Won,45.73,OK,20260604,20260718
OPP06972,REP029,PRD09,4,1,Lead,227.94,OK,20260428,
OPP06973,REP036,PRD09,5,1,Proposal,257.91,OK,20251123,
OPP06974,REP018,PRD11,5,1,Lead,3396.08,OK,20250916,
OPP06975,REP024,PRD13,1,5,Lead,248.93,OK,20260505,
OPP06976,REP014,PRD08,2,1,Closed Won,2534.51,OK,20250806,20260208
OPP06977,REP019,PRD09,1,1,Lead,316.12,OK,20251103,
OPP06978,REP018,PRD06,5,3,Proposal,1122.43,OK,20260201,
OPP06979,REP039,PRD12,1,3,Proposal,117.95,OK,20260825,
OPP06980,REP036,PRD01,5,3,Lead,137.4,OK,20260215,
OPP06981,REP005,PRD03,5,3,Lead,17.23,OK,20250824,
OPP06982,REP028,PRD03,2,4,Proposal,388.9,OK,20251219,
OPP06983,REP015,PRD03,4,3,Proposal,556.64,OK,20260722,
OPP06984,REP036,PRD06,5,2,Proposal,8.4,OK,20260519,
OPP06985,REP030,PRD01,4,4,Proposal,92.57,OK,20251006,
OPP06986,REP016,PRD02,2,5,Lead,233.91,OK,20260416,
OPP06987,REP024,PRD11,1,1,Qualified,1131.22,OK,20250901,
OPP06988,REP030,PRD06,4,1,Lead,138.85,OK,20250923,
OPP06989,REP004,PRD12,5,1,Closed Lost,192.15,OK,20260730,20260814
OPP06990,REP034,PRD10,1,2,Qualified,45.08,OK,20260518,
OPP06991,REP021,PRD06,2,2,Closed Won,278.93,OK,20260619,20260705
OPP06992,REP013,PRD07,5,3,Closed Lost,40.01,OK,20260116,20260406
OPP06993,REP032,PRD05,4,1,Proposal,755.41,OK,20260801,
OPP06994,REP009,PRD14,3,3,Lead,111.05,OK,20250807,
OPP06995,REP026,PRD14,3,2,Closed Lost,0.0,REVIEW,20260627,20260629
OPP06996,REP016,PRD07,2,1,Qualified,170.02,OK,20250829,
OPP06997,REP024,PRD15,1,4,Qualified,363.01,OK,20260627,
OPP06998,REP004,PRD02,5,2,Qualified,66.48,OK,20260426,
OPP06999,REP030,PRD08,4,5,Closed Lost,4640.21,OK,20260327,20260818
OPP07000,REP023,PRD13,4,2,Closed Lost,251.66,OK,20260510,20260616
OPP07001,REP019,PRD11,1,2,Lead,1353.43,OK,20260508,
OPP07002,REP017,PRD02,4,4,Lead,55.69,OK,20250802,
OPP07003,REP034,PRD15,1,4,Proposal,1275.95,OK,20250712,
OPP07004,REP036,PRD13,5,2,Lead,266.46,OK,20260114,
OPP07005,REP022,PRD02,5,5,Lead,152.87,OK,20251001,
OPP07006,REP022,PRD04,5,2,Lead,163.79,OK,20251018,
OPP07007,REP016,PRD06,2,2,Lead,224.0,OK,20260315,
OPP07008,REP005,PRD13,5,3,Closed Lost,112.57,OK,20260629,20260815
OPP07009,REP019,PRD07,1,1,Proposal,75.72,OK,20260627,
OPP07010,REP027,PRD02,3,3,Lead,25.36,OK,20250826,
OPP07011,REP036,PRD08,5,3,Lead,677.16,OK,20250906,
OPP07012,REP018,PRD11,5,5,Lead,1057.89,OK,20260108,
OPP07013,REP008,PRD09,3,1,Qualified,217.31,OK,20260608,
OPP07014,REP032,PRD03,4,4,Proposal,1165.21,OK,20251020,
OPP07015,REP010,PRD13,5,2,Lead,214.93,OK,20260704,
OPP07016,REP019,PRD12,1,2,Proposal,536.97,OK,20260205,
OPP07017,REP035,PRD07,3,1,Lead,159.61,OK,20251106,
OPP07018,REP014,PRD07,2,3,Closed Lost,109.8,OK,20251113,20251120
OPP07019,REP018,PRD02,5,1,Qualified,93.64,OK,20250920,
OPP07020,REP020,PRD01,4,2,Qualified,99.78,OK,20251118,
OPP07021,REP021,PRD15,2,1,Qualified,2571.13,OK,20260217,
OPP07022,REP038,PRD04,5,5,Closed Won,8.81,OK,20251008,20260503
OPP07023,REP020,PRD09,4,3,Proposal,126.83,OK,20260503,
OPP07024,REP019,PRD05,1,2,Closed Won,876.35,OK,20251111,20251211
OPP07025,REP022,PRD14,5,2,Proposal,39.88,OK,20250712,
OPP07026,REP005,PRD15,5,2,Lead,193.78,OK,20260201,
OPP07027,REP034,PRD14,1,3,Qualified,37.52,OK,20251031,
OPP07028,REP008,PRD14,3,1,Qualified,277.39,OK,20260611,
OPP07029,REP018,PRD02,5,1,Proposal,278.47,OK,20260408,
OPP07030,REP029,PRD06,4,5,Proposal,210.76,OK,20251119,
OPP07031,REP040,PRD06,2,2,Qualified,310.75,OK,20251219,
OPP07032,REP006,PRD15,2,2,Qualified,4378.83,OK,20250730,
OPP07033,REP015,PRD10,4,3,Lead,3.48,OK,20260821,
OPP07034,REP032,PRD06,4,2,Qualified,161.78,OK,20251218,
OPP07035,REP034,PRD10,1,3,Lead,87.82,OK,20260612,
OPP07036,REP031,PRD15,3,1,Lead,1383.69,OK,20250810,
OPP07037,REP010,PRD08,5,4,Lead,3164.86,OK,20260814,
OPP07038,REP016,PRD05,2,2,Closed Lost,3470.14,OK,20250921,20260219
OPP07039,REP013,PRD14,5,2,Lead,88.08,OK,20260228,
OPP07040,REP015,PRD14,4,4,Lead,88.67,OK,20260613,
OPP07041,REP038,PRD14,5,2,Proposal,39.88,OK,20250813,
OPP07042,REP020,PRD11,4,5,Qualified,2143.23,OK,20250707,
OPP07043,REP014,PRD04,2,2,Qualified,25.1,OK,20250810,
OPP07044,REP021,PRD14,2,3,Lead,141.8,OK,20260423,
OPP07045,REP008,PRD02,3,2,Lead,121.35,OK,20251207,
OPP07046,REP024,PRD13,1,5,Qualified,109.4,OK,20260113,
OPP07047,REP032,PRD05,4,5,Proposal,1539.19,OK,20260420,
OPP07048,REP039,PRD04,1,5,Lead,90.51,OK,20260105,
OPP07049,REP007,PRD11,3,2,Qualified,1530.89,OK,20251206,
OPP07050,REP034,PRD13,1,1,Closed Lost,85.07,OK,20250912,20250918
OPP07051,REP015,PRD01,4,1,Lead,106.99,OK,20260527,
OPP07052,REP036,PRD14,5,3,Qualified,97.38,OK,20250725,
OPP07053,REP026,PRD15,3,1,Proposal,446.62,OK,20250715,
OPP07054,REP004,PRD07,5,2,Closed Won,150.2,OK,20260322,20260828
OPP07055,REP037,PRD14,3,3,Lead,37.89,OK,20251130,
OPP07056,REP001,PRD06,4,2,Lead,825.83,OK,20250822,
OPP07057,REP040,PRD13,2,4,Proposal,177.82,OK,20251222,
OPP07058,REP015,PRD07,4,2,Proposal,93.72,OK,20250917,
OPP07059,REP006,PRD06,2,2,Proposal,337.97,OK,20251111,
OPP07060,REP009,PRD07,3,1,Lead,110.11,OK,20251110,
OPP07061,REP016,PRD11,2,3,Qualified,572.26,OK,20250807,
OPP07062,REP040,PRD06,2,1,Qualified,297.22,OK,20260522,
OPP07063,REP024,PRD01,1,3,Proposal,93.97,REVIEW,20260806,
OPP07064,REP011,PRD10,4,2,Qualified,61.43,OK,20250925,
OPP07065,REP001,PRD09,4,2,Lead,558.95,OK,20260315,
OPP07066,REP025,PRD05,1,5,Lead,830.88,OK,20260311,
OPP07067,REP030,PRD04,4,2,Lead,35.57,OK,20251128,
OPP07068,REP005,PRD05,5,2,Proposal,996.25,OK,20251211,
OPP07069,REP003,PRD04,3,1,Qualified,360.86,OK,20260828,
OPP07070,REP026,PRD12,3,1,Closed Lost,355.84,OK,20260506,20260728
OPP07071,REP013,PRD04,5,1,Lead,74.47,OK,20251005,
OPP07072,REP008,PRD09,3,1,Qualified,147.88,OK,20251231,
OPP07073,REP032,PRD08,4,1,Closed Lost,8735.23,OK,20251217,20260127
OPP07074,REP003,PRD04,3,5,Proposal,44.61,OK,20260406,
OPP07075,REP002,PRD03,5,2,Proposal,918.34,OK,20260312,
OPP07076,REP032,PRD04,4,2,Lead,52.05,OK,20251115,
OPP07077,REP024,PRD01,1,5,Lead,55.32,OK,20250715,
OPP07078,REP017,PRD06,4,2,Qualified,169.02,OK,20260512,
OPP07079,REP019,PRD05,1,1,Closed Lost,2149.57,OK,20260306,20260308
OPP07080,REP023,PRD06,4,4,Closed Lost,264.51,OK,20260502,20260612
OPP07081,REP019,PRD03,1,2,Closed Lost,178.11,OK,20260625,20260716
OPP07082,REP035,PRD01,3,4,Closed Lost,57.58,OK,20250824,20260506
OPP07083,REP004,PRD05,5,1,Lead,273.69,OK,20260205,
OPP07084,REP040,PRD10,2,1,Closed Won,55.94,OK,20260416,20260424
OPP07085,REP021,PRD01,2,2,Lead,113.43,OK,20250825,
OPP07086,REP020,PRD01,4,2,Lead,76.62,OK,20251220,
OPP07087,REP017,PRD03,4,1,Qualified,217.04,OK,20260519,
OPP07088,REP016,PRD04,2,1,Proposal,55.91,OK,20260223,
OPP07089,REP018,PRD10,5,1,Qualified,102.21,OK,20260727,
OPP07090,REP016,PRD04,2,1,Lead,98.48,OK,20250921,
OPP07091,REP011,PRD11,4,3,Qualified,1737.59,OK,20260824,
OPP07092,REP029,PRD10,4,2,Qualified,11.45,OK,20251114,
OPP07093,REP040,PRD11,2,4,Lead,1372.61,OK,20260115,
OPP07094,REP033,PRD09,4,4,Lead,331.91,OK,20250915,
OPP07095,REP003,PRD13,3,1,Closed Lost,35.91,OK,20260312,20260712
OPP07096,REP017,PRD04,4,2,Lead,42.64,OK,20260501,
OPP07097,REP026,PRD13,3,2,Lead,164.46,OK,20251015,
OPP07098,REP021,PRD05,2,2,Lead,378.61,OK,20260318,
OPP07099,REP007,PRD04,3,1,Proposal,16.05,OK,20251117,
OPP07100,REP007,PRD09,3,2,Lead,251.53,OK,20260307,
OPP07101,REP005,PRD09,5,1,Proposal,204.31,OK,20260713,
OPP07102,REP005,PRD01,5,2,Lead,32.96,OK,20250825,
OPP07103,REP040,PRD14,2,1,Lead,97.47,OK,20260321,
OPP07104,REP025,PRD01,1,1,Closed Won,16.14,OK,20250717,20260630
OPP07105,REP021,PRD06,2,2,Proposal,26.44,OK,20260426,
OPP07106,REP018,PRD15,5,1,Closed Won,947.56,OK,20260804,20260815
OPP07107,REP028,PRD14,2,4,Qualified,131.24,OK,20260730,
OPP07108,REP039,PRD09,1,2,Qualified,160.3,OK,20250714,
OPP07109,REP034,PRD12,1,1,Closed Won,247.91,OK,20251231,20260108
OPP07110,REP013,PRD03,5,3,Lead,222.4,OK,20251008,
OPP07111,REP027,PRD10,3,2,Closed Lost,118.15,REVIEW,20260228,20260414
OPP07112,REP004,PRD10,5,2,Qualified,16.63,OK,20260601,
OPP07113,REP025,PRD15,1,3,Proposal,23.63,OK,20260109,
OPP07114,REP012,PRD14,3,2,Closed Won,100.4,OK,20250903,20250926
OPP07115,REP031,PRD05,3,2,Lead,390.87,OK,20251018,
OPP07116,REP011,PRD06,4,1,Lead,177.22,OK,20260420,
OPP07117,REP026,PRD04,3,5,Proposal,83.33,OK,20260726,
OPP07118,REP039,PRD13,1,3,Qualified,119.38,OK,20260219,
OPP07119,REP020,PRD02,4,2,Qualified,243.56,OK,20251207,
OPP07120,REP006,PRD07,2,1,Closed Won,448.6,OK,20251029,20260323
OPP07121,REP020,PRD07,4,4,Lead,23.7,OK,20251209,
OPP07122,REP020,PRD11,4,2,Lead,1722.94,OK,20250802,
OPP07123,REP002,PRD15,5,2,Lead,334.37,OK,20260104,
OPP07124,REP032,PRD07,4,1,Closed Won,82.32,OK,20260613,20260823
OPP07125,REP018,PRD08,5,1,Qualified,1534.41,OK,20260316,
OPP07126,REP011,PRD01,4,2,Lead,106.94,OK,20251016,
OPP07127,REP028,PRD10,2,1,Lead,37.5,OK,20260205,
OPP07128,REP034,PRD11,1,1,Qualified,1648.46,OK,20260307,
OPP07129,REP008,PRD12,3,2,Lead,80.7,OK,20250803,
OPP07130,REP002,PRD11,5,4,Proposal,758.71,OK,20260812,
OPP07131,REP020,PRD12,4,1,Closed Won,188.34,OK,20260522,20260717
OPP07132,REP025,PRD02,1,1,Proposal,203.87,OK,20250722,
OPP07133,REP004,PRD14,5,1,Proposal,246.73,OK,20251228,
OPP07134,REP021,PRD13,2,5,Lead,330.26,OK,20260318,
OPP07135,REP022,PRD05,5,4,Qualified,1635.71,OK,20260327,
OPP07136,REP005,PRD07,5,2,Proposal,173.02,OK,20260108,
OPP07137,REP010,PRD03,5,2,Qualified,652.3,OK,20251210,
OPP07138,REP037,PRD06,3,4,Lead,181.22,OK,20260826,
OPP07139,REP003,PRD14,3,1,Closed Lost,39.33,OK,20250815,20260802
OPP07140,REP033,PRD03,4,1,Closed Lost,304.45,OK,20260112,20260408
OPP07141,REP033,PRD08,4,3,Closed Won,2707.14,OK,20260426,20260805
OPP07142,REP028,PRD01,2,2,Lead,13.09,OK,20260310,
OPP07143,REP025,PRD11,1,3,Closed Won,1944.51,OK,20251123,20260513
OPP07144,REP026,PRD13,3,1,Lead,883.62,OK,20250708,
OPP07145,REP011,PRD04,4,3,Qualified,288.47,OK,20250823,
OPP07146,REP019,PRD08,1,1,Closed Won,2732.1,OK,20260720,20260723
OPP07147,REP005,PRD13,5,1,Closed Won,160.64,OK,20251130,20251220
OPP07148,REP003,PRD03,3,2,Qualified,190.76,OK,20251021,
OPP07149,REP012,PRD09,3,3,Qualified,610.43,OK,20251209,
OPP07150,REP025,PRD14,1,1,Lead,61.73,OK,20251009,
OPP07151,REP033,PRD08,4,4,Closed Lost,1082.27,OK,20250913,20251119
OPP07152,REP040,PRD04,2,5,Lead,58.96,OK,20251209,
OPP07153,REP039,PRD06,1,5,Proposal,442.36,OK,20260103,
OPP07154,REP014,PRD12,2,1,Closed Won,464.51,OK,20260802,20260805
OPP07155,REP015,PRD14,4,5,Qualified,71.36,OK,20260531,
OPP07156,REP040,PRD15,2,4,Lead,1520.74,OK,20260701,
OPP07157,REP033,PRD08,4,1,Lead,354.33,OK,20260302,
OPP07158,REP005,PRD10,5,2,Qualified,63.8,OK,20251108,
OPP07159,REP004,PRD13,5,1,Qualified,115.27,OK,20251204,
OPP07160,REP026,PRD12,3,2,Closed Won,48.76,OK,20260110,20260623
OPP07161,REP030,PRD05,4,3,Closed Lost,2295.34,OK,20251118,20260711
OPP07162,REP034,PRD10,1,4,Qualified,29.09,OK,20260113,
OPP07163,REP040,PRD06,2,2,Qualified,233.93,OK,20260224,
OPP07164,REP002,PRD09,5,2,Qualified,657.69,OK,20260210,
OPP07165,REP007,PRD01,3,2,Closed Lost,40.06,OK,20260617,20260817
OPP07166,REP027,PRD14,3,4,Qualified,110.32,OK,20251207,
OPP07167,REP013,PRD09,5,1,Lead,445.97,OK,20260131,
OPP07168,REP027,PRD03,3,2,Qualified,238.31,OK,20260712,
OPP07169,REP013,PRD09,5,2,Closed Won,186.53,OK,20250904,20260121
OPP07170,REP035,PRD07,3,2,Closed Won,47.65,OK,20260509,20260721
OPP07171,REP018,PRD13,5,2,Lead,228.06,OK,20251111,
OPP07172,REP013,PRD02,5,4,Closed Won,129.37,OK,20260704,20260815
OPP07173,REP035,PRD07,3,1,Qualified,283.39,OK,20260528,
OPP07174,REP029,PRD12,4,3,Qualified,87.19,OK,20260731,
OPP07175,REP034,PRD09,1,1,Qualified,212.93,OK,20260605,
OPP07176,REP017,PRD04,4,2,Qualified,139.32,OK,20251102,
OPP07177,REP004,PRD01,5,2,Closed Won,10.45,OK,20260713,20260714
OPP07178,REP039,PRD07,1,3,Lead,165.14,OK,20260426,
OPP07179,REP017,PRD07,4,4,Closed Lost,77.62,OK,20260531,20260821
OPP07180,REP023,PRD09,4,1,Proposal,118.55,OK,20250906,
OPP07181,REP029,PRD10,4,5,Lead,72.7,OK,20260222,
OPP07182,REP034,PRD05,1,2,Proposal,402.67,OK,20260825,
OPP07183,REP034,PRD10,1,3,Lead,5.4,OK,20251030,
OPP07184,REP022,PRD01,5,5,Lead,89.71,OK,20251117,
OPP07185,REP022,PRD02,5,1,Closed Lost,241.92,OK,20260119,20260615
OPP07186,REP014,PRD05,2,1,Proposal,329.2,OK,20260629,
OPP07187,REP022,PRD14,5,1,Closed Won,88.1,OK,20260226,20260525
OPP07188,REP024,PRD11,1,2,Closed Lost,1205.71,OK,20260208,20260703
OPP07189,REP036,PRD09,5,1,Closed Won,485.43,OK,20260712,20260718
OPP07190,REP010,PRD14,5,4,Closed Lost,100.43,OK,20260319,20260414
OPP07191,REP018,PRD14,5,1,Closed Lost,114.87,OK,20260703,20260722
OPP07192,REP013,PRD10,5,2,Closed Won,25.92,OK,20251101,20260113
OPP07193,REP012,PRD12,3,1,Lead,113.45,OK,20250707,
OPP07194,REP024,PRD02,1,2,Closed Lost,102.37,OK,20250713,20260805
OPP07195,REP029,PRD13,4,1,Qualified,60.19,OK,20260420,
OPP07196,REP034,PRD10,1,2,Qualified,52.06,OK,20260720,
OPP07197,REP024,PRD06,1,3,Closed Won,342.8,OK,20260514,20260802
OPP07198,REP032,PRD09,4,2,Lead,1181.72,OK,20260506,
OPP07199,REP017,PRD03,4,2,Lead,568.9,OK,20260419,
OPP07200,REP023,PRD07,4,2,Qualified,67.64,OK,20260428,
OPP07201,REP025,PRD13,1,1,Closed Lost,263.91,OK,20260719,20260802
OPP07202,REP037,PRD11,3,5,Closed Lost,2812.86,OK,20250828,20260202
OPP07203,REP026,PRD11,3,1,Qualified,4870.37,OK,20250803,
OPP07204,REP027,PRD09,3,5,Qualified,114.83,OK,20251008,
OPP07205,REP010,PRD10,5,4,Proposal,68.55,OK,20260428,
OPP07206,REP026,PRD13,3,1,Closed Won,60.72,OK,20251107,20260121
OPP07207,REP006,PRD11,2,2,Lead,653.11,OK,20260607,
OPP07208,REP037,PRD13,3,1,Closed Won,58.28,OK,20260118,20260602
OPP07209,REP019,PRD06,1,1,Proposal,146.6,OK,20260803,
OPP07210,REP018,PRD05,5,5,Lead,4166.84,OK,20260718,
OPP07211,REP002,PRD06,5,1,Qualified,282.06,OK,20260415,
OPP07212,REP020,PRD12,4,3,Closed Lost,328.39,OK,20250817,20260426
OPP07213,REP027,PRD15,3,3,Lead,3089.84,OK,20260429,
OPP07214,REP031,PRD01,3,2,Qualified,58.19,OK,20260529,
OPP07215,REP017,PRD08,4,1,Lead,2320.78,OK,20260111,
OPP07216,REP005,PRD04,5,4,Proposal,17.43,OK,20260108,
OPP07217,REP027,PRD07,3,5,Closed Won,9.43,OK,20260710,20260713
OPP07218,REP039,PRD06,1,5,Proposal,656.64,OK,20260410,
OPP07219,REP001,PRD11,4,4,Closed Won,1214.44,OK,20250725,20251116
OPP07220,REP010,PRD06,5,2,Proposal,77.91,OK,20260122,
OPP07221,REP023,PRD03,4,3,Lead,174.61,OK,20260622,
OPP07222,REP003,PRD09,3,4,Lead,242.24,OK,20251026,
OPP07223,REP010,PRD06,5,3,Closed Won,104.59,OK,20260117,20260423
OPP07224,REP011,PRD15,4,4,Lead,1810.97,OK,20251106,
OPP07225,REP024,PRD11,1,2,Closed Won,1222.64,OK,20250713,20251011
OPP07226,REP026,PRD13,3,3,Closed Lost,283.04,OK,20250913,20260521
OPP07227,REP006,PRD09,2,2,Lead,585.78,OK,20260428,
OPP07228,REP036,PRD14,5,4,Lead,137.83,OK,20260508,
OPP07229,REP032,PRD07,4,1,Qualified,113.3,OK,20250904,
OPP07230,REP017,PRD02,4,5,Proposal,123.1,OK,20260810,
OPP07231,REP027,PRD01,3,3,Lead,62.41,OK,20251127,
OPP07232,REP025,PRD11,1,1,Lead,865.34,OK,20260528,
OPP07233,REP030,PRD06,4,1,Closed Lost,158.36,OK,20251109,20260423
OPP07234,REP006,PRD10,2,3,Lead,60.61,OK,20260116,
OPP07235,REP006,PRD06,2,1,Proposal,948.22,OK,20260223,
OPP07236,REP039,PRD12,1,5,Qualified,168.95,OK,20260727,
OPP07237,REP040,PRD01,2,5,Closed Lost,109.14,OK,20260822,20260829
OPP07238,REP037,PRD01,3,1,Lead,6.92,OK,20260427,
OPP07239,REP035,PRD01,3,2,Lead,124.71,OK,20260228,
OPP07240,REP040,PRD05,2,3,Qualified,1563.0,OK,20260519,
OPP07241,REP011,PRD08,4,1,Closed Won,5150.91,OK,20250911,20251023
OPP07242,REP003,PRD12,3,4,Closed Lost,299.39,OK,20260328,20260902
OPP07243,REP024,PRD05,1,4,Qualified,1162.89,OK,20251022,
OPP07244,REP031,PRD03,3,5,Qualified,376.16,OK,20260128,
OPP07245,REP009,PRD04,3,4,Closed Won,33.93,OK,20251213,20260516
OPP07246,REP036,PRD10,5,4,Closed Lost,38.31,OK,20260228,20260301
OPP07247,REP014,PRD14,2,1,Closed Won,74.12,OK,20251111,20260520
OPP07248,REP020,PRD05,4,5,Closed Won,166.2,OK,20250705,20250918
OPP07249,REP021,PRD12,2,5,Qualified,35.21,OK,20250827,
OPP07250,REP001,PRD08,4,2,Proposal,3280.91,OK,20260524,
OPP07251,REP018,PRD12,5,2,Qualified,233.56,OK,20260815,
OPP07252,REP013,PRD13,5,1,Lead,176.81,OK,20260523,
OPP07253,REP029,PRD01,4,2,Proposal,27.62,OK,20260212,
OPP07254,REP033,PRD14,4,1,Closed Lost,131.07,OK,20260603,20260619
OPP07255,REP040,PRD05,2,2,Closed Lost,729.64,OK,20251118,20260412
OPP07256,REP006,PRD10,2,2,Closed Won,56.76,OK,20251125,20260825
OPP07257,REP036,PRD07,5,4,Proposal,195.94,OK,20251016,
OPP07258,REP013,PRD14,5,2,Lead,164.34,OK,20251204,
OPP07259,REP010,PRD06,5,2,Closed Lost,63.12,OK,20260716,20260802
OPP07260,REP011,PRD13,4,1,Closed Lost,432.83,OK,20260729,20260803
OPP07261,REP040,PRD15,2,2,Lead,2489.27,OK,20260619,
OPP07262,REP027,PRD10,3,2,Proposal,40.01,OK,20251216,
OPP07263,REP036,PRD03,5,1,Proposal,413.22,OK,20251125,
OPP07264,REP033,PRD07,4,4,Lead,65.02,OK,20251207,
OPP07265,REP001,PRD09,4,2,Qualified,95.9,OK,20250818,
OPP07266,REP039,PRD08,1,4,Closed Won,4729.75,OK,20251122,20260204
OPP07267,REP034,PRD02,1,1,Lead,96.02,OK,20260121,
OPP07268,REP024,PRD07,1,1,Lead,292.33,OK,20260517,
OPP07269,REP021,PRD15,2,3,Closed Won,3754.38,OK,20260611,20260810
OPP07270,REP038,PRD09,5,1,Qualified,392.08,OK,20250926,
OPP07271,REP028,PRD13,2,3,Lead,65.89,OK,20251110,
OPP07272,REP005,PRD03,5,1,Lead,239.43,OK,20250903,
OPP07273,REP021,PRD13,2,2,Lead,150.44,OK,20260216,
OPP07274,REP039,PRD01,1,2,Qualified,27.82,OK,20250908,
OPP07275,REP040,PRD02,2,1,Qualified,89.33,OK,20260423,
OPP07276,REP028,PRD10,2,1,Lead,102.88,OK,20251008,
OPP07277,REP013,PRD03,5,4,Proposal,584.36,OK,20260203,
OPP07278,REP013,PRD15,5,3,Proposal,302.88,OK,20250822,
OPP07279,REP026,PRD03,3,2,Proposal,715.12,OK,20260326,
OPP07280,REP021,PRD10,2,3,Qualified,36.8,OK,20250727,
OPP07281,REP015,PRD10,4,2,Closed Won,18.08,OK,20260102,20260706
OPP07282,REP014,PRD13,2,2,Proposal,158.41,OK,20260715,
OPP07283,REP026,PRD10,3,4,Proposal,93.94,OK,20250920,
OPP07284,REP037,PRD06,3,3,Closed Lost,104.42,OK,20250711,20250827
OPP07285,REP009,PRD07,3,2,Closed Lost,188.72,OK,20260126,20260128
OPP07286,REP036,PRD01,5,1,Lead,84.67,OK,20250805,
OPP07287,REP021,PRD05,2,1,Closed Lost,481.26,OK,20250917,20251207
OPP07288,REP032,PRD12,4,1,Lead,100.42,OK,20260813,
OPP07289,REP022,PRD07,5,2,Lead,23.82,OK,20250709,
OPP07290,REP016,PRD09,2,1,Proposal,187.01,OK,20260421,
OPP07291,REP023,PRD14,4,2,Closed Won,24.67,OK,20260811,20260829
OPP07292,REP033,PRD14,4,3,Lead,19.91,OK,20260126,
OPP07293,REP010,PRD02,5,2,Lead,66.65,OK,20260716,
OPP07294,REP037,PRD05,3,1,Qualified,1040.46,OK,20260706,
OPP07295,REP036,PRD05,5,2,Closed Won,1197.54,OK,20260322,20260717
OPP07296,REP013,PRD15,5,1,Closed Lost,899.66,OK,20260602,20260704
OPP07297,REP024,PRD14,1,1,Lead,89.74,OK,20260417,
OPP07298,REP020,PRD11,4,1,Qualified,1367.29,OK,20260327,
OPP07299,REP017,PRD09,4,3,Lead,75.46,OK,20260305,
OPP07300,REP015,PRD11,4,2,Proposal,3583.43,OK,20260106,
OPP07301,REP026,PRD08,3,1,Qualified,822.74,OK,20260410,
OPP07302,REP035,PRD10,3,2,Closed Lost,53.98,OK,20260509,20260721
OPP07303,REP004,PRD10,5,2,Lead,40.02,OK,20250817,
OPP07304,REP026,PRD09,3,3,Qualified,627.66,OK,20260406,
OPP07305,REP039,PRD11,1,4,Qualified,453.82,OK,20260317,
OPP07306,REP018,PRD02,5,1,Closed Lost,58.81,OK,20250919,20250920
OPP07307,REP026,PRD01,3,2,Closed Won,53.32,OK,20260623,20260829
OPP07308,REP014,PRD08,2,1,Closed Won,2639.42,OK,20260512,20260607
OPP07309,REP002,PRD11,5,2,Lead,1447.63,OK,20250723,
OPP07310,REP012,PRD15,3,1,Lead,1730.04,OK,20251007,
OPP07311,REP007,PRD13,3,4,Lead,63.84,OK,20260820,
OPP07312,REP008,PRD13,3,3,Closed Lost,44.9,OK,20260206,20260513
OPP07313,REP011,PRD09,4,4,Proposal,638.89,OK,20260416,
OPP07314,REP038,PRD03,5,3,Proposal,479.56,OK,20260620,
OPP07315,REP004,PRD15,5,1,Lead,771.28,OK,20260708,
OPP07316,REP029,PRD05,4,2,Proposal,2652.57,OK,20260807,
OPP07317,REP014,PRD14,2,4,Proposal,58.93,OK,20260520,
OPP07318,REP037,PRD08,3,2,Closed Lost,3899.41,OK,20251126,20251127
OPP07319,REP002,PRD14,5,1,Proposal,23.22,OK,20260311,
OPP07320,REP020,PRD10,4,3,Lead,33.25,REVIEW,20250716,
OPP07321,REP016,PRD08,2,4,Closed Lost,1174.92,OK,20260409,20260417
OPP07322,REP027,PRD09,3,2,Lead,312.79,OK,20260313,
OPP07323,REP007,PRD06,3,2,Lead,324.29,OK,20260614,
OPP07324,REP014,PRD07,2,1,Lead,92.23,OK,20260101,
OPP07325,REP037,PRD08,3,2,Qualified,1728.08,OK,20260715,
OPP07326,REP027,PRD05,3,1,Qualified,110.35,OK,20260510,
OPP07327,REP027,PRD11,3,2,Qualified,1565.33,OK,20250905,
OPP07328,REP029,PRD07,4,2,Closed Won,149.05,OK,20260331,20260622
OPP07329,REP007,PRD01,3,4,Lead,40.89,OK,20260708,
OPP07330,REP001,PRD11,4,3,Qualified,2926.11,OK,20250920,
OPP07331,REP039,PRD08,1,2,Qualified,631.75,OK,20260428,
OPP07332,REP006,PRD07,2,2,Proposal,164.12,OK,20260217,
OPP07333,REP008,PRD10,3,2,Lead,148.9,OK,20251202,
OPP07334,REP017,PRD08,4,1,Closed Won,831.78,OK,20251023,20260512
OPP07335,REP002,PRD12,5,1,Qualified,269.01,OK,20260730,
OPP07336,REP020,PRD12,4,1,Qualified,273.22,OK,20250728,
OPP07337,REP030,PRD08,4,2,Closed Won,1038.09,OK,20251011,20260422
OPP07338,REP010,PRD01,5,2,Proposal,84.37,OK,20250909,
OPP07339,REP010,PRD14,5,4,Qualified,74.03,OK,20260223,
OPP07340,REP002,PRD14,5,1,Lead,16.32,OK,20260701,
OPP07341,REP005,PRD06,5,2,Closed Won,74.73,OK,20251111,20260503
OPP07342,REP035,PRD15,3,5,Qualified,176.56,OK,20251001,
OPP07343,REP025,PRD04,1,1,Qualified,327.59,OK,20260713,
OPP07344,REP023,PRD02,4,3,Lead,31.59,OK,20260827,
OPP07345,REP002,PRD01,5,1,Closed Won,36.94,OK,20260107,20260411
OPP07346,REP038,PRD11,5,3,Closed Lost,477.42,OK,20251215,20260219
OPP07347,REP029,PRD14,4,2,Proposal,183.03,OK,20250911,
OPP07348,REP019,PRD13,1,1,Closed Lost,280.35,OK,20250923,20260310
OPP07349,REP018,PRD02,5,3,Closed Won,231.96,OK,20250726,20251127
OPP07350,REP025,PRD07,1,4,Qualified,43.69,OK,20260314,
OPP07351,REP025,PRD07,1,2,Proposal,161.33,OK,20260427,
OPP07352,REP031,PRD11,3,5,Qualified,1062.92,OK,20260206,
OPP07353,REP012,PRD08,3,2,Lead,1436.35,OK,20251222,
OPP07354,REP014,PRD15,2,1,Closed Lost,2500.46,OK,20260120,20260723
OPP07355,REP022,PRD03,5,5,Lead,1149.19,OK,20251007,
OPP07356,REP023,PRD12,4,3,Qualified,267.8,OK,20251017,
OPP07357,REP009,PRD15,3,4,Proposal,733.93,OK,20260823,
OPP07358,REP018,PRD04,5,1,Closed Lost,93.74,OK,20260721,20260725
OPP07359,REP012,PRD03,3,3,Lead,113.51,OK,20260319,
OPP07360,REP029,PRD07,4,1,Closed Lost,49.84,OK,20251224,20260804
OPP07361,REP027,PRD11,3,5,Lead,646.66,OK,20250823,
OPP07362,REP007,PRD05,3,3,Closed Lost,230.28,OK,20260327,20260608
OPP07363,REP005,PRD14,5,2,Lead,23.83,OK,20260426,
OPP07364,REP039,PRD04,1,4,Lead,42.71,OK,20260608,
OPP07365,REP027,PRD03,3,1,Qualified,123.87,OK,20260101,
OPP07366,REP034,PRD05,1,4,Lead,1097.63,OK,20251224,
OPP07367,REP029,PRD04,4,3,Lead,125.15,OK,20260121,
OPP07368,REP006,PRD14,2,3,Qualified,9.06,OK,20251001,
OPP07369,REP022,PRD13,5,3,Lead,92.28,OK,20260215,
OPP07370,REP021,PRD12,2,1,Qualified,590.87,OK,20250910,
OPP07371,REP008,PRD13,3,2,Qualified,138.44,OK,20250928,
OPP07372,REP025,PRD08,1,1,Closed Won,3636.72,OK,20250911,20260121
OPP07373,REP036,PRD02,5,1,Lead,562.17,OK,20251127,
OPP07374,REP020,PRD14,4,3,Lead,35.84,OK,20251002,
OPP07375,REP019,PRD10,1,3,Qualified,30.99,OK,20260415,
OPP07376,REP017,PRD11,4,2,Closed Lost,986.2,OK,20251010,20260208
OPP07377,REP028,PRD13,2,1,Qualified,28.86,OK,20260425,
OPP07378,REP014,PRD01,2,4,Lead,126.9,OK,20250705,
OPP07379,REP014,PRD14,2,3,Proposal,49.08,OK,20260302,
OPP07380,REP022,PRD14,5,2,Lead,65.71,OK,20250821,
OPP07381,REP010,PRD09,5,2,Qualified,543.38,OK,20260824,
OPP07382,REP031,PRD09,3,1,Lead,570.85,OK,20251128,
OPP07383,REP001,PRD12,4,2,Closed Lost,242.29,OK,20260501,20260722
OPP07384,REP021,PRD07,2,3,Qualified,55.86,OK,20260309,
OPP07385,REP001,PRD10,4,1,Closed Lost,47.16,OK,20260413,20260822
OPP07386,REP040,PRD06,2,2,Proposal,725.27,OK,20251010,
OPP07387,REP037,PRD11,3,3,Qualified,2193.26,OK,20260811,
OPP07388,REP011,PRD04,4,1,Lead,9.46,OK,20251223,
OPP07389,REP025,PRD15,1,2,Proposal,740.97,OK,20250924,
OPP07390,REP025,PRD03,1,2,Closed Lost,1414.65,OK,20260507,20260508
OPP07391,REP017,PRD06,4,2,Qualified,500.99,OK,20260826,
OPP07392,REP036,PRD03,5,1,Closed Won,362.11,OK,20260626,20260726
OPP07393,REP020,PRD11,4,4,Lead,4265.9,OK,20251024,
OPP07394,REP028,PRD02,2,1,Closed Won,390.27,OK,20260219,20260515
OPP07395,REP019,PRD15,1,2,Lead,654.58,OK,20260727,
OPP07396,REP035,PRD11,3,4,Qualified,287.41,OK,20260623,
OPP07397,REP023,PRD08,4,1,Proposal,891.16,OK,20251026,
OPP07398,REP026,PRD04,3,3,Proposal,32.57,OK,20260209,
OPP07399,REP024,PRD06,1,1,Lead,20.66,OK,20251025,
OPP07400,REP001,PRD10,4,5,Proposal,8.0,OK,20250730,
OPP07401,REP034,PRD11,1,2,Proposal,1020.48,OK,20260309,
OPP07402,REP006,PRD14,2,1,Lead,141.09,OK,20260228,
OPP07403,REP038,PRD07,5,4,Proposal,62.78,OK,20260729,
OPP07404,REP032,PRD13,4,2,Proposal,171.79,OK,20251007,
OPP07405,REP025,PRD03,1,2,Qualified,779.88,OK,20260201,
OPP07406,REP003,PRD15,3,3,Closed Won,779.47,OK,20260710,20260730
OPP07407,REP010,PRD08,5,2,Qualified,3948.1,OK,20260723,
OPP07408,REP015,PRD12,4,5,Proposal,134.12,OK,20260215,
OPP07409,REP006,PRD02,2,5,Lead,50.84,OK,20260422,
OPP07410,REP030,PRD08,4,1,Lead,5340.75,OK,20250818,
OPP07411,REP025,PRD10,1,5,Proposal,58.4,OK,20260319,
OPP07412,REP015,PRD03,4,1,Closed Won,162.56,OK,20251030,20260804
OPP07413,REP013,PRD12,5,2,Lead,611.97,OK,20251214,
OPP07414,REP030,PRD12,4,4,Lead,155.8,OK,20251225,
OPP07415,REP002,PRD13,5,2,Qualified,205.44,OK,20250813,
OPP07416,REP032,PRD06,4,1,Closed Lost,240.81,OK,20251120,20260528
OPP07417,REP035,PRD01,3,3,Qualified,100.42,OK,20260504,
OPP07418,REP031,PRD12,3,2,Lead,546.77,OK,20260221,
OPP07419,REP016,PRD08,2,3,Qualified,821.27,OK,20251104,
OPP07420,REP007,PRD11,3,2,Qualified,3017.27,OK,20250720,
OPP07421,REP021,PRD15,2,2,Qualified,655.27,OK,20260504,
OPP07422,REP038,PRD05,5,4,Lead,586.84,OK,20260323,
OPP07423,REP029,PRD15,4,3,Proposal,309.86,OK,20260528,
OPP07424,REP016,PRD07,2,2,Qualified,93.18,OK,20260706,
OPP07425,REP040,PRD06,2,5,Proposal,242.15,OK,20260331,
OPP07426,REP018,PRD08,5,4,Lead,2090.03,OK,20260503,
OPP07427,REP037,PRD03,3,1,Qualified,91.83,OK,20260503,
OPP07428,REP018,PRD15,5,2,Closed Lost,1326.41,OK,20250828,20260320
OPP07429,REP026,PRD07,3,1,Qualified,31.67,OK,20260208,
OPP07430,REP035,PRD13,3,4,Lead,183.11,OK,20260208,
OPP07431,REP016,PRD03,2,3,Qualified,346.58,OK,20251202,
OPP07432,REP024,PRD04,1,3,Lead,109.58,OK,20260505,
OPP07433,REP031,PRD01,3,3,Qualified,43.98,OK,20250917,
OPP07434,REP013,PRD09,5,1,Closed Lost,179.54,OK,20251013,20260215
OPP07435,REP035,PRD12,3,2,Proposal,151.62,OK,20250815,
OPP07436,REP001,PRD01,4,1,Qualified,69.42,OK,20260225,
OPP07437,REP036,PRD06,5,2,Closed Won,102.68,OK,20260624,20260826
OPP07438,REP026,PRD12,3,2,Proposal,459.41,OK,20251108,
OPP07439,REP013,PRD15,5,1,Lead,2001.8,OK,20251018,
OPP07440,REP011,PRD12,4,2,Lead,231.42,OK,20260612,
OPP07441,REP007,PRD03,3,2,Lead,370.99,OK,20260713,
OPP07442,REP013,PRD15,5,1,Lead,690.89,OK,20260215,
OPP07443,REP027,PRD15,3,4,Lead,1265.96,OK,20251024,
OPP07444,REP028,PRD15,2,1,Lead,260.95,OK,20251213,
OPP07445,REP020,PRD08,4,1,Closed Lost,5001.93,OK,20251220,20260305
OPP07446,REP012,PRD14,3,3,Qualified,47.17,OK,20250711,
OPP07447,REP039,PRD05,1,3,Proposal,1596.44,OK,20260411,
OPP07448,REP033,PRD11,4,2,Lead,1766.0,OK,20250921,
OPP07449,REP032,PRD04,4,2,Closed Lost,109.71,OK,20251026,20260321
OPP07450,REP007,PRD05,3,2,Proposal,1462.51,OK,20260531,
OPP07451,REP013,PRD06,5,1,Qualified,362.91,OK,20251111,
OPP07452,REP033,PRD11,4,4,Closed Lost,4672.38,OK,20250816,20250922
OPP07453,REP009,PRD06,3,1,Lead,192.6,OK,20260406,
OPP07454,REP007,PRD02,3,1,Qualified,426.84,OK,20260707,
OPP07455,REP004,PRD05,5,1,Qualified,1184.0,OK,20251120,
OPP07456,REP028,PRD10,2,2,Closed Lost,21.57,OK,20250813,20250927
OPP07457,REP005,PRD03,5,1,Proposal,478.16,OK,20260808,
OPP07458,REP037,PRD04,3,3,Proposal,71.04,OK,20260323,
OPP07459,REP009,PRD01,3,2,Qualified,23.43,OK,20260605,
OPP07460,REP039,PRD12,1,5,Proposal,398.95,OK,20251027,
OPP07461,REP032,PRD12,4,5,Lead,173.2,OK,20260513,
OPP07462,REP028,PRD07,2,2,Closed Won,235.04,OK,20260110,20260123
OPP07463,REP003,PRD11,3,4,Proposal,4239.62,OK,20251004,
OPP07464,REP025,PRD12,1,5,Proposal,522.43,OK,20260107,
OPP07465,REP002,PRD03,5,1,Proposal,29.35,OK,20260508,
OPP07466,REP009,PRD13,3,2,Lead,35.69,OK,20260718,
OPP07467,REP038,PRD01,5,3,Qualified,110.52,OK,20260224,
OPP07468,REP034,PRD01,1,2,Qualified,37.67,OK,20251114,
OPP07469,REP011,PRD02,4,2,Qualified,60.99,OK,20260421,
OPP07470,REP021,PRD07,2,5,Qualified,143.62,OK,20250911,
OPP07471,REP018,PRD14,5,1,Lead,247.29,OK,20260629,
OPP07472,REP039,PRD13,1,1,Closed Won,265.97,OK,20260426,20260618
OPP07473,REP018,PRD12,5,1,Closed Won,70.84,OK,20260614,20260719
OPP07474,REP040,PRD02,2,2,Qualified,436.34,OK,20250713,
OPP07475,REP008,PRD02,3,4,Qualified,439.97,OK,20251005,
OPP07476,REP020,PRD11,4,4,Proposal,850.58,OK,20251002,
OPP07477,REP031,PRD04,3,1,Proposal,127.22,OK,20250906,
OPP07478,REP014,PRD10,2,4,Qualified,16.8,OK,20251006,
OPP07479,REP028,PRD12,2,2,Lead,339.11,OK,20260718,
OPP07480,REP025,PRD14,1,1,Lead,310.42,OK,20260803,
OPP07481,REP014,PRD09,2,2,Qualified,0.0,REVIEW,20251225,
OPP07482,REP028,PRD03,2,1,Lead,295.05,OK,20250721,
OPP07483,REP012,PRD15,3,4,Lead,1474.44,OK,20260711,
OPP07484,REP008,PRD04,3,2,Lead,17.91,OK,20260201,
OPP07485,REP016,PRD01,2,1,Closed Won,40.68,OK,20250915,20260720
OPP07486,REP015,PRD01,4,2,Lead,40.42,OK,20251121,
OPP07487,REP011,PRD09,4,1,Proposal,507.21,OK,20260428,
OPP07488,REP038,PRD10,5,2,Closed Lost,36.18,OK,20260715,20260826
OPP07489,REP004,PRD01,5,1,Qualified,28.05,OK,20260220,
OPP07490,REP010,PRD15,5,2,Qualified,220.41,OK,20251009,
OPP07491,REP033,PRD12,4,4,Qualified,260.08,OK,20250919,
OPP07492,REP016,PRD14,2,4,Closed Won,178.8,OK,20260313,20260325
OPP07493,REP023,PRD04,4,2,Qualified,106.26,OK,20260825,
OPP07494,REP005,PRD15,5,2,Qualified,1801.47,OK,20251124,
OPP07495,REP035,PRD05,3,1,Closed Won,1073.69,OK,20260514,20260517
OPP07496,REP022,PRD14,5,5,Qualified,163.96,OK,20260505,
OPP07497,REP030,PRD02,4,2,Proposal,80.75,OK,20260824,
OPP07498,REP016,PRD01,2,3,Closed Lost,74.88,OK,20260819,20260830
OPP07499,REP020,PRD02,4,1,Qualified,138.99,OK,20250822,
OPP07500,REP018,PRD13,5,1,Closed Lost,581.41,OK,20260811,20260831
OPP07501,REP003,PRD11,3,4,Qualified,1698.9,OK,20260826,
OPP07502,REP004,PRD10,5,2,Lead,10.05,OK,20251008,
OPP07503,REP022,PRD11,5,2,Lead,918.91,OK,20251212,
OPP07504,REP035,PRD01,3,4,Lead,24.67,OK,20251003,
OPP07505,REP006,PRD11,2,5,Closed Lost,2390.04,OK,20251121,20260711
OPP07506,REP033,PRD15,4,3,Lead,782.21,OK,20251120,
OPP07507,REP006,PRD05,2,2,Qualified,2943.28,OK,20250708,
OPP07508,REP003,PRD10,3,2,Qualified,60.45,OK,20260616,
OPP07509,REP033,PRD13,4,1,Proposal,155.73,OK,20260305,
OPP07510,REP024,PRD05,1,4,Lead,1066.09,OK,20251007,
OPP07511,REP011,PRD12,4,1,Lead,573.91,OK,20250803,
OPP07512,REP016,PRD10,2,3,Proposal,77.54,OK,20251012,
OPP07513,REP005,PRD14,5,1,Closed Lost,161.87,OK,20251211,20260821
OPP07514,REP006,PRD04,2,3,Closed Won,205.68,OK,20251106,20251210
OPP07515,REP020,PRD01,4,4,Lead,142.19,OK,20260119,
OPP07516,REP013,PRD08,5,5,Lead,515.55,OK,20250731,
OPP07517,REP010,PRD08,5,2,Proposal,728.78,OK,20250907,
OPP07518,REP002,PRD05,5,4,Closed Lost,1323.97,OK,20251008,20260422
OPP07519,REP005,PRD08,5,3,Lead,103.63,OK,20260220,
OPP07520,REP010,PRD08,5,2,Lead,965.58,OK,20260412,
OPP07521,REP021,PRD13,2,3,Closed Lost,102.93,OK,20260830,20260831
OPP07522,REP027,PRD14,3,1,Closed Lost,91.33,OK,20260528,20260528
OPP07523,REP035,PRD09,3,1,Lead,156.13,OK,20260112,
OPP07524,REP006,PRD09,2,2,Closed Lost,649.46,OK,20260222,20260302
OPP07525,REP015,PRD04,4,4,Lead,17.02,OK,20260811,
OPP07526,REP021,PRD10,2,1,Qualified,32.3,OK,20260216,
OPP07527,REP009,PRD02,3,3,Closed Lost,129.93,OK,20260822,20260827
OPP07528,REP037,PRD07,3,3,Proposal,26.04,OK,20251020,
OPP07529,REP012,PRD11,3,1,Lead,2211.56,OK,20260719,
OPP07530,REP006,PRD09,2,4,Qualified,229.41,OK,20260304,
OPP07531,REP006,PRD03,2,1,Closed Won,142.16,OK,20260813,20260821
OPP07532,REP023,PRD08,4,2,Proposal,824.5,OK,20260826,
OPP07533,REP026,PRD05,3,3,Lead,298.34,OK,20260804,
OPP07534,REP006,PRD09,2,3,Qualified,443.23,OK,20251213,
OPP07535,REP040,PRD06,2,4,Proposal,52.48,OK,20250918,
OPP07536,REP008,PRD02,3,2,Lead,92.34,OK,20250807,
OPP07537,REP035,PRD09,3,1,Qualified,213.3,OK,20260104,
OPP07538,REP005,PRD02,5,3,Lead,183.99,OK,20250801,
OPP07539,REP006,PRD07,2,2,Closed Won,240.31,OK,20251127,20260121
OPP07540,REP037,PRD05,3,1,Proposal,559.83,OK,20260221,
OPP07541,REP033,PRD01,4,5,Lead,23.13,OK,20251218,
OPP07542,REP021,PRD06,2,1,Lead,66.7,OK,20251016,
OPP07543,REP003,PRD02,3,2,Qualified,109.21,OK,20251218,
OPP07544,REP010,PRD15,5,1,Lead,2633.57,OK,20260408,
OPP07545,REP030,PRD03,4,1,Proposal,157.86,OK,20260204,
OPP07546,REP032,PRD01,4,3,Lead,23.31,OK,20251011,
OPP07547,REP015,PRD05,4,2,Proposal,390.12,OK,20260527,
OPP07548,REP009,PRD03,3,1,Closed Won,63.67,OK,20250830,20260331
OPP07549,REP023,PRD11,4,4,Proposal,760.84,OK,20260118,
OPP07550,REP022,PRD11,5,1,Qualified,1816.71,OK,20260122,
OPP07551,REP036,PRD04,5,2,Proposal,357.8,OK,20260426,
OPP07552,REP014,PRD14,2,1,Closed Won,56.45,OK,20251107,20260411
OPP07553,REP020,PRD01,4,5,Qualified,46.47,OK,20260623,
OPP07554,REP015,PRD13,4,1,Qualified,388.59,OK,20250906,
OPP07555,REP030,PRD10,4,3,Qualified,130.49,OK,20260117,
OPP07556,REP008,PRD02,3,1,Proposal,90.17,OK,20260530,
OPP07557,REP027,PRD09,3,1,Lead,297.37,OK,20251023,
OPP07558,REP026,PRD09,3,2,Closed Won,99.19,OK,20260824,20260826
OPP07559,REP010,PRD13,5,3,Lead,206.83,OK,20250827,
OPP07560,REP012,PRD05,3,4,Proposal,888.91,OK,20260129,
OPP07561,REP031,PRD10,3,1,Qualified,40.04,OK,20251130,
OPP07562,REP022,PRD14,5,1,Qualified,51.98,OK,20260419,
OPP07563,REP021,PRD02,2,1,Lead,315.4,OK,20260805,
OPP07564,REP018,PRD15,5,4,Qualified,706.73,OK,20251108,
OPP07565,REP038,PRD15,5,1,Qualified,1517.36,OK,20260525,
OPP07566,REP006,PRD07,2,1,Proposal,176.22,OK,20251031,
OPP07567,REP016,PRD13,2,4,Lead,217.06,OK,20260306,
OPP07568,REP033,PRD10,4,4,Qualified,25.88,OK,20260605,
OPP07569,REP040,PRD13,2,2,Lead,253.16,OK,20260424,
OPP07570,REP001,PRD10,4,2,Qualified,5.11,OK,20250724,
OPP07571,REP016,PRD14,2,2,Closed Won,174.78,OK,20260112,20260211
OPP07572,REP036,PRD02,5,1,Closed Won,324.17,OK,20260129,20260318
OPP07573,REP040,PRD12,2,2,Qualified,316.74,OK,20260820,
OPP07574,REP012,PRD13,3,5,Lead,324.47,OK,20250927,
OPP07575,REP019,PRD03,1,3,Closed Won,916.19,OK,20260515,20260527
OPP07576,REP029,PRD13,4,2,Lead,315.36,OK,20260316,
OPP07577,REP029,PRD15,4,5,Qualified,297.41,OK,20250911,
OPP07578,REP030,PRD11,4,3,Lead,342.92,OK,20260411,
OPP07579,REP012,PRD05,3,3,Qualified,1286.8,OK,20260320,
OPP07580,REP018,PRD01,5,2,Proposal,12.03,OK,20260201,
OPP07581,REP018,PRD14,5,5,Proposal,27.36,OK,20251025,
OPP07582,REP040,PRD02,2,2,Qualified,88.59,OK,20251226,
OPP07583,REP039,PRD09,1,3,Lead,228.69,OK,20260201,
OPP07584,REP037,PRD10,3,3,Lead,47.34,OK,20250711,
OPP07585,REP009,PRD08,3,2,Lead,344.37,OK,20250918,
OPP07586,REP008,PRD06,3,2,Closed Won,325.44,OK,20260422,20260604
OPP07587,REP010,PRD10,5,3,Closed Lost,58.07,OK,20260424,20260514
OPP07588,REP022,PRD11,5,1,Closed Won,902.79,OK,20251007,20251214
OPP07589,REP037,PRD15,3,1,Proposal,3480.15,OK,20260816,
OPP07590,REP018,PRD01,5,2,Proposal,109.63,OK,20260227,
OPP07591,REP033,PRD08,4,2,Lead,1613.2,OK,20260719,
OPP07592,REP011,PRD11,4,5,Lead,165.47,OK,20250916,
OPP07593,REP024,PRD10,1,2,Closed Won,40.38,OK,20260818,20260826
OPP07594,REP013,PRD10,5,1,Lead,57.41,OK,20260208,
OPP07595,REP012,PRD12,3,3,Lead,282.16,OK,20260130,
OPP07596,REP002,PRD06,5,3,Qualified,232.29,OK,20250918,
OPP07597,REP012,PRD14,3,2,Lead,99.04,OK,20250810,
OPP07598,REP033,PRD11,4,2,Lead,1065.0,OK,20251113,
OPP07599,REP037,PRD07,3,2,Closed Won,128.2,OK,20260307,20260730
OPP07600,REP026,PRD10,3,2,Proposal,41.93,OK,20260502,
OPP07601,REP019,PRD12,1,2,Proposal,109.98,OK,20251121,
OPP07602,REP011,PRD02,4,3,Lead,363.06,OK,20260329,
OPP07603,REP039,PRD07,1,2,Lead,9.87,OK,20260820,
OPP07604,REP001,PRD07,4,1,Lead,7.89,OK,20260512,
OPP07605,REP018,PRD09,5,1,Lead,566.21,OK,20260709,
OPP07606,REP026,PRD08,3,1,Qualified,2383.58,OK,20251011,
OPP07607,REP001,PRD13,4,3,Lead,234.59,OK,20260121,
OPP07608,REP036,PRD09,5,4,Proposal,650.1,OK,20250711,
OPP07609,REP013,PRD04,5,2,Lead,113.46,OK,20260806,
OPP07610,REP015,PRD01,4,2,Lead,9.88,OK,20251101,
OPP07611,REP034,PRD08,1,4,Qualified,4838.01,OK,20251010,
OPP07612,REP004,PRD01,5,5,Proposal,91.85,OK,20251022,
OPP07613,REP025,PRD03,1,3,Qualified,128.14,OK,20260424,
OPP07614,REP026,PRD07,3,1,Lead,189.73,OK,20260127,
OPP07615,REP004,PRD08,5,3,Lead,4462.62,OK,20250814,
OPP07616,REP020,PRD03,4,1,Qualified,796.71,REVIEW,20260417,
OPP07617,REP022,PRD02,5,2,Lead,281.32,OK,20260113,
OPP07618,REP023,PRD11,4,4,Lead,1487.45,OK,20260524,
OPP07619,REP011,PRD04,4,1,Proposal,61.78,OK,20260624,
OPP07620,REP007,PRD12,3,4,Qualified,194.01,OK,20251123,
OPP07621,REP009,PRD05,3,2,Proposal,860.12,OK,20260609,
OPP07622,REP015,PRD07,4,2,Qualified,163.2,OK,20260404,
OPP07623,REP032,PRD14,4,2,Lead,82.97,OK,20260703,
OPP07624,REP036,PRD11,5,4,Lead,1646.34,OK,20260729,
OPP07625,REP010,PRD14,5,1,Qualified,28.44,OK,20260211,
OPP07626,REP008,PRD02,3,4,Lead,282.79,OK,20260203,
OPP07627,REP008,PRD05,3,2,Lead,1016.11,OK,20260601,
OPP07628,REP009,PRD13,3,2,Lead,216.7,OK,20260812,
OPP07629,REP006,PRD02,2,1,Qualified,251.88,OK,20251228,
OPP07630,REP008,PRD13,3,3,Proposal,280.21,OK,20260226,
OPP07631,REP012,PRD03,3,1,Lead,157.7,OK,20250909,
OPP07632,REP028,PRD06,2,2,Lead,242.13,OK,20260226,
OPP07633,REP029,PRD13,4,2,Closed Lost,329.33,OK,20260515,20260714
OPP07634,REP014,PRD11,2,5,Qualified,245.22,OK,20250912,
OPP07635,REP032,PRD09,4,2,Lead,181.82,OK,20250903,
OPP07636,REP029,PRD12,4,2,Closed Lost,182.23,OK,20250901,20260611
OPP07637,REP035,PRD14,3,1,Proposal,77.67,OK,20260106,
OPP07638,REP037,PRD01,3,3,Lead,65.88,OK,20250914,
OPP07639,REP011,PRD15,4,4,Lead,1556.37,OK,20251109,
OPP07640,REP019,PRD09,1,4,Closed Won,0.0,REVIEW,20250817,20250918
OPP07641,REP028,PRD08,2,1,Qualified,2216.15,OK,20260211,
OPP07642,REP035,PRD11,3,2,Qualified,2444.64,OK,20260721,
OPP07643,REP015,PRD12,4,1,Closed Lost,70.88,OK,20250712,20260606
OPP07644,REP036,PRD05,5,2,Lead,603.53,OK,20260803,
OPP07645,REP035,PRD07,3,1,Closed Lost,252.12,OK,20251017,20260421
OPP07646,REP032,PRD12,4,1,Lead,370.18,OK,20260725,
OPP07647,REP030,PRD14,4,1,Lead,76.79,OK,20260808,
OPP07648,REP005,PRD02,5,1,Qualified,55.25,OK,20260821,
OPP07649,REP011,PRD10,4,2,Qualified,67.85,OK,20251008,
OPP07650,REP005,PRD13,5,1,Qualified,356.21,OK,20260514,
OPP07651,REP030,PRD02,4,2,Qualified,58.31,OK,20250714,
OPP07652,REP036,PRD12,5,2,Closed Lost,106.92,OK,20251128,20251130
OPP07653,REP033,PRD08,4,2,Closed Lost,1785.62,OK,20260530,20260806
OPP07654,REP040,PRD13,2,4,Lead,123.4,OK,20260823,
OPP07655,REP028,PRD02,2,1,Qualified,189.13,OK,20260329,
OPP07656,REP024,PRD15,1,2,Closed Won,1372.41,OK,20260109,20260802
OPP07657,REP038,PRD06,5,5,Lead,308.32,OK,20250805,
OPP07658,REP025,PRD14,1,1,Proposal,67.15,OK,20260617,
OPP07659,REP036,PRD02,5,5,Closed Lost,0.0,REVIEW,20251111,20260730
OPP07660,REP003,PRD06,3,1,Lead,251.61,OK,20260814,
OPP07661,REP011,PRD13,4,4,Qualified,201.42,OK,20251225,
OPP07662,REP032,PRD02,4,4,Qualified,172.07,OK,20251116,
OPP07663,REP029,PRD08,4,5,Qualified,4143.7,OK,20250831,
OPP07664,REP011,PRD12,4,1,Lead,158.65,OK,20260415,
OPP07665,REP014,PRD12,2,3,Proposal,371.37,OK,20251015,
OPP07666,REP029,PRD11,4,4,Lead,2800.88,OK,20260806,
OPP07667,REP039,PRD12,1,4,Proposal,129.83,OK,20260404,
OPP07668,REP022,PRD06,5,4,Qualified,222.29,OK,20250812,
OPP07669,REP009,PRD03,3,4,Qualified,70.71,OK,20260528,
OPP07670,REP025,PRD09,1,1,Qualified,311.39,OK,20260723,
OPP07671,REP038,PRD09,5,2,Lead,98.07,OK,20260424,
OPP07672,REP038,PRD10,5,4,Lead,165.57,OK,20251113,
OPP07673,REP037,PRD14,3,2,Qualified,54.02,OK,20260419,
OPP07674,REP025,PRD12,1,3,Proposal,245.39,OK,20250929,
OPP07675,REP018,PRD12,5,2,Closed Lost,66.41,OK,20260323,20260801
OPP07676,REP029,PRD10,4,2,Closed Lost,23.65,OK,20260113,20260810
OPP07677,REP036,PRD04,5,4,Lead,54.13,OK,20251003,
OPP07678,REP034,PRD02,1,1,Lead,105.95,OK,20260214,
OPP07679,REP012,PRD09,3,3,Qualified,55.4,OK,20260221,
OPP07680,REP022,PRD13,5,1,Qualified,538.53,OK,20260714,
OPP07681,REP003,PRD02,3,4,Proposal,26.72,OK,20260217,
OPP07682,REP001,PRD09,4,2,Lead,361.68,OK,20260125,
OPP07683,REP027,PRD15,3,1,Lead,692.17,OK,20251216,
OPP07684,REP024,PRD07,1,1,Proposal,18.43,OK,20250705,
OPP07685,REP031,PRD01,3,4,Lead,114.3,OK,20260505,
OPP07686,REP031,PRD15,3,1,Lead,698.84,OK,20251219,
OPP07687,REP040,PRD15,2,5,Lead,340.3,OK,20260225,
OPP07688,REP040,PRD13,2,5,Proposal,54.53,OK,20260808,
OPP07689,REP032,PRD14,4,3,Proposal,86.59,OK,20250731,
OPP07690,REP036,PRD10,5,1,Proposal,57.99,OK,20260628,
OPP07691,REP022,PRD04,5,3,Proposal,84.65,OK,20260718,
OPP07692,REP034,PRD05,1,1,Qualified,2878.04,OK,20250817,
OPP07693,REP026,PRD09,3,2,Proposal,440.04,OK,20260406,
OPP07694,REP001,PRD03,4,1,Closed Lost,600.71,OK,20250708,20260630
OPP07695,REP031,PRD10,3,2,Qualified,53.67,OK,20260316,
OPP07696,REP019,PRD01,1,2,Closed Lost,33.14,OK,20260220,20260707
OPP07697,REP018,PRD08,5,2,Qualified,409.13,OK,20250925,
OPP07698,REP034,PRD04,1,1,Lead,160.96,OK,20250708,
OPP07699,REP014,PRD15,2,1,Proposal,64.57,OK,20260401,
OPP07700,REP002,PRD12,5,3,Lead,324.47,OK,20251125,
OPP07701,REP007,PRD05,3,4,Closed Won,207.05,OK,20260512,20260719
OPP07702,REP020,PRD08,4,5,Lead,946.16,OK,20250710,
OPP07703,REP021,PRD12,2,4,Qualified,266.59,OK,20250920,
OPP07704,REP028,PRD05,2,4,Lead,549.71,OK,20260603,
OPP07705,REP021,PRD07,2,4,Proposal,102.8,OK,20260721,
OPP07706,REP037,PRD02,3,3,Lead,287.81,OK,20251204,
OPP07707,REP021,PRD04,2,5,Proposal,22.07,OK,20250907,
OPP07708,REP005,PRD15,5,4,Lead,1038.31,OK,20260818,
OPP07709,REP008,PRD06,3,4,Proposal,499.32,OK,20260807,
OPP07710,REP001,PRD07,4,1,Lead,66.31,OK,20251031,
OPP07711,REP026,PRD07,3,3,Closed Lost,74.1,OK,20260519,20260612
OPP07712,REP021,PRD13,2,5,Proposal,304.68,OK,20260717,
OPP07713,REP040,PRD05,2,3,Closed Lost,92.75,OK,20250709,20251106
OPP07714,REP026,PRD09,3,1,Proposal,317.14,OK,20260114,
OPP07715,REP037,PRD09,3,1,Proposal,812.47,OK,20251226,
OPP07716,REP024,PRD11,1,3,Lead,1931.73,OK,20260704,
OPP07717,REP024,PRD06,1,2,Closed Lost,193.92,OK,20260507,20260718
OPP07718,REP040,PRD11,2,2,Qualified,2319.16,OK,20260221,
OPP07719,REP005,PRD05,5,2,Closed Lost,282.2,OK,20260413,20260705
OPP07720,REP034,PRD09,1,4,Lead,521.25,OK,20251122,
OPP07721,REP019,PRD13,1,1,Qualified,419.35,OK,20260824,
OPP07722,REP003,PRD12,3,1,Proposal,90.95,OK,20260129,
OPP07723,REP009,PRD14,3,2,Qualified,194.9,OK,20250926,
OPP07724,REP005,PRD05,5,1,Qualified,771.03,OK,20260609,
OPP07725,REP017,PRD02,4,1,Qualified,165.65,OK,20260610,
OPP07726,REP027,PRD08,3,2,Proposal,4652.55,OK,20251106,
OPP07727,REP023,PRD08,4,1,Proposal,220.48,OK,20251020,
OPP07728,REP023,PRD12,4,1,Closed Won,70.28,OK,20260404,20260827
OPP07729,REP007,PRD15,3,4,Closed Lost,540.1,OK,20260606,20260606
OPP07730,REP033,PRD10,4,2,Closed Won,33.79,OK,20260409,20260824
OPP07731,REP036,PRD02,5,5,Proposal,68.0,OK,20251205,
OPP07732,REP004,PRD09,5,4,Lead,644.28,OK,20250927,
OPP07733,REP009,PRD01,3,1,Lead,25.38,OK,20251128,
OPP07734,REP017,PRD09,4,2,Lead,638.57,OK,20260210,
OPP07735,REP027,PRD10,3,4,Proposal,35.14,OK,20250804,
OPP07736,REP007,PRD03,3,3,Lead,1023.63,OK,20251015,
OPP07737,REP035,PRD14,3,2,Lead,64.83,OK,20260506,
OPP07738,REP037,PRD15,3,5,Lead,966.15,OK,20260527,
OPP07739,REP021,PRD14,2,4,Qualified,58.37,OK,20260318,
OPP07740,REP030,PRD10,4,3,Lead,105.12,OK,20250728,
OPP07741,REP014,PRD06,2,2,Qualified,285.19,OK,20251105,
OPP07742,REP018,PRD04,5,1,Proposal,48.05,OK,20251205,
OPP07743,REP001,PRD10,4,2,Closed Won,32.86,OK,20260711,20260805
OPP07744,REP026,PRD15,3,1,Proposal,840.97,OK,20251004,
OPP07745,REP026,PRD01,3,1,Lead,95.27,OK,20260527,
OPP07746,REP004,PRD10,5,1,Qualified,41.24,OK,20260718,
OPP07747,REP014,PRD03,2,3,Lead,1091.29,OK,20260723,
OPP07748,REP033,PRD05,4,3,Lead,1242.94,OK,20251010,
OPP07749,REP012,PRD02,3,2,Lead,351.0,OK,20260313,
OPP07750,REP038,PRD10,5,1,Lead,145.29,OK,20260510,
OPP07751,REP007,PRD01,3,3,Proposal,100.9,OK,20260728,
OPP07752,REP020,PRD02,4,2,Lead,186.21,OK,20260502,
OPP07753,REP012,PRD09,3,1,Lead,156.43,OK,20251014,
OPP07754,REP013,PRD15,5,1,Qualified,1000.63,OK,20250927,
OPP07755,REP001,PRD14,4,3,Qualified,70.59,OK,20250925,
OPP07756,REP019,PRD11,1,3,Qualified,1351.16,OK,20250720,
OPP07757,REP010,PRD12,5,3,Lead,164.32,OK,20251009,
OPP07758,REP028,PRD05,2,2,Qualified,0.0,REVIEW,20251101,
OPP07759,REP033,PRD09,4,3,Qualified,97.1,OK,20260328,
OPP07760,REP031,PRD15,3,3,Lead,384.34,OK,20260727,
OPP07761,REP010,PRD04,5,4,Qualified,51.98,OK,20250714,
OPP07762,REP021,PRD09,2,2,Closed Won,310.23,OK,20260103,20260123
OPP07763,REP019,PRD12,1,3,Closed Lost,481.07,OK,20260326,20260617
OPP07764,REP020,PRD01,4,4,Proposal,167.91,OK,20250710,
OPP07765,REP005,PRD09,5,3,Proposal,297.06,OK,20260606,
OPP07766,REP029,PRD11,4,2,Lead,0.0,REVIEW,20260711,
OPP07767,REP036,PRD05,5,2,Proposal,167.29,OK,20260213,
OPP07768,REP008,PRD14,3,3,Proposal,51.06,OK,20260208,
OPP07769,REP033,PRD08,4,1,Lead,3848.99,OK,20260716,
OPP07770,REP019,PRD04,1,2,Lead,10.66,OK,20250906,
OPP07771,REP025,PRD07,1,1,Lead,53.19,OK,20260602,
OPP07772,REP008,PRD13,3,3,Lead,287.85,OK,20260112,
OPP07773,REP017,PRD12,4,1,Qualified,199.9,OK,20251030,
OPP07774,REP018,PRD07,5,2,Closed Lost,164.43,OK,20260805,20260814
OPP07775,REP039,PRD02,1,2,Proposal,42.25,OK,20260113,
OPP07776,REP012,PRD15,3,2,Lead,2874.64,OK,20260207,
OPP07777,REP017,PRD06,4,4,Lead,1103.31,OK,20251001,
OPP07778,REP037,PRD09,3,4,Qualified,578.28,OK,20260124,
OPP07779,REP025,PRD14,1,3,Proposal,10.63,OK,20260112,
OPP07780,REP011,PRD06,4,4,Qualified,268.03,OK,20260602,
OPP07781,REP030,PRD09,4,2,Qualified,122.98,OK,20251205,
OPP07782,REP024,PRD05,1,4,Qualified,219.05,OK,20260707,
OPP07783,REP037,PRD03,3,5,Proposal,156.44,OK,20250922,
OPP07784,REP007,PRD03,3,2,Proposal,45.65,OK,20260729,
OPP07785,REP003,PRD06,3,3,Qualified,317.84,OK,20251121,
OPP07786,REP030,PRD11,4,3,Closed Won,4790.79,OK,20251127,20260714
OPP07787,REP029,PRD12,4,3,Closed Lost,202.77,OK,20251027,20260124
OPP07788,REP015,PRD10,4,4,Proposal,127.47,OK,20251005,
OPP07789,REP017,PRD14,4,3,Proposal,78.78,OK,20251014,
OPP07790,REP019,PRD11,1,3,Lead,1059.37,OK,20260511,
OPP07791,REP024,PRD13,1,4,Proposal,292.26,OK,20250802,
OPP07792,REP016,PRD05,2,3,Qualified,1279.34,OK,20260201,
OPP07793,REP040,PRD10,2,3,Lead,46.18,OK,20251130,
OPP07794,REP012,PRD11,3,2,Closed Won,1626.39,OK,20251025,20260408
OPP07795,REP039,PRD07,1,2,Lead,31.67,OK,20250717,
OPP07796,REP011,PRD02,4,2,Lead,16.0,OK,20251206,
OPP07797,REP019,PRD06,1,3,Qualified,360.78,OK,20250912,
OPP07798,REP019,PRD02,1,1,Closed Won,122.91,OK,20250812,20260106
OPP07799,REP039,PRD02,1,1,Proposal,44.18,OK,20260516,
OPP07800,REP012,PRD10,3,2,Qualified,15.08,OK,20260815,
OPP07801,REP031,PRD07,3,3,Qualified,59.9,OK,20260227,
OPP07802,REP019,PRD14,1,2,Closed Lost,131.19,OK,20251230,20260326
OPP07803,REP028,PRD02,2,1,Qualified,0.0,REVIEW,20260322,
OPP07804,REP038,PRD04,5,5,Qualified,156.8,OK,20260530,
OPP07805,REP038,PRD01,5,5,Lead,97.58,OK,20260711,
OPP07806,REP005,PRD15,5,2,Qualified,1487.76,OK,20250820,
OPP07807,REP029,PRD04,4,1,Qualified,196.59,OK,20260804,
OPP07808,REP040,PRD12,2,2,Lead,300.69,OK,20260531,
OPP07809,REP036,PRD14,5,4,Qualified,93.78,OK,20250813,
OPP07810,REP007,PRD14,3,2,Proposal,140.23,OK,20260225,
OPP07811,REP027,PRD04,3,2,Qualified,32.27,OK,20250927,
OPP07812,REP027,PRD08,3,2,Qualified,1130.23,OK,20260129,
OPP07813,REP006,PRD02,2,3,Lead,62.38,OK,20260412,
OPP07814,REP022,PRD01,5,1,Closed Won,33.89,OK,20260206,20260622
OPP07815,REP013,PRD06,5,2,Lead,535.85,OK,20260524,
OPP07816,REP039,PRD09,1,2,Proposal,143.61,OK,20260111,
OPP07817,REP030,PRD02,4,4,Closed Lost,27.5,OK,20260309,20260829
OPP07818,REP037,PRD15,3,4,Qualified,1507.34,OK,20250809,
OPP07819,REP021,PRD06,2,4,Qualified,100.03,OK,20251122,
OPP07820,REP039,PRD05,1,2,Proposal,1595.59,OK,20250804,
OPP07821,REP035,PRD13,3,1,Qualified,121.47,OK,20250704,
OPP07822,REP013,PRD11,5,4,Closed Lost,636.45,OK,20250813,20260426
OPP07823,REP021,PRD14,2,2,Qualified,173.05,OK,20260310,
OPP07824,REP024,PRD02,1,2,Lead,90.74,OK,20251215,
OPP07825,REP001,PRD15,4,1,Proposal,2429.29,OK,20260210,
OPP07826,REP022,PRD02,5,4,Qualified,802.39,OK,20260705,
OPP07827,REP038,PRD13,5,1,Qualified,189.78,OK,20260206,
OPP07828,REP035,PRD04,3,2,Lead,14.74,OK,20250920,
OPP07829,REP011,PRD06,4,2,Lead,106.89,OK,20260603,
OPP07830,REP004,PRD10,5,4,Lead,62.95,OK,20251124,
OPP07831,REP014,PRD13,2,1,Lead,225.82,OK,20260115,
OPP07832,REP006,PRD01,2,2,Closed Lost,17.81,OK,20260720,20260806
OPP07833,REP017,PRD06,4,3,Closed Lost,73.21,OK,20260320,20260518
OPP07834,REP025,PRD03,1,1,Lead,193.72,OK,20250928,
OPP07835,REP022,PRD09,5,2,Qualified,506.93,OK,20250917,
OPP07836,REP025,PRD02,1,2,Closed Won,227.49,OK,20250714,20251023
OPP07837,REP010,PRD15,5,1,Lead,1496.67,OK,20260318,
OPP07838,REP001,PRD10,4,1,Lead,56.51,OK,20260410,
OPP07839,REP005,PRD01,5,4,Closed Lost,12.95,OK,20260410,20260901
OPP07840,REP015,PRD12,4,2,Closed Won,555.22,OK,20260818,20260901
OPP07841,REP014,PRD08,2,1,Proposal,7137.58,OK,20260418,
OPP07842,REP023,PRD11,4,4,Qualified,1310.73,OK,20260105,
OPP07843,REP033,PRD12,4,1,Qualified,104.14,OK,20260203,
OPP07844,REP028,PRD03,2,2,Proposal,258.2,OK,20251214,
OPP07845,REP030,PRD02,4,4,Proposal,152.12,OK,20260428,
OPP07846,REP013,PRD03,5,5,Qualified,438.62,OK,20250909,
OPP07847,REP029,PRD05,4,2,Lead,997.59,OK,20250924,
OPP07848,REP017,PRD06,4,2,Lead,335.72,OK,20251013,
OPP07849,REP029,PRD13,4,2,Qualified,442.82,OK,20251005,
OPP07850,REP010,PRD08,5,4,Qualified,3937.01,OK,20250804,
OPP07851,REP026,PRD01,3,2,Closed Lost,24.09,OK,20251128,20260210
OPP07852,REP040,PRD12,2,3,Lead,228.73,OK,20260615,
OPP07853,REP018,PRD09,5,3,Proposal,119.2,OK,20250918,
OPP07854,REP018,PRD03,5,1,Qualified,203.01,OK,20250831,
OPP07855,REP019,PRD06,1,1,Closed Won,468.18,OK,20260901,20260902
OPP07856,REP013,PRD12,5,4,Closed Lost,457.73,OK,20260327,20260524
OPP07857,REP001,PRD09,4,1,Qualified,142.53,OK,20260707,
OPP07858,REP008,PRD12,3,3,Closed Won,125.11,OK,20251207,20260702
OPP07859,REP020,PRD13,4,2,Qualified,213.04,OK,20251031,
OPP07860,REP024,PRD03,1,1,Qualified,223.03,OK,20250807,
OPP07861,REP023,PRD13,4,2,Qualified,24.38,OK,20251011,
OPP07862,REP001,PRD13,4,1,Proposal,805.6,OK,20251129,
OPP07863,REP023,PRD12,4,3,Closed Lost,52.92,OK,20260524,20260712
OPP07864,REP015,PRD14,4,5,Lead,117.83,OK,20260330,
OPP07865,REP004,PRD15,5,2,Proposal,1393.66,OK,20260414,
OPP07866,REP005,PRD02,5,1,Closed Won,359.53,OK,20260617,20260817
OPP07867,REP026,PRD06,3,3,Lead,119.8,OK,20251003,
OPP07868,REP037,PRD14,3,1,Proposal,16.73,OK,20260607,
OPP07869,REP004,PRD05,5,2,Proposal,310.34,OK,20250825,
OPP07870,REP016,PRD12,2,4,Lead,112.14,OK,20260714,
OPP07871,REP017,PRD14,4,5,Qualified,348.78,OK,20260525,
OPP07872,REP001,PRD12,4,2,Qualified,154.31,OK,20260814,
OPP07873,REP005,PRD11,5,4,Lead,780.27,OK,20260730,
OPP07874,REP008,PRD08,3,1,Qualified,2105.11,OK,20250720,
OPP07875,REP031,PRD14,3,2,Qualified,59.92,OK,20251110,
OPP07876,REP011,PRD13,4,3,Qualified,188.21,OK,20260201,
OPP07877,REP006,PRD01,2,2,Proposal,32.35,OK,20251012,
OPP07878,REP026,PRD03,3,3,Qualified,519.05,OK,20260213,
OPP07879,REP019,PRD14,1,4,Qualified,155.31,OK,20250808,
OPP07880,REP034,PRD15,1,2,Closed Won,454.55,OK,20250820,20260624
OPP07881,REP027,PRD04,3,1,Lead,31.96,REVIEW,20251128,
OPP07882,REP028,PRD10,2,3,Proposal,55.29,OK,20260508,
OPP07883,REP035,PRD06,3,3,Lead,266.64,OK,20260723,
OPP07884,REP020,PRD05,4,2,Qualified,792.99,OK,20260821,
OPP07885,REP030,PRD13,4,4,Proposal,170.77,OK,20260806,
OPP07886,REP032,PRD03,4,3,Qualified,110.15,OK,20250831,
OPP07887,REP016,PRD09,2,1,Lead,275.31,OK,20251109,
OPP07888,REP016,PRD13,2,3,Closed Won,156.69,OK,20260609,20260820
OPP07889,REP027,PRD15,3,2,Proposal,494.01,OK,20260803,
OPP07890,REP026,PRD11,3,2,Lead,505.92,OK,20260428,
OPP07891,REP008,PRD11,3,2,Qualified,469.09,OK,20260503,
OPP07892,REP025,PRD06,1,2,Proposal,1018.21,OK,20260511,
OPP07893,REP019,PRD11,1,4,Qualified,3951.94,OK,20260130,
OPP07894,REP032,PRD11,4,3,Qualified,2190.24,OK,20251211,
OPP07895,REP012,PRD09,3,4,Lead,659.71,OK,20251123,
OPP07896,REP028,PRD11,2,2,Qualified,463.54,OK,20250706,
OPP07897,REP026,PRD09,3,5,Closed Lost,426.39,OK,20251105,20260615
OPP07898,REP016,PRD15,2,2,Qualified,230.13,OK,20251220,
OPP07899,REP005,PRD11,5,1,Qualified,2936.71,OK,20250710,
OPP07900,REP024,PRD04,1,1,Lead,81.53,OK,20260806,
OPP07901,REP015,PRD02,4,1,Qualified,305.55,OK,20260622,
OPP07902,REP033,PRD12,4,2,Lead,210.7,OK,20260730,
OPP07903,REP027,PRD05,3,1,Lead,780.06,OK,20260815,
OPP07904,REP023,PRD13,4,2,Closed Won,112.85,OK,20260121,20260518
OPP07905,REP009,PRD08,3,2,Proposal,5014.64,OK,20251222,
OPP07906,REP027,PRD08,3,3,Lead,3272.25,OK,20260219,
OPP07907,REP005,PRD06,5,5,Qualified,202.61,OK,20260128,
OPP07908,REP034,PRD12,1,2,Proposal,239.31,OK,20251004,
OPP07909,REP005,PRD15,5,2,Lead,1416.12,OK,20251113,
OPP07910,REP013,PRD01,5,1,Proposal,55.01,OK,20251224,
OPP07911,REP009,PRD10,3,5,Lead,61.57,OK,20250808,
OPP07912,REP026,PRD06,3,2,Closed Lost,366.86,OK,20260822,20260824
OPP07913,REP038,PRD11,5,1,Closed Won,1064.92,OK,20260215,20260302
OPP07914,REP023,PRD05,4,1,Qualified,1075.43,OK,20251027,
OPP07915,REP026,PRD02,3,3,Closed Won,461.68,OK,20260204,20260327
OPP07916,REP010,PRD10,5,2,Closed Lost,38.85,OK,20260130,20260219
OPP07917,REP026,PRD07,3,1,Lead,111.96,OK,20260113,
OPP07918,REP033,PRD02,4,2,Qualified,39.52,OK,20251214,
OPP07919,REP025,PRD13,1,1,Proposal,106.54,OK,20260823,
OPP07920,REP011,PRD01,4,4,Qualified,69.7,OK,20251002,
OPP07921,REP030,PRD14,4,4,Lead,52.5,OK,20250705,
OPP07922,REP017,PRD02,4,1,Lead,72.33,OK,20260330,
OPP07923,REP023,PRD08,4,1,Qualified,1288.97,OK,20260416,
OPP07924,REP026,PRD01,3,4,Closed Lost,97.0,OK,20260313,20260329
OPP07925,REP003,PRD07,3,2,Lead,13.41,OK,20260125,
OPP07926,REP034,PRD03,1,1,Closed Lost,223.69,OK,20251015,20260322
OPP07927,REP008,PRD15,3,1,Proposal,1568.85,OK,20260218,
OPP07928,REP028,PRD01,2,2,Proposal,97.17,OK,20260313,
OPP07929,REP022,PRD11,5,1,Qualified,1091.84,OK,20250817,
OPP07930,REP011,PRD07,4,3,Closed Lost,282.57,OK,20250712,20260414
OPP07931,REP011,PRD06,4,2,Lead,172.59,OK,20251221,
OPP07932,REP010,PRD14,5,4,Lead,71.35,OK,20260206,
OPP07933,REP036,PRD01,5,2,Closed Lost,28.42,REVIEW,20251118,20260225
OPP07934,REP014,PRD14,2,1,Lead,73.4,OK,20250716,
OPP07935,REP026,PRD10,3,1,Proposal,114.58,OK,20260825,
OPP07936,REP038,PRD03,5,1,Closed Won,343.77,OK,20250924,20260701
OPP07937,REP013,PRD01,5,4,Closed Won,121.91,OK,20260426,20260830
OPP07938,REP035,PRD15,3,2,Lead,730.73,OK,20260119,
OPP07939,REP018,PRD11,5,4,Lead,1483.71,OK,20251211,
OPP07940,REP037,PRD01,3,3,Qualified,77.81,OK,20260612,
OPP07941,REP038,PRD02,5,3,Qualified,139.7,OK,20251222,
OPP07942,REP016,PRD03,2,2,Lead,176.46,OK,20260312,
OPP07943,REP018,PRD13,5,1,Qualified,740.9,OK,20260128,
OPP07944,REP002,PRD07,5,1,Closed Won,105.41,OK,20251209,20260722
OPP07945,REP022,PRD12,5,3,Proposal,219.23,OK,20260507,
OPP07946,REP030,PRD04,4,1,Qualified,116.16,OK,20251101,
OPP07947,REP013,PRD14,5,2,Qualified,110.41,OK,20260615,
OPP07948,REP017,PRD14,4,3,Qualified,41.85,OK,20251230,
OPP07949,REP010,PRD10,5,3,Lead,17.95,OK,20260606,
OPP07950,REP001,PRD15,4,1,Qualified,2167.65,OK,20260416,
OPP07951,REP016,PRD10,2,2,Lead,44.87,OK,20251027,
OPP07952,REP031,PRD07,3,2,Qualified,43.56,OK,20260711,
OPP07953,REP037,PRD12,3,1,Proposal,83.9,OK,20250914,
OPP07954,REP016,PRD09,2,3,Closed Lost,429.21,OK,20260724,20260801
OPP07955,REP007,PRD13,3,4,Proposal,275.16,OK,20260625,
OPP07956,REP031,PRD05,3,5,Closed Lost,1006.6,OK,20251124,20260131
OPP07957,REP008,PRD10,3,3,Proposal,22.62,OK,20251127,
OPP07958,REP032,PRD04,4,1,Proposal,64.36,OK,20260719,
OPP07959,REP024,PRD10,1,1,Qualified,48.3,OK,20251121,
OPP07960,REP027,PRD01,3,2,Lead,16.54,OK,20260208,
OPP07961,REP004,PRD14,5,1,Qualified,44.77,OK,20250720,
OPP07962,REP040,PRD14,2,2,Lead,50.09,OK,20260301,
OPP07963,REP012,PRD04,3,2,Lead,12.87,OK,20251107,
OPP07964,REP001,PRD01,4,3,Proposal,72.07,OK,20251119,
OPP07965,REP009,PRD13,3,1,Qualified,84.76,OK,20260506,
OPP07966,REP030,PRD06,4,4,Qualified,805.05,OK,20251126,
OPP07967,REP012,PRD04,3,3,Closed Won,86.15,OK,20250826,20251020
OPP07968,REP014,PRD07,2,2,Qualified,185.2,OK,20250828,
OPP07969,REP028,PRD10,2,2,Proposal,77.87,OK,20260531,
OPP07970,REP001,PRD15,4,1,Proposal,3483.78,OK,20260110,
OPP07971,REP023,PRD14,4,2,Lead,287.43,OK,20260622,
OPP07972,REP012,PRD03,3,2,Closed Won,408.59,OK,20260512,20260531
OPP07973,REP031,PRD09,3,4,Lead,685.89,OK,20260817,
OPP07974,REP037,PRD11,3,1,Lead,1367.12,OK,20251018,
OPP07975,REP010,PRD02,5,2,Closed Won,87.84,OK,20250713,20250928
OPP07976,REP038,PRD04,5,2,Qualified,34.24,OK,20260423,
OPP07977,REP035,PRD08,3,1,Lead,5484.11,OK,20260428,
OPP07978,REP003,PRD15,3,1,Lead,998.7,OK,20250720,
OPP07979,REP013,PRD12,5,1,Lead,88.52,OK,20250927,
OPP07980,REP010,PRD07,5,3,Proposal,123.93,OK,20250714,
OPP07981,REP037,PRD14,3,1,Lead,226.09,OK,20250806,
OPP07982,REP005,PRD14,5,4,Qualified,69.84,OK,20251014,
OPP07983,REP003,PRD06,3,2,Qualified,90.89,OK,20260112,
OPP07984,REP010,PRD15,5,2,Proposal,998.94,OK,20250906,
OPP07985,REP018,PRD01,5,2,Qualified,140.88,OK,20260127,
OPP07986,REP024,PRD02,1,1,Closed Lost,177.57,OK,20251022,20260622
OPP07987,REP006,PRD02,2,1,Lead,157.91,OK,20250714,
OPP07988,REP001,PRD07,4,2,Lead,46.9,OK,20250711,
OPP07989,REP011,PRD10,4,4,Qualified,102.62,OK,20250924,
OPP07990,REP022,PRD04,5,1,Lead,177.08,OK,20260829,
OPP07991,REP011,PRD06,4,5,Lead,632.66,OK,20260323,
OPP07992,REP020,PRD12,4,1,Lead,249.32,OK,20250907,
OPP07993,REP014,PRD15,2,2,Proposal,2445.45,OK,20251208,
OPP07994,REP009,PRD03,3,2,Lead,295.48,OK,20251020,
OPP07995,REP010,PRD14,5,2,Lead,130.47,OK,20260712,
OPP07996,REP005,PRD07,5,4,Closed Lost,36.12,OK,20260614,20260901
OPP07997,REP029,PRD07,4,2,Closed Won,146.49,OK,20251107,20260306
OPP07998,REP004,PRD15,5,4,Lead,2032.85,OK,20260318,
OPP07999,REP025,PRD05,1,1,Proposal,593.24,OK,20260710,
OPP08000,REP003,PRD01,3,1,Proposal,36.39,OK,20251101,
