opp_id,rep_id,product_id,channel,region_raw,stage,deal_value,created_date,close_date
OPP00001,REP005,PRD14,Outbound,central,Lead,11.2,2025-12-15,
OPP00002,REP040,PRD02,Inbound,South ,Lead,35.68,2026-08-26,
OPP00003,REP015,PRD13,Inbound,West,Lead,210.28,2025-12-07,
OPP00004,REP019,PRD14,Outbound,N.,Closed Lost,66.35,2026-03-03,05/19/2026
OPP00005,REP034,PRD06,Outbound,NORTH,Qualified,247.79,2026-04-20,
OPP00006,REP010,PRD15,Partner,Centrl,Lead,1468.53,2026-06-09,
OPP00007,REP009,PRD12,Partner,E.,Lead,100.63,2026-08-10,
OPP00008,REP006,PRD07,Outbound,South ,Qualified,89.85,19-Jun-2026,
OPP00009,REP016,PRD15,Partner,south,Proposal,2589.57,10/05/2025,
OPP00010,REP025,PRD05,Outbound,N.,Qualified,846.96,2026-01-12,
OPP00011,REP015,PRD12,Outbound,west,Lead,515.36,12/25/2025,
OPP00012,REP031,PRD14,Inbound,east,Closed Won,44.83,2025-08-22,2025-12-31
OPP00013,REP024,PRD12,Inbound, North,Closed Won,436.19,2025-07-20,2026-01-14
OPP00014,REP031,PRD09,Outbound,EAST,Lead,485.72,2025-12-22,
OPP00015,REP025,PRD11,Inbound,NORTH,Lead,1127.93,2025-07-09,
OPP00016,REP029,PRD05,Inbound,west,Qualified,78.51,2025-08-28,
OPP00017,REP027,PRD11,Web Signup,E.,Lead,2415.18,18-Aug-2025,
OPP00018,REP031,PRD13,Inbound,E.,Lead,127.64,2025-12-28,
OPP00019,REP027,PRD11,Partner,E.,Qualified,881.74,2025-08-25,
OPP00020,REP031,PRD09,Outbound,EAST,Lead,219.98,28-Jul-2025,
OPP00021,REP027,PRD13,Outbound,EAST,Lead,27.31,03/17/2026,
OPP00022,REP038,PRD15,Inbound,Central,Proposal,3341.37,28-Aug-2025,
OPP00023,REP009,PRD12,Referral,east,Qualified,117.75,2026-08-07,
OPP00024,REP004,PRD01,Inbound,Central ,Proposal,152.9,01/04/2026,
OPP00025,REP017,PRD09,Outbound,west ,Closed Lost,142.07,05-Feb-2026,2026-08-12
OPP00026,REP029,PRD15,Outbound,WEST,Closed Lost,868.48,2025-12-17,2026-07-14
OPP00027,REP026,PRD14,Partner,East,Proposal,163.52,14-Oct-2025,
OPP00028,REP001,PRD08,Web Signup,west ,Closed Lost,5435.02,2026-07-06,2026-07-29
OPP00029,REP010,PRD13,Referral,central,Lead,199.59,07/06/2026,
OPP00030,REP001,PRD07,Outbound,west ,Qualified,160.79,2026-05-16,
OPP00031,REP023,PRD05,Inbound,,Proposal,3143.32,2025-11-28,
OPP00032,REP032,PRD03,Inbound,West,Qualified,917.39,2025-09-15,
OPP00033,REP022,PRD10,Outbound,central,Qualified,82.8,2025-09-17,
OPP00034,REP039,PRD01,Referral, North,Lead,32.1,2026-06-03,
OPP00035,REP024,PRD01,Web Signup,North,Closed Won,84.35,2026-04-05,2026-06-26
OPP00036,REP023,PRD15,Partner,West,Qualified,786.95,2026-05-19,
OPP00037,REP024,PRD08,Partner,north,Closed Won,1097.69,2026-07-01,2026-07-06
OPP00038,REP011,PRD06,Outbound,West,Qualified,142.35,2025-09-18,
OPP00039,REP018,PRD03,Partner,Central ,Lead,25.96,08/20/2025,
OPP00040,REP029,PRD14,Inbound,west,Closed Won,53.98,2026-05-12,2026-07-16
OPP00041,REP023,PRD07,Inbound,West,Qualified,61.4,26-Sep-2025,
OPP00042,REP034,PRD08,Outbound,N.,Lead,1205.3,01/13/2026,
OPP00043,REP019,PRD04,Inbound,N.,Closed Won,39.07,2025-11-29,2026-02-10
OPP00044,REP028,PRD01,Inbound,SOUTH,Closed Lost,45.55,2026-08-24,2026-08-29
OPP00045,REP030,PRD13,Outbound,west ,Proposal,48.98,2025-10-20,
OPP00046,REP021,PRD08,Referral,south,Proposal,1939.07,2026-05-27,
OPP00047,REP012,PRD09,Partner,East,Qualified,149.34,11/23/2025,
OPP00048,REP022,PRD08,Referral,CENTRAL,Proposal,1566.24,2026-02-05,
OPP00049,REP015,PRD03,Inbound,WEST,Closed Lost,575.51,2026-06-28,22-Jul-2026
OPP00050,REP035,PRD07,Partner,East,Proposal,53.9,2025-08-31,
OPP00051,REP035,PRD01,Outbound,East,Qualified,34.06,13-Jun-2026,
OPP00052,REP035,PRD01,Outbound,EAST,Lead,51.77,09/18/2025,
OPP00053,REP031,PRD02,Outbound,,Closed Lost,240.18,08/12/2025,2026-04-22
OPP00054,REP028,PRD10,Partner,South,Closed Won,53.87,27-Aug-2026,08/27/2026
OPP00055,REP010,PRD05,Outbound,CENTRAL,Lead,1082.75,2025-09-14,
OPP00056,REP034,PRD02,Partner,North,Qualified,129.66,2026-01-03,
OPP00057,REP024,PRD12,Web Signup,,Proposal,265.12,11/10/2025,
OPP00058,REP024,PRD05,Outbound, North,Closed Lost,1315.5,05/15/2026,2026-08-17
OPP00059,REP023,PRD13,Partner,west,Proposal,32.44,2026-07-12,
OPP00060,REP009,PRD09,Inbound,east,Qualified,77.62,2025-12-17,
OPP00061,REP018,PRD02,Web Signup,Central,Lead,244.19,11-May-2026,
OPP00062,REP011,PRD14,Web Signup,west ,Qualified,142.45,18-Aug-2025,
OPP00063,REP020,PRD13,Referral,west,Qualified,221.86,08-Nov-2025,
OPP00064,REP010,PRD10,Web Signup,Central,Proposal,73.76,2026-04-24,
OPP00065,REP011,PRD01,Outbound,west,Proposal,212.04,2025-07-05,
OPP00066,REP027,PRD02,Referral,E.,Closed Lost,54.18,2026-05-03,06/23/2026
OPP00067,REP016,PRD02,Web Signup,south,Qualified,164.82,2026-06-22,
OPP00068,REP036,PRD13,Outbound,Central,Proposal,220.73,10-Feb-2026,
OPP00069,REP025,PRD11,Inbound, North,Qualified,920.0,2026-05-28,
OPP00070,REP023,PRD07,Partner,west ,Closed Won,25.02,17-Jul-2026,2026-07-24
OPP00071,REP023,PRD08,Partner,WEST,Closed Won,2349.57,2025-11-28,23-Mar-2026
OPP00072,REP035,PRD11,Outbound,East,Proposal,816.62,12/20/2025,
OPP00073,REP022,PRD14,Referral,central,Qualified,-267.13,2025-08-18,
OPP00074,REP021,PRD03,Web Signup,SOUTH,Lead,1116.48,08/29/2026,
OPP00075,REP008,PRD05,Referral,E.,Closed Won,496.8,2025-08-20,06/06/2026
OPP00076,REP012,PRD07,Partner,E.,Lead,41.28,03/04/2026,
OPP00077,REP015,PRD14,Inbound,west ,Qualified,11.17,08/17/2025,
OPP00078,REP027,PRD01,Inbound,EAST,Lead,25.62,2025-08-11,
OPP00079,REP034,PRD06,Outbound,north,Lead,92.55,07/09/2026,
OPP00080,REP006,PRD02,Referral,South,Proposal,162.41,07/29/2026,
OPP00081,REP036,PRD01,Inbound,central,Closed Lost,148.6,2026-08-20,2026-08-23
OPP00082,REP036,PRD10,Inbound,Centrl,Qualified,36.54,2025-08-17,
OPP00083,REP002,PRD01,Referral,Centrl,Closed Won,18.09,2026-08-02,2026-08-05
OPP00084,REP028,PRD08,Web Signup,South,Closed Lost,2625.34,11/25/2025,2025-12-21
OPP00085,REP017,PRD13,Partner,west ,Qualified,85.7,2025-08-25,
OPP00086,REP006,PRD05,Inbound,South ,Closed Lost,982.84,02-Jan-2026,2026-06-07
OPP00087,REP024,PRD11,Inbound, North,Lead,4470.59,2025-10-05,
OPP00088,REP001,PRD04,Outbound,W.,Lead,61.31,2026-01-11,
OPP00089,REP003,PRD10,Inbound,E.,Lead,43.51,08/03/2025,
OPP00090,REP004,PRD07,Web Signup,CENTRAL,Lead,64.25,2025-09-05,
OPP00091,REP029,PRD12,Web Signup,W.,Closed Won,86.07,05/25/2026,07/25/2026
OPP00092,REP007,PRD09,Partner,E.,Closed Won,1013.57,2026-01-22,04/11/2026
OPP00093,REP016,PRD07,Outbound,South,Qualified,167.29,05-Mar-2026,
OPP00094,REP031,PRD14,Outbound,,Qualified,134.28,2026-01-05,
OPP00095,REP025,PRD14,Web Signup,N.,Lead,91.74,2026-01-26,
OPP00096,REP008,PRD05,Outbound,E.,Lead,1650.36,2026-05-07,
OPP00097,REP040,PRD03,Referral,S.,Lead,181.69,10/13/2025,
OPP00098,REP014,PRD14,Inbound,South ,Proposal,26.19,2026-02-22,
OPP00099,REP038,PRD14,Web Signup,,Proposal,56.23,06/24/2026,
OPP00100,REP003,PRD09,Inbound,E.,Closed Won,618.72,2026-03-06,2026-09-02
OPP00101,REP037,PRD08,Referral,E.,Lead,3156.71,2025-08-29,
OPP00102,REP036,PRD11,Referral,CENTRAL,Proposal,1149.65,2025-07-11,
OPP00103,REP017,PRD09,Referral,West,Qualified,548.14,24-Jun-2026,
OPP00104,REP005,PRD14,Outbound,central,Qualified,67.26,2025-09-19,
OPP00105,REP013,PRD15,Web Signup,CENTRAL,Lead,1491.91,08/29/2025,
OPP00106,REP008,PRD14,Inbound,East,Lead,117.48,08/25/2026,
OPP00107,REP018,PRD03,Outbound,CENTRAL,Qualified,623.76,2025-12-16,
OPP00108,REP017,PRD01,Referral,west,Qualified,119.62,2026-07-31,
OPP00109,REP030,PRD09,Inbound,WEST,Lead,562.2,25-Jan-2026,
OPP00110,REP004,PRD06,Partner,Central,Proposal,196.7,2025-10-14,
OPP00111,REP002,PRD11,Outbound,CENTRAL,Lead,3595.09,2026-04-01,
OPP00112,REP001,PRD02,Outbound,WEST,Proposal,113.21,08/26/2025,
OPP00113,REP036,PRD05,Partner,Central ,Closed Lost,870.5,09-Jan-2026,2026-06-01
OPP00114,REP025,PRD13,Inbound,N.,Qualified,309.57,02/10/2026,
OPP00115,REP014,PRD06,Referral,South,Proposal,223.48,2025-11-03,
OPP00116,REP029,PRD15,Outbound,W.,Lead,173.17,2026-06-09,
OPP00117,REP009,PRD07,Web Signup,EAST,Proposal,138.8,08/29/2026,
OPP00118,REP040,PRD09,Outbound,SOUTH,Lead,408.63,2026-02-23,
OPP00119,REP036,PRD04,Inbound,Centrl,Lead,118.76,2026-08-18,
OPP00120,REP033,PRD15,Partner,W.,Lead,1174.62,2025-07-10,
OPP00121,REP020,PRD09,Web Signup,west,Lead,591.84,2026-02-21,
OPP00122,REP028,PRD11,Referral,S.,Lead,2801.13,22-Sep-2025,
OPP00123,REP015,PRD01,Web Signup,WEST,Qualified,18.22,2025-10-16,
OPP00124,REP011,PRD08,Inbound,west ,Lead,1601.74,25-Jan-2026,
OPP00125,REP027,PRD01,Referral,EAST,Closed Won,23.77,10/01/2025,11-Nov-2025
OPP00126,REP031,PRD15,Partner,east,Closed Lost,398.21,2025-11-01,2026-02-14
OPP00127,REP026,PRD06,Partner,East,Qualified,638.31,07-Feb-2026,
OPP00128,REP005,PRD02,Outbound,Centrl,Qualified,92.28,2025-12-14,
OPP00129,REP003,PRD07,Inbound,EAST,Closed Won,172.04,2026-03-27,2026-05-05
OPP00130,REP033,PRD05,Outbound,W.,Qualified,1758.89,2026-01-25,
OPP00131,REP006,PRD14,Inbound,South ,Qualified,146.16,31-Jul-2026,
OPP00132,REP013,PRD01,Referral,Centrl,Closed Won,36.25,07/18/2026,07/30/2026
OPP00133,REP036,PRD07,Referral,Centrl,Lead,200.79,2025-08-12,
OPP00134,REP032,PRD09,Web Signup,West,Lead,229.01,09/13/2025,
OPP00135,REP028,PRD06,Outbound,south,Lead,280.88,2026-05-29,
OPP00136,REP010,PRD15,Inbound,central,Closed Won,1753.9,2026-02-03,2026-02-20
OPP00137,REP036,PRD03,Outbound,CENTRAL,Lead,365.79,07/06/2025,
OPP00138,REP032,PRD14,Inbound,west ,Closed Lost,55.11,03/20/2026,16-Aug-2026
OPP00139,REP012,PRD09,Referral,EAST,Closed Lost,314.18,10/13/2025,2026-06-17
OPP00140,REP007,PRD04,Outbound,EAST,Qualified,24.8,2026-01-23,
OPP00141,REP040,PRD08,Inbound,SOUTH,Closed Lost,3339.33,2025-11-06,2026-08-20
OPP00142,REP020,PRD09,Outbound,WEST,Qualified,646.25,06/12/2026,
OPP00143,REP006,PRD13,Inbound,South ,Proposal,194.01,2026-06-01,
OPP00144,REP005,PRD04,Web Signup,Central ,Proposal,97.38,2025-07-11,
OPP00145,REP031,PRD07,Inbound,EAST,Proposal,149.19,2025-09-28,
OPP00146,REP013,PRD07,Inbound,Central,Closed Won,88.86,2025-08-31,2026-09-02
OPP00147,REP027,PRD03,Outbound,E.,Qualified,376.61,10/27/2025,
OPP00148,REP031,PRD06,Web Signup,East,Qualified,100.92,2026-08-31,
OPP00149,REP014,PRD03,Inbound,S.,Lead,487.85,31-Jul-2025,
OPP00150,REP001,PRD02,Referral,W.,Proposal,0.0,2026-04-16,
OPP00151,REP015,PRD13,Web Signup,W.,Lead,63.41,10/27/2025,
OPP00152,REP035,PRD11,Inbound,E.,Closed Won,1969.16,02-Jun-2026,2026-06-14
OPP00153,REP022,PRD04,Web Signup,central,Closed Won,163.9,2025-08-05,2026-04-01
OPP00154,REP012,PRD03,Referral,East,Lead,1169.05,2026-04-13,
OPP00155,REP035,PRD03,Inbound,EAST,Lead,1578.71,2025-08-03,
OPP00156,REP017,PRD06,Outbound,west,Closed Won,411.1,2026-04-07,2026-05-17
OPP00157,REP020,PRD13,Referral,west,Proposal,257.57,13-Jan-2026,
OPP00158,REP005,PRD07,Outbound,Central ,Qualified,31.08,2025-09-21,
OPP00159,REP006,PRD06,Web Signup,South ,Closed Lost,-438.58,04-Apr-2026,2026-09-02
OPP00160,REP012,PRD09,Inbound,E.,Lead,111.91,2026-05-15,
OPP00161,REP037,PRD07,Outbound,E.,Proposal,354.68,2025-11-01,
OPP00162,REP022,PRD11,Outbound,Centrl,Lead,1992.8,2026-01-03,
OPP00163,REP028,PRD09,Outbound,S.,Lead,222.71,07-Nov-2025,
OPP00164,REP029,PRD03,Partner,West,Qualified,107.61,18-Nov-2025,
OPP00165,REP004,PRD11,Inbound,central,Lead,4025.34,2026-05-20,
OPP00166,REP004,PRD13,Partner,CENTRAL,Closed Won,252.75,2025-07-23,12/09/2025
OPP00167,REP035,PRD05,Outbound,E.,Lead,1483.94,19-Mar-2026,
OPP00168,REP012,PRD10,Partner,East,Proposal,71.67,05/19/2026,
OPP00169,REP040,PRD15,Partner,south,Lead,1855.01,01/12/2026,
OPP00170,REP034,PRD02,Inbound,North,Qualified,175.29,2026-01-27,
OPP00171,REP029,PRD11,Outbound,West,Lead,728.97,2025-11-04,
OPP00172,REP007,PRD15,Inbound,east,Lead,2150.98,2025-09-25,
OPP00173,REP011,PRD02,Outbound,west,Lead,122.36,2026-04-27,
OPP00174,REP033,PRD05,Referral,W.,Proposal,1081.37,2025-08-03,
OPP00175,REP029,PRD01,Inbound,west ,Qualified,32.78,2026-07-04,
OPP00176,REP019,PRD06,Partner,N.,Lead,255.18,12/23/2025,
OPP00177,REP038,PRD12,Inbound,Centrl,Closed Won,161.42,2025-12-06,2026-06-02
OPP00178,REP033,PRD09,Outbound,West,Closed Lost,215.47,01-Apr-2026,05/30/2026
OPP00179,REP008,PRD04,Outbound,East,Qualified,118.12,27-Dec-2025,
OPP00180,REP018,PRD04,Web Signup,central,Lead,210.96,12/24/2025,
OPP00181,REP008,PRD09,Partner,east,Proposal,143.12,07/22/2025,
OPP00182,REP012,PRD13,Partner,E.,Closed Won,215.92,2025-12-01,2026-05-04
OPP00183,REP011,PRD09,Outbound,W.,Proposal,608.24,2026-03-15,
OPP00184,REP004,PRD09,Inbound,Central ,Proposal,319.23,2026-02-05,
OPP00185,REP021,PRD02,Inbound,S.,Proposal,196.26,26-Aug-2025,
OPP00186,REP011,PRD02,Referral,W.,Qualified,104.67,05-Feb-2026,
OPP00187,REP012,PRD03,Outbound,E.,Proposal,156.18,02-Apr-2026,
OPP00188,REP009,PRD07,Outbound,East,Lead,310.48,2026-08-03,
OPP00189,REP034,PRD01,Referral,NORTH,Lead,72.51,2026-05-10,
OPP00190,REP033,PRD04,Inbound,west,Closed Lost,16.66,2026-08-24,08/28/2026
OPP00191,REP031,PRD06,Inbound,East,Qualified,463.21,07/25/2025,
OPP00192,REP029,PRD13,Outbound,West,Lead,93.5,2025-10-01,
OPP00193,REP033,PRD02,Outbound,West,Closed Won,48.48,2026-01-22,2026-04-01
OPP00194,REP010,PRD13,Web Signup,Central ,Closed Won,47.29,2026-01-26,02/09/2026
OPP00195,REP014,PRD01,Outbound,S.,Lead,115.21,09/26/2025,
OPP00196,REP005,PRD11,Partner,central,Lead,319.89,2026-06-06,
OPP00197,REP032,PRD07,Inbound,WEST,Qualified,250.84,2026-03-29,
OPP00198,REP012,PRD12,Referral,east,Closed Won,199.41,04-Mar-2026,27-May-2026
OPP00199,REP027,PRD08,Outbound,East,Proposal,2138.12,2026-08-05,
OPP00200,REP012,PRD03,Inbound,east,Proposal,393.89,2025-10-01,
OPP00201,REP015,PRD15,Outbound,west,Qualified,2102.47,2026-04-29,
OPP00202,REP012,PRD12,Outbound,,Lead,321.41,28-Nov-2025,
OPP00203,REP029,PRD04,Outbound,west,Lead,97.26,2026-01-17,
OPP00204,REP015,PRD07,Outbound,west,Qualified,10.56,2025-08-07,
OPP00205,REP027,PRD13,Inbound,E.,Qualified,36.83,2026-06-07,
OPP00206,REP002,PRD03,Partner,Central ,Proposal,346.72,2025-07-05,
OPP00207,REP030,PRD03,Partner,west ,Closed Lost,297.93,2026-08-11,09/02/2026
OPP00208,REP008,PRD13,Web Signup,E.,Lead,244.29,08/26/2026,
OPP00209,REP002,PRD13,Web Signup,Central,Qualified,100.53,2025-12-04,
OPP00210,REP010,PRD04,Inbound,Central ,Qualified,42.62,2026-04-12,
OPP00211,REP004,PRD07,Partner,Centrl,Closed Lost,39.82,2026-06-03,2026-06-09
OPP00212,REP023,PRD10,Inbound,west ,Proposal,41.63,03/17/2026,
OPP00213,REP024,PRD14,Referral,NORTH,Lead,37.45,03/04/2026,
OPP00214,REP024,PRD08,Outbound,NORTH,Qualified,6457.09,10/08/2025,
OPP00215,REP017,PRD10,Referral,West,Proposal,9.75,2026-02-22,
OPP00216,REP015,PRD11,Inbound,WEST,Lead,2750.32,08/01/2026,
OPP00217,REP025,PRD01,Inbound,NORTH,Lead,34.4,03/01/2026,
OPP00218,REP019,PRD03,Inbound,N.,Lead,199.37,17-May-2026,
OPP00219,REP021,PRD03,Inbound,SOUTH,Proposal,111.74,2026-03-14,
OPP00220,REP015,PRD12,Outbound,West,Closed Won,444.14,2026-05-12,2026-07-08
OPP00221,REP021,PRD01,Inbound,S.,Closed Lost,35.14,10/10/2025,23-Dec-2025
OPP00222,REP031,PRD07,Partner,East,Qualified,143.12,05/26/2026,
OPP00223,REP026,PRD03,Inbound,,Lead,512.13,2026-04-24,
OPP00224,REP025,PRD06,Outbound,north,Closed Won,663.63,16-Nov-2025,2026-07-13
OPP00225,REP021,PRD13,Inbound,South,Closed Won,27.52,2026-02-22,2026-05-11
OPP00226,REP029,PRD06,Partner,WEST,Qualified,463.01,07/04/2025,
OPP00227,REP035,PRD03,Web Signup,East,Closed Lost,497.68,2026-02-25,04/21/2026
OPP00228,REP038,PRD04,Inbound,Centrl,Lead,81.39,2025-12-14,
OPP00229,REP017,PRD01,Web Signup,West,Lead,31.79,2026-06-02,
OPP00230,REP018,PRD08,Web Signup,Central ,Closed Won,2204.48,03/11/2026,2026-06-09
OPP00231,REP019,PRD06,Outbound,,Proposal,105.6,2026-06-12,
OPP00232,REP006,PRD15,Inbound,SOUTH,Closed Lost,2137.58,2026-06-12,2026-08-16
OPP00233,REP008,PRD02,Partner,east,Lead,120.15,2025-12-16,
OPP00234,REP016,PRD08,Outbound,South,Qualified,1320.62,2026-08-05,
OPP00235,REP025,PRD04,Inbound,N.,Lead,168.46,2026-07-06,
OPP00236,REP037,PRD12,Web Signup,East,Lead,114.1,12-Nov-2025,
OPP00237,REP017,PRD06,Outbound,WEST,Lead,900.79,2025-09-07,
OPP00238,REP020,PRD14,Inbound,west ,Qualified,86.6,2026-02-09,
OPP00239,REP028,PRD15,Inbound,south,Proposal,1142.18,2026-08-08,
OPP00240,REP039,PRD01,Referral,NORTH,Closed Won,80.2,2026-03-21,08-Apr-2026
OPP00241,REP027,PRD11,Inbound,EAST,Proposal,404.09,2026-01-02,
OPP00242,REP003,PRD11,Referral,east,Qualified,3356.86,02-Mar-2026,
OPP00243,REP006,PRD14,Inbound,South ,Qualified,85.2,2025-12-25,
OPP00244,REP001,PRD04,Web Signup,west ,Closed Won,112.69,2025-12-05,31-Jan-2026
OPP00245,REP001,PRD15,Partner,WEST,Closed Lost,334.0,07/22/2025,2025-08-26
OPP00246,REP025,PRD10,Outbound,North,Qualified,98.66,2026-01-10,
OPP00247,REP035,PRD05,Outbound,East,Lead,371.85,07/08/2026,
OPP00248,REP010,PRD06,Outbound,Central,Lead,246.58,2025-08-29,
OPP00249,REP032,PRD10,Inbound,W.,Lead,33.81,2026-06-22,
OPP00250,REP033,PRD08,Partner,WEST,Qualified,2630.82,21-May-2026,
OPP00251,REP017,PRD15,Referral,,Closed Won,459.32,12/02/2025,29-Aug-2026
OPP00252,REP009,PRD07,Outbound,EAST,Proposal,12.38,2026-04-28,
OPP00253,REP003,PRD12,Partner,EAST,Lead,310.9,2026-07-22,
OPP00254,REP038,PRD06,Outbound,Central ,Lead,663.9,10-May-2026,
OPP00255,REP008,PRD13,Referral,EAST,Proposal,280.1,2026-01-09,
OPP00256,REP037,PRD12,Inbound,East,Lead,82.75,2025-10-26,
OPP00257,REP032,PRD12,Web Signup,west ,Lead,218.51,2025-07-08,
OPP00258,REP008,PRD06,Outbound,,Lead,225.19,2025-09-24,
OPP00259,REP018,PRD13,Outbound,central,Proposal,159.46,2026-05-30,
OPP00260,REP026,PRD12,Inbound,East,Qualified,114.52,2025-12-20,
OPP00261,REP013,PRD02,Outbound,CENTRAL,Proposal,20.8,17-Nov-2025,
OPP00262,REP039,PRD15,Inbound,north,Qualified,694.79,08/10/2026,
OPP00263,REP015,PRD02,Partner,W.,Proposal,20.78,2026-06-29,
OPP00264,REP007,PRD04,Referral,EAST,Lead,134.65,08/12/2025,
OPP00265,REP031,PRD10,Outbound,E.,Closed Won,79.37,13-Jan-2026,2026-03-01
OPP00266,REP006,PRD01,Partner,SOUTH,Proposal,56.57,06/23/2026,
OPP00267,REP017,PRD06,Partner,west,Closed Won,79.45,10/15/2025,2026-08-22
OPP00268,REP038,PRD01,Referral,Central ,Lead,30.72,29-Jun-2026,
OPP00269,REP016,PRD04,Partner,South,Qualified,140.16,08/20/2026,
OPP00270,REP008,PRD03,Referral,E.,Closed Won,381.96,2026-03-07,31-Jul-2026
OPP00271,REP032,PRD01,Referral,W.,Proposal,40.71,2026-06-12,
OPP00272,REP028,PRD13,Partner,SOUTH,Lead,446.24,2026-07-31,
OPP00273,REP022,PRD11,Inbound,CENTRAL,Proposal,884.26,05/31/2026,
OPP00274,REP013,PRD09,Outbound,central,Closed Won,119.03,06/15/2026,2026-06-30
OPP00275,REP029,PRD02,Partner,,Closed Lost,169.33,2026-07-07,2026-08-19
OPP00276,REP001,PRD15,Inbound,WEST,Lead,979.12,2026-01-21,
OPP00277,REP006,PRD04,Outbound,South ,Closed Won,34.06,2026-01-12,2026-04-29
OPP00278,REP032,PRD13,Outbound,,Lead,215.63,2026-08-12,
OPP00279,REP016,PRD03,Referral,South ,Lead,715.33,2026-07-15,
OPP00280,REP036,PRD13,Inbound,Central ,Lead,454.54,05-Jan-2026,
OPP00281,REP018,PRD13,Web Signup,Central ,Lead,369.17,2026-02-02,
OPP00282,REP008,PRD05,Outbound,EAST,Closed Won,598.76,2026-06-10,2026-06-17
OPP00283,REP032,PRD13,Outbound,West,Lead,96.6,02/10/2026,
OPP00284,REP019,PRD08,Inbound, North,Lead,2717.82,2026-01-02,
OPP00285,REP005,PRD15,Outbound,Centrl,Lead,2637.81,01/31/2026,
OPP00286,REP012,PRD02,Web Signup,E.,Qualified,113.42,2026-03-21,
OPP00287,REP019,PRD08,Inbound,NORTH,Qualified,3665.74,09-Mar-2026,
OPP00288,REP024,PRD10,Partner,NORTH,Lead,109.07,2026-08-27,
OPP00289,REP018,PRD01,Outbound,Central,Qualified,63.89,04-Sep-2025,
OPP00290,REP015,PRD01,Referral,W.,Closed Won,126.51,10/19/2025,16-Dec-2025
OPP00291,REP014,PRD09,Outbound,S.,Qualified,1646.98,2025-12-30,
OPP00292,REP028,PRD06,Inbound,S.,Proposal,116.2,2026-04-27,
OPP00293,REP009,PRD06,Inbound,EAST,Qualified,376.08,2025-10-30,
OPP00294,REP012,PRD11,Referral,E.,Lead,3099.3,2025-12-17,
OPP00295,REP023,PRD12,Inbound,WEST,Closed Won,79.38,08/22/2025,2026-01-30
OPP00296,REP038,PRD04,Partner,Centrl,Qualified,56.73,2026-05-16,
OPP00297,REP035,PRD10,Web Signup,east,Proposal,167.1,03/18/2026,
OPP00298,REP036,PRD11,Referral,central,Closed Won,797.87,08/29/2026,2026-08-31
OPP00299,REP011,PRD06,Partner,W.,Proposal,420.02,22-May-2026,
OPP00300,REP039,PRD02,Inbound, North,Closed Won,33.55,2025-08-21,2025-11-09
OPP00301,REP031,PRD05,Web Signup,,Qualified,1187.02,2026-05-26,
OPP00302,REP029,PRD06,Web Signup,WEST,Qualified,195.99,05/02/2026,
OPP00303,REP016,PRD13,Inbound,S.,Lead,172.29,2025-07-19,
OPP00304,REP030,PRD14,Referral,W.,Closed Won,104.02,25-Apr-2026,07/26/2026
OPP00305,REP019,PRD11,Outbound,North,Closed Won,743.69,2025-07-08,2026-04-07
OPP00306,REP030,PRD01,Outbound,west,Closed Lost,33.1,02/20/2026,2026-07-21
OPP00307,REP022,PRD02,Inbound,Centrl,Closed Lost,71.86,2026-05-25,2026-07-06
OPP00308,REP036,PRD10,Partner,Central ,Closed Won,20.38,18-Jul-2026,2026-07-28
OPP00309,REP002,PRD13,Referral,Centrl,Proposal,86.88,01/31/2026,
OPP00310,REP023,PRD08,Web Signup,West,Lead,823.41,2026-06-07,
OPP00311,REP005,PRD05,Partner,Central ,Proposal,482.97,07/16/2026,
OPP00312,REP023,PRD11,Partner,West,Lead,1459.36,07/26/2025,
OPP00313,REP030,PRD04,Inbound,west,Proposal,80.03,2026-05-02,
OPP00314,REP031,PRD02,Outbound,EAST,Proposal,25.72,2026-03-22,
OPP00315,REP022,PRD14,Partner,Central ,Qualified,87.52,2026-05-14,
OPP00316,REP013,PRD06,Inbound,central,Closed Lost,137.83,2025-11-09,05/09/2026
OPP00317,REP016,PRD08,Outbound,South,Qualified,2589.49,10/11/2025,
OPP00318,REP034,PRD05,Partner, North,Lead,1711.94,2026-08-22,
OPP00319,REP039,PRD01,Outbound,North,Proposal,42.13,2025-07-24,
OPP00320,REP013,PRD13,Outbound,Centrl,Closed Lost,26.2,2026-05-06,08/28/2026
OPP00321,REP023,PRD14,Outbound,west,Qualified,133.93,2025-07-25,
OPP00322,REP022,PRD15,Outbound,CENTRAL,Lead,1185.81,07-Sep-2025,
OPP00323,REP027,PRD10,Inbound,E.,Qualified,14.77,2026-06-01,
OPP00324,REP023,PRD10,Web Signup,W.,Lead,85.83,2025-10-17,
OPP00325,REP037,PRD03,Referral,E.,Lead,798.45,27-Jun-2026,
OPP00326,REP009,PRD01,Inbound,EAST,Lead,57.4,22-Nov-2025,
OPP00327,REP010,PRD03,Partner,Central ,Closed Won,387.91,2025-08-12,21-Nov-2025
OPP00328,REP025,PRD03,Partner,N.,Closed Lost,571.93,24-Apr-2026,2026-06-26
OPP00329,REP024,PRD08,Partner,N.,Lead,1789.71,2025-12-15,
OPP00330,REP030,PRD10,Partner,WEST,Lead,30.37,06/22/2026,
OPP00331,REP019,PRD01,Web Signup, North,Qualified,8.95,2026-03-14,
OPP00332,REP010,PRD07,Outbound,Centrl,Qualified,101.9,03/23/2026,
OPP00333,REP013,PRD04,Web Signup,Central,Qualified,110.47,2026-04-24,
OPP00334,REP001,PRD03,Outbound,west ,Lead,219.43,05-Feb-2026,
OPP00335,REP021,PRD13,Referral,South ,Qualified,261.84,2026-05-27,
OPP00336,REP024,PRD04,Referral, North,Qualified,138.91,2026-01-15,
OPP00337,REP019,PRD12,Inbound, North,Closed Won,176.74,2025-09-05,2026-03-06
OPP00338,REP032,PRD09,Inbound,west ,Proposal,316.51,07/19/2025,
OPP00339,REP038,PRD09,Partner,Central,Lead,65.05,2026-08-26,
OPP00340,REP028,PRD06,Referral,South,Proposal,573.33,2025-08-13,
OPP00341,REP033,PRD06,Referral,west ,Lead,93.72,2026-04-01,
OPP00342,REP032,PRD14,Outbound,west ,Lead,51.97,12/25/2025,
OPP00343,REP024,PRD13,Inbound, North,Closed Won,116.67,26-Aug-2025,2026-06-25
OPP00344,REP031,PRD10,Referral,east,Lead,58.07,2025-08-04,
OPP00345,REP027,PRD15,Partner,East,Proposal,1241.82,07/28/2025,
OPP00346,REP029,PRD04,Partner,W.,Qualified,18.11,2026-01-12,
OPP00347,REP033,PRD02,Outbound,WEST,Qualified,228.73,2025-12-05,
OPP00348,REP002,PRD08,Outbound,CENTRAL,Closed Lost,3800.15,07/19/2025,2025-11-14
OPP00349,REP014,PRD05,Partner,SOUTH,Proposal,874.96,01/05/2026,
OPP00350,REP011,PRD13,Referral,W.,Lead,505.2,2025-10-10,
OPP00351,REP009,PRD14,Inbound,East,Lead,44.1,2026-07-06,
OPP00352,REP017,PRD14,Partner,WEST,Lead,66.16,30-Sep-2025,
OPP00353,REP040,PRD05,Inbound,South,Qualified,1925.63,2025-12-20,
OPP00354,REP030,PRD07,Inbound,west,Closed Won,68.18,06/30/2026,2026-07-24
OPP00355,REP029,PRD11,Outbound,west ,Qualified,547.51,2026-04-16,
OPP00356,REP020,PRD13,Partner,west,Qualified,26.98,2025-11-11,
OPP00357,REP020,PRD07,Outbound,west,Lead,129.98,2025-09-30,
OPP00358,REP018,PRD12,Outbound,Centrl,Closed Lost,5.38,2025-11-08,2026-03-08
OPP00359,REP019,PRD15,Outbound,North,Closed Won,404.96,09/25/2025,2026-05-07
OPP00360,REP004,PRD14,Inbound,,Lead,122.06,23-Jul-2025,
OPP00361,REP003,PRD11,Referral,East,Closed Lost,2133.97,03-Mar-2026,2026-06-22
OPP00362,REP019,PRD13,Web Signup,NORTH,Lead,296.39,21-Apr-2026,
OPP00363,REP030,PRD07,Inbound,WEST,Closed Won,65.12,2026-05-08,15-Jun-2026
OPP00364,REP031,PRD10,Outbound,E.,Lead,12.16,2025-09-01,
OPP00365,REP028,PRD01,Outbound,SOUTH,Qualified,45.41,01/08/2026,
OPP00366,REP017,PRD01,Inbound,west,Proposal,28.86,2025-09-21,
OPP00367,REP017,PRD02,Web Signup,west ,Proposal,46.56,2026-02-23,
OPP00368,REP026,PRD01,Outbound,E.,Lead,33.1,2025-10-06,
OPP00369,REP019,PRD05,Outbound,NORTH,Proposal,296.15,04-Aug-2025,
OPP00370,REP019,PRD05,Web Signup,,Qualified,810.32,03/30/2026,
OPP00371,REP004,PRD15,Inbound,CENTRAL,Closed Lost,2734.66,2026-08-21,08/31/2026
OPP00372,REP030,PRD02,Outbound,West,Closed Won,123.63,04/17/2026,30-Apr-2026
OPP00373,REP021,PRD06,Inbound,S.,Proposal,260.3,2026-07-31,
OPP00374,REP039,PRD02,Partner, North,Proposal,146.84,26-Mar-2026,
OPP00375,REP008,PRD05,Outbound,east,Closed Lost,458.8,07/13/2025,2026-06-04
OPP00376,REP011,PRD05,Web Signup,WEST,Closed Won,821.32,2026-07-19,2026-07-24
OPP00377,REP023,PRD05,Outbound,west ,Closed Lost,1504.82,2026-06-05,2026-07-10
OPP00378,REP009,PRD07,Inbound,E.,Proposal,44.51,2026-06-26,
OPP00379,REP023,PRD14,Outbound,west ,Proposal,118.22,2025-10-30,
OPP00380,REP011,PRD13,Web Signup,WEST,Qualified,44.25,06/07/2026,
OPP00381,REP018,PRD02,Partner,Central ,Lead,126.43,2025-11-17,
OPP00382,REP036,PRD15,Outbound,Central,Lead,134.57,13-Aug-2026,
OPP00383,REP020,PRD12,Inbound,,Lead,142.57,2026-01-29,
OPP00384,REP020,PRD15,Partner,W.,Lead,1674.61,2026-08-26,
OPP00385,REP025,PRD09,Outbound,N.,Closed Lost,806.66,2026-07-14,08/28/2026
OPP00386,REP038,PRD01,Inbound,CENTRAL,Closed Won,24.73,2026-06-07,26-Aug-2026
OPP00387,REP031,PRD05,Inbound,East,Lead,182.84,01/28/2026,
OPP00388,REP023,PRD02,Inbound,W.,Qualified,503.68,2026-03-11,
OPP00389,REP016,PRD03,Outbound,SOUTH,Qualified,178.4,2026-01-10,
OPP00390,REP026,PRD10,Inbound,,Qualified,26.25,09/09/2025,
OPP00391,REP014,PRD10,Outbound,south,Qualified,54.03,2026-02-05,
OPP00392,REP036,PRD06,Outbound,Central,Lead,624.89,2026-06-19,
OPP00393,REP004,PRD10,Outbound,Central,Qualified,59.46,2026-01-09,
OPP00394,REP033,PRD07,Outbound,west ,Lead,53.77,2026-06-29,
OPP00395,REP014,PRD06,Web Signup,SOUTH,Lead,350.44,24-Apr-2026,
OPP00396,REP004,PRD09,Outbound,CENTRAL,Lead,1037.2,2026-03-22,
OPP00397,REP024,PRD07,Partner,N.,Closed Won,52.58,2025-07-26,2026-08-13
OPP00398,REP030,PRD07,Inbound,west ,Qualified,163.98,2026-03-13,
OPP00399,REP031,PRD09,Outbound,E.,Proposal,133.29,2025-11-22,
OPP00400,REP006,PRD15,Web Signup,S.,Lead,654.24,17-Jul-2026,
OPP00401,REP028,PRD06,Outbound,south,Qualified,164.82,2025-12-15,
OPP00402,REP007,PRD02,Partner,E.,Lead,348.55,04/05/2026,
OPP00403,REP023,PRD01,Partner,WEST,Qualified,15.41,2026-01-20,
OPP00404,REP034,PRD15,Referral, North,Closed Lost,930.29,03/25/2026,2026-05-18
OPP00405,REP005,PRD04,Inbound,Central,Qualified,28.47,2026-02-03,
OPP00406,REP013,PRD05,Inbound,Centrl,Lead,2933.63,11-Jul-2025,
OPP00407,REP015,PRD04,Inbound,west,Lead,198.96,2026-08-09,
OPP00408,REP014,PRD01,Referral,SOUTH,Proposal,76.31,2025-11-29,
OPP00409,REP005,PRD13,Outbound,Centrl,Lead,413.78,09/08/2025,
OPP00410,REP022,PRD13,Outbound,Central,Qualified,214.47,2026-01-07,
OPP00411,REP027,PRD13,Referral,E.,Lead,38.85,2026-05-15,
OPP00412,REP005,PRD07,Inbound,central,Lead,43.87,2026-07-18,
OPP00413,REP017,PRD05,Outbound,W.,Qualified,1564.86,06-Jan-2026,
OPP00414,REP009,PRD04,Web Signup,EAST,Qualified,53.16,2026-07-08,
OPP00415,REP031,PRD01,Inbound,East,Closed Lost,63.66,2026-07-20,08/10/2026
OPP00416,REP018,PRD14,Outbound,Central,Lead,53.5,2025-07-17,
OPP00417,REP037,PRD03,Inbound,East,Closed Won,629.84,2025-09-14,2026-01-06
OPP00418,REP003,PRD03,Outbound,E.,Closed Won,869.79,12/23/2025,2026-05-29
OPP00419,REP019,PRD11,Inbound,,Lead,108.67,01/08/2026,
OPP00420,REP013,PRD02,Referral,Centrl,Closed Won,121.98,02/26/2026,04-Jul-2026
OPP00421,REP039,PRD14,Inbound,north,Qualified,64.44,04/16/2026,
OPP00422,REP038,PRD04,Inbound,Central,Closed Won,24.17,2026-07-06,2026-08-28
OPP00423,REP029,PRD13,Outbound,West,Qualified,291.63,08/20/2026,
OPP00424,REP004,PRD15,Inbound,Centrl,Lead,1957.2,2026-03-28,
OPP00425,REP026,PRD07,Inbound,East,Lead,54.22,2026-05-30,
OPP00426,REP025,PRD07,Inbound,North,Qualified,27.67,17-Mar-2026,
OPP00427,REP039,PRD05,Outbound, North,Lead,91.18,2026-04-03,
OPP00428,REP018,PRD14,Inbound,Central ,Closed Won,91.0,2026-06-21,2026-07-17
OPP00429,REP031,PRD05,Web Signup,east,Closed Won,3261.99,02/27/2026,04/16/2026
OPP00430,REP008,PRD02,Partner,east,Closed Lost,146.05,2025-12-30,02/14/2026
OPP00431,REP036,PRD09,Inbound,central,Lead,12.87,11/30/2025,
OPP00432,REP031,PRD04,Partner,EAST,Lead,32.06,2026-03-06,
OPP00433,REP038,PRD14,Outbound,Central ,Qualified,88.29,04-Oct-2025,
OPP00434,REP032,PRD08,Outbound,,Closed Won,2379.05,2026-08-24,02-Sep-2026
OPP00435,REP002,PRD04,Partner,Centrl,Qualified,21.85,2025-11-24,
OPP00436,REP002,PRD03,Inbound,CENTRAL,Lead,534.73,11/29/2025,
OPP00437,REP019,PRD01,Referral,north,Proposal,60.71,12/19/2025,
OPP00438,REP016,PRD07,Inbound,,Closed Won,183.6,2026-07-15,2026-08-10
OPP00439,REP009,PRD05,Inbound,E.,Lead,584.34,2026-08-15,
OPP00440,REP034,PRD11,Partner, North,Qualified,3284.07,2026-02-08,
OPP00441,REP030,PRD10,Outbound,WEST,Qualified,170.52,2025-09-20,
OPP00442,REP001,PRD09,Outbound,west,Closed Won,307.45,2025-12-01,2026-03-26
OPP00443,REP033,PRD12,Inbound,W.,Closed Won,192.31,2025-12-27,2026-05-16
OPP00444,REP003,PRD10,Referral,EAST,Lead,49.02,2025-11-20,
OPP00445,REP014,PRD06,Inbound,south,Closed Won,401.99,2026-02-23,2026-02-25
OPP00446,REP040,PRD10,Outbound,S.,Lead,75.24,08/22/2026,
OPP00447,REP008,PRD10,Inbound,east,Proposal,21.14,2025-10-10,
OPP00448,REP013,PRD11,Outbound,central,Closed Lost,278.36,02-Feb-2026,19-Feb-2026
OPP00449,REP024,PRD12,Inbound, North,Qualified,131.76,08/15/2025,
OPP00450,REP018,PRD06,Web Signup,CENTRAL,Closed Won,76.09,2026-02-15,2026-04-05
OPP00451,REP036,PRD03,Partner,Central ,Proposal,440.57,2026-07-20,
OPP00452,REP003,PRD01,Partner,EAST,Lead,69.88,09/21/2025,
OPP00453,REP033,PRD14,Outbound,W.,Lead,43.21,2025-07-13,
OPP00454,REP040,PRD14,Outbound,S.,Lead,84.49,02/09/2026,
OPP00455,REP029,PRD13,Referral,W.,Proposal,160.21,2026-07-03,
OPP00456,REP026,PRD12,Outbound,East,Proposal,762.56,07/10/2026,
OPP00457,REP011,PRD13,Inbound,West,Closed Lost,243.68,2026-06-11,2026-07-14
OPP00458,REP002,PRD03,Inbound,Central ,Proposal,21.97,24-Nov-2025,
OPP00459,REP039,PRD11,Partner,N.,Lead,568.52,2025-08-12,
OPP00460,REP009,PRD14,Referral,east,Closed Lost,56.97,2026-01-16,2026-07-20
OPP00461,REP033,PRD10,Partner,WEST,Proposal,44.62,30-Sep-2025,
OPP00462,REP040,PRD05,Outbound,South,Qualified,1644.12,2025-08-23,
OPP00463,REP039,PRD06,Outbound,N.,Qualified,619.64,05/11/2026,
OPP00464,REP019,PRD05,Outbound,N.,Qualified,1675.83,2026-07-20,
OPP00465,REP023,PRD01,Inbound,WEST,Proposal,91.21,08/30/2025,
OPP00466,REP009,PRD10,Inbound,east,Qualified,55.38,2025-08-14,
OPP00467,REP040,PRD08,Outbound,S.,Qualified,235.75,2025-10-29,
OPP00468,REP033,PRD07,Inbound,W.,Qualified,55.66,2025-10-27,
OPP00469,REP023,PRD05,Outbound,W.,Closed Lost,2644.28,2026-02-24,03/12/2026
OPP00470,REP027,PRD10,Inbound,East,Qualified,48.18,2026-01-12,
OPP00471,REP017,PRD08,Referral,west,Qualified,1262.21,2025-10-04,
OPP00472,REP008,PRD08,Web Signup,EAST,Lead,792.47,2026-05-23,
OPP00473,REP004,PRD13,Inbound,Centrl,Lead,53.0,12/26/2025,
OPP00474,REP023,PRD12,Web Signup,west ,Closed Won,43.58,2026-08-13,08/22/2026
OPP00475,REP006,PRD09,Partner,SOUTH,Closed Lost,348.5,06/18/2026,2026-07-30
OPP00476,REP009,PRD09,Web Signup,east,Lead,353.11,2026-02-19,
OPP00477,REP020,PRD14,Partner,west,Qualified,17.14,2026-06-02,
OPP00478,REP022,PRD15,Inbound,Centrl,Lead,206.09,02/26/2026,
OPP00479,REP014,PRD06,Outbound,south,Lead,742.14,08/19/2025,
OPP00480,REP018,PRD01,Partner,Centrl,Qualified,30.39,2025-09-19,
OPP00481,REP018,PRD14,Inbound,Central,Proposal,5.61,12/12/2025,
OPP00482,REP037,PRD14,Referral,EAST,Lead,23.07,2025-12-14,
OPP00483,REP025,PRD01,Inbound, North,Lead,22.22,2026-01-25,
OPP00484,REP037,PRD03,Inbound,EAST,Qualified,348.16,2025-09-05,
OPP00485,REP005,PRD08,Web Signup,central,Lead,9024.68,02-Nov-2025,
OPP00486,REP017,PRD01,Partner,WEST,Qualified,36.11,06-Jan-2026,
OPP00487,REP031,PRD14,Web Signup,East,Proposal,41.99,2025-11-16,
OPP00488,REP038,PRD14,Web Signup,Central ,Qualified,121.1,08/31/2025,
OPP00489,REP007,PRD15,Web Signup,east,Closed Won,905.67,11/02/2025,11/03/2025
OPP00490,REP036,PRD15,Partner,Central ,Lead,2141.96,2026-05-17,
OPP00491,REP005,PRD05,Partner,CENTRAL,Lead,435.77,18-Jun-2026,
OPP00492,REP006,PRD07,Outbound,south,Qualified,259.06,03-Jul-2026,
OPP00493,REP024,PRD13,Outbound,north,Proposal,210.22,02/15/2026,
OPP00494,REP016,PRD02,Inbound,south,Proposal,267.34,07/29/2025,
OPP00495,REP004,PRD04,Partner,CENTRAL,Qualified,45.81,12/30/2025,
OPP00496,REP020,PRD09,Referral,West,Closed Won,583.56,2026-02-12,06/01/2026
OPP00497,REP035,PRD02,Referral,E.,Proposal,224.59,2026-06-21,
OPP00498,REP027,PRD15,Web Signup,E.,Closed Won,-1230.95,08/28/2025,05/21/2026
OPP00499,REP014,PRD05,Referral,S.,Lead,272.41,01/01/2026,
OPP00500,REP012,PRD14,Outbound,east,Qualified,107.34,2026-01-25,
OPP00501,REP018,PRD10,Web Signup,Central,Qualified,25.37,2025-12-04,
OPP00502,REP005,PRD12,Web Signup,,Lead,203.0,30-May-2026,
OPP00503,REP019,PRD03,Web Signup,N.,Lead,1154.84,2025-10-01,
OPP00504,REP033,PRD07,Inbound,west,Qualified,32.51,30-Aug-2026,
OPP00505,REP008,PRD15,Outbound,East,Closed Won,1499.83,2025-12-25,02-Sep-2026
OPP00506,REP007,PRD07,Web Signup,east,Closed Lost,65.31,2025-10-27,2026-02-07
OPP00507,REP033,PRD02,Inbound,west ,Proposal,73.29,2025-10-22,
OPP00508,REP020,PRD08,Outbound,West,Qualified,1705.2,28-Aug-2025,
OPP00509,REP001,PRD03,Referral,W.,Closed Won,457.43,2025-08-19,10/22/2025
OPP00510,REP014,PRD10,Partner,S.,Lead,78.38,02/27/2026,
OPP00511,REP023,PRD01,Outbound,west,Closed Won,203.6,2026-02-13,2026-08-02
OPP00512,REP008,PRD03,Outbound,east,Lead,492.5,10/08/2025,
OPP00513,REP011,PRD03,Referral,west,Qualified,166.1,2026-07-03,
OPP00514,REP024,PRD01,Web Signup,N.,Qualified,70.99,2026-02-25,
OPP00515,REP032,PRD04,Inbound,West,Lead,112.4,2026-05-12,
OPP00516,REP003,PRD07,Partner,East,Lead,251.47,01/31/2026,
OPP00517,REP031,PRD11,Inbound,east,Proposal,4832.76,07/27/2026,
OPP00518,REP012,PRD09,Referral,east,Qualified,696.61,2026-08-27,
OPP00519,REP024,PRD12,Partner, North,Qualified,170.54,22-Jul-2026,
OPP00520,REP010,PRD03,Inbound,Centrl,Lead,468.35,09-Jun-2026,
OPP00521,REP022,PRD11,Inbound,Centrl,Qualified,6012.7,04-Sep-2025,
OPP00522,REP040,PRD11,Partner,SOUTH,Closed Won,385.18,2025-08-03,04-Jul-2026
OPP00523,REP007,PRD02,Inbound,E.,Lead,173.01,2026-03-11,
OPP00524,REP012,PRD12,Inbound,east,Lead,127.25,2026-01-14,
OPP00525,REP025,PRD15,Referral,north,Lead,892.9,2025-07-24,
OPP00526,REP036,PRD10,Outbound,Central,Closed Lost,42.87,2025-09-12,2025-12-09
OPP00527,REP025,PRD04,Outbound,N.,Closed Lost,64.67,2025-07-20,02/14/2026
OPP00528,REP036,PRD14,Partner,central,Lead,80.17,2025-08-04,
OPP00529,REP007,PRD06,Partner,EAST,Qualified,398.54,2025-11-17,
OPP00530,REP019,PRD09,Referral,north,Closed Lost,1088.66,07/04/2026,23-Aug-2026
OPP00531,REP020,PRD01,Referral,WEST,Closed Lost,66.62,06/12/2026,2026-07-09
OPP00532,REP028,PRD11,Partner,South,Lead,525.56,2025-11-21,
OPP00533,REP031,PRD09,Outbound,east,Lead,238.18,2026-06-07,
OPP00534,REP010,PRD08,Inbound,Central,Proposal,1328.74,2026-07-20,
OPP00535,REP014,PRD08,Partner,south,Closed Lost,1291.86,2025-09-12,2026-03-13
OPP00536,REP038,PRD11,Inbound,Central,Qualified,265.83,2026-03-31,
OPP00537,REP010,PRD15,Referral,CENTRAL,Closed Won,267.76,2026-05-17,20-Jul-2026
OPP00538,REP001,PRD14,Referral,West,Qualified,101.87,2026-03-10,
OPP00539,REP039,PRD07,Outbound,North,Proposal,111.05,23-Sep-2025,
OPP00540,REP034,PRD09,Outbound,NORTH,Closed Won,444.49,2025-11-05,2026-03-13
OPP00541,REP032,PRD14,Referral,WEST,Qualified,26.9,05/19/2026,
OPP00542,REP016,PRD04,Outbound,south,Qualified,51.5,07/23/2026,
OPP00543,REP034,PRD11,Partner,N.,Lead,774.01,2026-02-12,
OPP00544,REP012,PRD03,Web Signup,East,Qualified,612.59,11-May-2026,
OPP00545,REP037,PRD06,Partner,EAST,Proposal,-726.8,2025-08-01,
OPP00546,REP008,PRD13,Partner,East,Qualified,186.46,22-Jun-2026,
OPP00547,REP036,PRD03,Referral,central,Qualified,1125.21,10-Sep-2025,
OPP00548,REP038,PRD12,Outbound,Central,Proposal,111.85,2026-03-05,
OPP00549,REP004,PRD04,Web Signup,Central ,Lead,76.69,2026-01-16,
OPP00550,REP004,PRD02,Referral,CENTRAL,Closed Lost,251.14,12-Mar-2026,03-Apr-2026
OPP00551,REP005,PRD11,Partner,Centrl,Lead,1513.92,2026-05-13,
OPP00552,REP034,PRD04,Partner, North,Lead,101.97,2026-08-07,
OPP00553,REP006,PRD09,Referral,South,Proposal,273.61,2025-07-04,
OPP00554,REP035,PRD02,Inbound,EAST,Proposal,425.68,29-Aug-2026,
OPP00555,REP031,PRD09,Web Signup,East,Lead,7.95,2026-06-27,
OPP00556,REP015,PRD09,Inbound,WEST,Lead,178.14,2026-05-20,
OPP00557,REP025,PRD12,Inbound,north,Lead,100.64,2025-08-15,
OPP00558,REP013,PRD04,Outbound,central,Qualified,78.0,2025-11-26,
OPP00559,REP019,PRD13,Web Signup,North,Qualified,565.06,08/10/2026,
OPP00560,REP040,PRD02,Inbound,SOUTH,Proposal,128.33,04/11/2026,
OPP00561,REP036,PRD11,Outbound,Central,Proposal,984.65,2026-07-26,
OPP00562,REP019,PRD04,Partner,north,Lead,22.61,2026-06-12,
OPP00563,REP007,PRD04,Partner,E.,Lead,131.99,2025-08-13,
OPP00564,REP019,PRD14,Outbound,N.,Proposal,142.27,2025-12-09,
OPP00565,REP034,PRD05,Partner,north,Qualified,1561.77,2026-01-27,
OPP00566,REP002,PRD04,Partner,Central ,Qualified,19.8,2025-10-13,
OPP00567,REP026,PRD14,Inbound,East,Proposal,129.4,2026-02-12,
OPP00568,REP027,PRD11,Web Signup,east,Lead,1107.27,06/09/2026,
OPP00569,REP032,PRD12,Inbound,WEST,Closed Lost,228.53,2026-07-15,07/26/2026
OPP00570,REP028,PRD11,Inbound,SOUTH,Proposal,2111.06,2025-07-26,
OPP00571,REP036,PRD05,Referral,CENTRAL,Proposal,315.34,2026-01-05,
OPP00572,REP006,PRD05,Partner,south,Closed Won,1078.11,04-Nov-2025,2026-03-04
OPP00573,REP014,PRD01,Partner,South,Closed Won,85.72,07/14/2025,26-May-2026
OPP00574,REP021,PRD08,Web Signup,south,Closed Lost,401.28,2025-09-14,2025-12-10
OPP00575,REP039,PRD08,Partner,North,Lead,1884.48,09/30/2025,
OPP00576,REP021,PRD01,Outbound,south,Lead,53.41,06/27/2026,
OPP00577,REP030,PRD15,Inbound,west,Proposal,885.12,2025-10-03,
OPP00578,REP020,PRD05,Partner,west ,Proposal,1121.0,2025-10-31,
OPP00579,REP013,PRD14,Web Signup,CENTRAL,Proposal,74.28,07/26/2026,
OPP00580,REP011,PRD02,Outbound,West,Closed Lost,166.31,2026-02-15,08/31/2026
OPP00581,REP025,PRD12,Partner,NORTH,Qualified,164.51,01-Feb-2026,
OPP00582,REP035,PRD07,Inbound,East,Qualified,34.09,2026-05-22,
OPP00583,REP002,PRD13,Web Signup,Centrl,Proposal,138.0,07/13/2026,
OPP00584,REP001,PRD12,Inbound,west ,Qualified,74.62,07/05/2026,
OPP00585,REP001,PRD08,Partner,west ,Proposal,3452.73,01/09/2026,
OPP00586,REP031,PRD12,Inbound,east,Closed Won,223.99,06/23/2026,15-Aug-2026
OPP00587,REP004,PRD15,Inbound,Central ,Lead,642.08,2025-10-24,
OPP00588,REP004,PRD12,Partner,central,Qualified,328.07,04/27/2026,
OPP00589,REP040,PRD10,Partner,South,Qualified,82.86,2025-11-29,
OPP00590,REP006,PRD09,Web Signup,South,Lead,272.61,08/02/2026,
OPP00591,REP007,PRD02,Referral,East,Lead,48.22,2025-10-18,
OPP00592,REP029,PRD08,Inbound,West,Proposal,2375.89,08/27/2025,
OPP00593,REP012,PRD07,Web Signup,east,Qualified,241.44,03-Feb-2026,
OPP00594,REP015,PRD14,Outbound,West,Closed Won,161.06,05/22/2026,07/26/2026
OPP00595,REP020,PRD05,Outbound,W.,Lead,372.1,2026-08-02,
OPP00596,REP026,PRD13,Outbound,East,Qualified,119.6,2026-01-27,
OPP00597,REP011,PRD06,Web Signup,west ,Closed Lost,716.11,05-Jul-2025,09-Feb-2026
OPP00598,REP007,PRD14,Partner,East,Closed Won,10.55,2026-02-20,08/29/2026
OPP00599,REP014,PRD07,Outbound,SOUTH,Lead,61.68,2025-10-27,
OPP00600,REP028,PRD05,Inbound,South ,Proposal,760.54,2026-06-15,
OPP00601,REP016,PRD06,Outbound,South ,Closed Lost,159.64,2026-08-26,2026-08-31
OPP00602,REP030,PRD07,Web Signup,west ,Closed Won,0.0,2026-03-29,2026-06-01
OPP00603,REP018,PRD09,Partner,Centrl,Lead,216.03,08/30/2026,
OPP00604,REP001,PRD02,Partner,WEST,Qualified,262.07,2026-04-22,
OPP00605,REP002,PRD03,Outbound,CENTRAL,Proposal,6.35,2026-06-22,
OPP00606,REP028,PRD13,Inbound,SOUTH,Qualified,422.57,2026-03-10,
OPP00607,REP004,PRD01,Inbound,CENTRAL,Proposal,99.16,11/27/2025,
OPP00608,REP011,PRD08,Partner,West,Lead,758.18,01/05/2026,
OPP00609,REP006,PRD02,Partner,S.,Lead,323.44,2026-04-27,
OPP00610,REP020,PRD03,Inbound,West,Closed Won,601.66,2026-01-01,09-Jun-2026
OPP00611,REP029,PRD14,Partner,West,Qualified,103.02,06-Aug-2025,
OPP00612,REP011,PRD01,Partner,west,Qualified,24.69,03/08/2026,
OPP00613,REP031,PRD08,Inbound,E.,Lead,2449.85,2026-07-06,
OPP00614,REP040,PRD10,Outbound,SOUTH,Qualified,85.25,26-Apr-2026,
OPP00615,REP032,PRD05,Inbound,W.,Lead,275.9,2026-04-29,
OPP00616,REP001,PRD04,Web Signup,West,Closed Lost,63.81,10/30/2025,05/10/2026
OPP00617,REP039,PRD07,Referral,north,Lead,300.89,2025-08-01,
OPP00618,REP039,PRD09,Web Signup,North,Qualified,289.23,2025-10-10,
OPP00619,REP039,PRD14,Inbound,NORTH,Proposal,69.77,29-Jul-2026,
OPP00620,REP021,PRD03,Inbound,S.,Proposal,492.21,2026-03-18,
OPP00621,REP019,PRD08,Partner,N.,Lead,1808.0,2025-09-19,
OPP00622,REP037,PRD15,Outbound,E.,Lead,413.09,10-Jun-2026,
OPP00623,REP025,PRD13,Outbound,NORTH,Qualified,237.68,2025-09-19,
OPP00624,REP032,PRD09,Referral,west,Proposal,908.14,2026-08-16,
OPP00625,REP009,PRD03,Referral,EAST,Qualified,717.39,06/23/2026,
OPP00626,REP007,PRD09,Web Signup,E.,Proposal,245.27,07/15/2025,
OPP00627,REP035,PRD13,Partner,east,Closed Lost,100.24,2025-10-23,03/31/2026
OPP00628,REP010,PRD10,Outbound,Central ,Qualified,110.86,2025-10-31,
OPP00629,REP003,PRD11,Inbound,east,Lead,2632.82,2025-08-31,
OPP00630,REP033,PRD11,Outbound,WEST,Closed Won,2230.57,07/03/2026,2026-07-28
OPP00631,REP036,PRD07,Outbound,,Lead,55.62,2026-03-23,
OPP00632,REP038,PRD07,Referral,Central ,Qualified,229.5,2026-05-08,
OPP00633,REP040,PRD03,Inbound,South,Proposal,348.95,2025-09-04,
OPP00634,REP005,PRD08,Partner,central,Qualified,5590.12,16-Mar-2026,
OPP00635,REP030,PRD07,Inbound,W.,Qualified,104.93,2026-08-22,
OPP00636,REP032,PRD11,Outbound,W.,Qualified,115.67,25-Apr-2026,
OPP00637,REP002,PRD03,Inbound,,Closed Lost,470.11,2026-03-06,07/05/2026
OPP00638,REP007,PRD05,Inbound,E.,Closed Won,1467.34,18-Jul-2026,29-Aug-2026
OPP00639,REP032,PRD11,Inbound,west ,Closed Won,2321.97,08/28/2026,2026-08-28
OPP00640,REP016,PRD15,Referral,SOUTH,Lead,2044.91,2025-08-26,
OPP00641,REP022,PRD02,Partner,Centrl,Proposal,115.82,2026-01-02,
OPP00642,REP037,PRD04,Outbound,EAST,Lead,46.72,02/12/2026,
OPP00643,REP020,PRD08,Outbound,west ,Closed Won,698.5,12/27/2025,31-Jan-2026
OPP00644,REP024,PRD12,Outbound,NORTH,Qualified,53.26,06/06/2026,
OPP00645,REP014,PRD11,Outbound,SOUTH,Proposal,469.31,18-Sep-2025,
OPP00646,REP008,PRD06,Inbound,east,Closed Won,539.29,2025-09-20,03/11/2026
OPP00647,REP017,PRD08,Outbound,WEST,Closed Won,2656.35,2025-11-10,08/06/2026
OPP00648,REP022,PRD13,Inbound,Central,Qualified,5.64,2026-02-21,
OPP00649,REP036,PRD10,Partner,central,Qualified,30.68,26-Jul-2025,
OPP00650,REP007,PRD03,Inbound,east,Proposal,439.43,08/08/2025,
OPP00651,REP040,PRD08,Inbound,SOUTH,Proposal,1472.58,2026-03-12,
OPP00652,REP017,PRD09,Outbound,west ,Lead,679.64,2025-08-16,
OPP00653,REP007,PRD11,Outbound,East,Closed Lost,552.33,16-Feb-2026,2026-07-05
OPP00654,REP002,PRD13,Inbound,central,Proposal,165.74,21-Apr-2026,
OPP00655,REP036,PRD13,Outbound,Centrl,Lead,135.3,2026-06-03,
OPP00656,REP021,PRD03,Inbound,SOUTH,Proposal,686.93,10/25/2025,
OPP00657,REP008,PRD03,Outbound,,Qualified,709.23,2026-01-09,
OPP00658,REP013,PRD08,Inbound,Centrl,Lead,5281.67,08/20/2026,
OPP00659,REP024,PRD04,Inbound,N.,Lead,48.48,2026-05-20,
OPP00660,REP010,PRD06,Inbound,,Lead,383.16,2025-11-20,
OPP00661,REP037,PRD03,Outbound,east,Lead,684.85,2025-11-13,
OPP00662,REP001,PRD06,Outbound,WEST,Lead,-202.33,2025-11-16,
OPP00663,REP014,PRD02,Partner,South,Proposal,197.16,09/03/2025,
OPP00664,REP035,PRD14,Inbound,EAST,Lead,140.71,2026-04-27,
OPP00665,REP005,PRD10,Inbound,Centrl,Qualified,22.35,2026-01-07,
OPP00666,REP015,PRD08,Partner,W.,Proposal,2037.23,2026-07-25,
OPP00667,REP029,PRD09,Outbound,West,Proposal,206.6,2025-10-23,
OPP00668,REP030,PRD02,Referral,West,Proposal,215.3,2025-12-31,
OPP00669,REP039,PRD04,Referral, North,Lead,138.67,27-Jun-2026,
OPP00670,REP027,PRD08,Outbound,,Closed Lost,5970.64,01/17/2026,2026-07-14
OPP00671,REP035,PRD15,Referral,east,Proposal,1735.41,2026-01-18,
OPP00672,REP028,PRD11,Outbound,South,Lead,299.32,07/11/2025,
OPP00673,REP040,PRD11,Web Signup,South,Lead,1151.26,2026-06-30,
OPP00674,REP014,PRD11,Outbound,S.,Lead,821.92,2026-02-12,
OPP00675,REP006,PRD01,Inbound,south,Qualified,68.51,2026-09-01,
OPP00676,REP003,PRD13,Inbound,east,Closed Lost,42.5,11/03/2025,2025-12-01
OPP00677,REP001,PRD05,Partner,West,Qualified,399.36,06/12/2026,
OPP00678,REP021,PRD09,Referral,South ,Lead,682.43,2026-03-29,
OPP00679,REP039,PRD07,Outbound,N.,Lead,46.96,21-Feb-2026,
OPP00680,REP038,PRD05,Partner,central,Lead,1683.17,29-May-2026,
OPP00681,REP027,PRD10,Outbound,E.,Lead,51.29,01/14/2026,
OPP00682,REP039,PRD09,Inbound,north,Closed Won,1372.12,06/23/2026,2026-07-22
OPP00683,REP009,PRD08,Referral,East,Lead,2812.51,2025-12-05,
OPP00684,REP017,PRD01,Outbound,W.,Lead,24.72,2026-04-28,
OPP00685,REP005,PRD07,Inbound,central,Closed Lost,70.43,2026-07-14,07/24/2026
OPP00686,REP026,PRD01,Outbound,E.,Lead,12.74,04-Jan-2026,
OPP00687,REP025,PRD01,Outbound, North,Closed Lost,20.22,2026-04-26,2026-08-15
OPP00688,REP009,PRD04,Inbound,east,Closed Lost,42.71,2026-04-08,2026-07-28
OPP00689,REP040,PRD14,Outbound,SOUTH,Closed Won,115.68,2026-02-18,12-Jun-2026
OPP00690,REP014,PRD09,Outbound,south,Proposal,623.65,21-Jul-2025,
OPP00691,REP004,PRD09,Outbound,Central ,Lead,123.89,2026-05-07,
OPP00692,REP034,PRD10,Outbound,N.,Lead,21.17,2026-02-02,
OPP00693,REP005,PRD15,Inbound,Central,Lead,417.95,07/10/2025,
OPP00694,REP025,PRD08,Referral,north,Proposal,1800.83,2025-08-11,
OPP00695,REP030,PRD14,Inbound,West,Qualified,97.06,2026-07-24,
OPP00696,REP026,PRD10,Outbound,East,Qualified,10.3,2026-02-11,
OPP00697,REP021,PRD14,Partner,S.,Proposal,42.9,2025-12-29,
OPP00698,REP026,PRD05,Inbound,,Proposal,1016.42,2026-04-03,
OPP00699,REP023,PRD11,Outbound,west ,Qualified,718.77,21-Dec-2025,
OPP00700,REP019,PRD09,Outbound,N.,Qualified,559.19,28-Nov-2025,
OPP00701,REP025,PRD09,Inbound,N.,Qualified,261.86,2026-01-14,
OPP00702,REP010,PRD05,Inbound,CENTRAL,Qualified,141.03,10/18/2025,
OPP00703,REP040,PRD08,Inbound,SOUTH,Qualified,1452.33,2025-09-17,
OPP00704,REP001,PRD14,Partner,WEST,Proposal,33.07,08/03/2025,
OPP00705,REP008,PRD14,Inbound,E.,Qualified,93.97,2026-02-28,
OPP00706,REP002,PRD10,Partner,Centrl,Proposal,120.26,2026-06-11,
OPP00707,REP021,PRD06,Outbound,S.,Proposal,94.64,2025-07-29,
OPP00708,REP029,PRD04,Referral,W.,Qualified,46.04,2026-04-13,
OPP00709,REP026,PRD13,Outbound,East,Lead,48.09,2025-10-14,
OPP00710,REP030,PRD07,Outbound,W.,Proposal,46.83,12-Sep-2025,
OPP00711,REP011,PRD13,Outbound,west,Closed Lost,98.19,02/18/2026,2026-06-24
OPP00712,REP030,PRD02,Inbound,west ,Closed Won,147.49,22-May-2026,2026-06-25
OPP00713,REP016,PRD05,Referral,S.,Closed Lost,1407.83,06-Dec-2025,26-Jan-2026
OPP00714,REP010,PRD09,Partner,Central ,Proposal,27.71,2026-08-26,
OPP00715,REP036,PRD05,Outbound,Central ,Qualified,612.77,04/14/2026,
OPP00716,REP040,PRD02,Outbound,SOUTH,Lead,176.42,20-Aug-2026,
OPP00717,REP013,PRD10,Outbound,central,Qualified,24.33,2026-07-28,
OPP00718,REP027,PRD11,Inbound,EAST,Closed Won,5860.45,2026-01-31,2026-04-04
OPP00719,REP037,PRD06,Partner,EAST,Lead,962.96,19-Jan-2026,
OPP00720,REP001,PRD07,Referral,W.,Proposal,107.47,2026-07-13,
OPP00721,REP035,PRD01,Inbound,east,Lead,81.74,18-Feb-2026,
OPP00722,REP009,PRD04,Inbound,EAST,Proposal,53.07,2026-03-24,
OPP00723,REP003,PRD01,Web Signup,east,Closed Lost,47.25,10/01/2025,2026-03-31
OPP00724,REP028,PRD02,Referral,SOUTH,Lead,58.85,08/31/2025,
OPP00725,REP022,PRD06,Outbound,CENTRAL,Lead,366.16,21-Oct-2025,
OPP00726,REP008,PRD03,Web Signup,E.,Qualified,64.54,12/26/2025,
OPP00727,REP020,PRD12,Inbound,west ,Proposal,385.45,2026-05-08,
OPP00728,REP002,PRD04,Outbound,CENTRAL,Lead,28.22,2026-04-14,
OPP00729,REP004,PRD13,Inbound,Central ,Lead,170.19,2025-09-12,
OPP00730,REP035,PRD02,Partner,east,Lead,50.9,2026-05-06,
OPP00731,REP019,PRD10,Web Signup,north,Lead,93.61,2025-07-14,
OPP00732,REP016,PRD09,Outbound,South ,Closed Lost,599.88,01/25/2026,2026-08-21
OPP00733,REP026,PRD15,Inbound,EAST,Qualified,875.19,2025-10-07,
OPP00734,REP040,PRD11,Outbound,south,Qualified,2946.99,2026-06-22,
OPP00735,REP028,PRD14,Inbound,south,Qualified,35.97,04/16/2026,
OPP00736,REP034,PRD02,Inbound, North,Proposal,199.15,2026-01-23,
OPP00737,REP031,PRD14,Partner,East,Qualified,63.17,2026-04-25,
OPP00738,REP021,PRD15,Partner,South ,Qualified,827.18,2026-04-18,
OPP00739,REP038,PRD12,Inbound,Central,Lead,134.37,2025-09-26,
OPP00740,REP029,PRD10,Outbound,WEST,Proposal,16.3,2026-01-01,
OPP00741,REP010,PRD02,Referral,central,Qualified,101.59,2026-07-05,
OPP00742,REP029,PRD13,Inbound,west ,Closed Won,48.89,2025-07-23,04/03/2026
OPP00743,REP030,PRD10,Referral,W.,Lead,13.12,12/22/2025,
OPP00744,REP039,PRD07,Referral,N.,Lead,116.56,08/22/2025,
OPP00745,REP014,PRD14,Outbound,S.,Qualified,75.06,06/29/2026,
OPP00746,REP036,PRD14,Outbound,CENTRAL,Closed Won,73.14,2026-02-23,2026-06-29
OPP00747,REP030,PRD14,Referral,W.,Proposal,35.59,2026-05-17,
OPP00748,REP028,PRD11,Inbound,South ,Qualified,4459.33,2025-10-02,
OPP00749,REP026,PRD02,Inbound,EAST,Qualified,46.78,20-Oct-2025,
OPP00750,REP023,PRD09,Referral,West,Lead,439.08,2025-08-08,
OPP00751,REP006,PRD12,Referral,South,Closed Won,374.83,2025-08-01,2026-03-25
OPP00752,REP029,PRD11,Outbound,west ,Lead,3079.99,2026-07-21,
OPP00753,REP040,PRD08,Referral,SOUTH,Lead,1005.0,02-Oct-2025,
OPP00754,REP005,PRD14,Outbound,Central,Lead,183.51,2025-09-17,
OPP00755,REP024,PRD15,Partner,NORTH,Proposal,1171.8,2026-01-02,
OPP00756,REP008,PRD12,Referral,east,Proposal,478.1,2026-08-25,
OPP00757,REP035,PRD05,Partner,east,Lead,731.21,10/17/2025,
OPP00758,REP034,PRD04,Partner, North,Proposal,177.09,2026-05-01,
OPP00759,REP039,PRD12,Partner,North,Lead,339.38,2026-06-21,
OPP00760,REP016,PRD06,Web Signup,south,Lead,155.82,2026-04-18,
OPP00761,REP002,PRD06,Outbound,Centrl,Closed Won,225.64,2026-08-27,09/01/2026
OPP00762,REP031,PRD13,Inbound,EAST,Qualified,105.94,01-Nov-2025,
OPP00763,REP019,PRD06,Inbound,N.,Closed Won,354.59,2026-05-22,2026-06-10
OPP00764,REP038,PRD08,Outbound,Centrl,Qualified,1481.74,2026-07-19,
OPP00765,REP003,PRD03,Web Signup,East,Proposal,313.79,05/16/2026,
OPP00766,REP009,PRD02,Inbound,EAST,Closed Lost,52.81,02/06/2026,02/18/2026
OPP00767,REP006,PRD01,Web Signup,South,Qualified,9.8,04/17/2026,
OPP00768,REP027,PRD14,Inbound,East,Qualified,63.04,2025-12-19,
OPP00769,REP013,PRD13,Outbound,central,Proposal,162.83,2026-06-13,
OPP00770,REP024,PRD15,Referral,NORTH,Closed Won,1129.54,2026-06-14,2026-07-06
OPP00771,REP007,PRD05,Inbound,,Closed Won,1997.64,2026-04-11,30-Apr-2026
OPP00772,REP015,PRD13,Inbound,west,Lead,311.95,2026-04-15,
OPP00773,REP018,PRD07,Partner,central,Qualified,54.58,08/30/2026,
OPP00774,REP012,PRD08,Outbound,E.,Closed Won,785.97,2026-04-08,2026-04-19
OPP00775,REP026,PRD05,Outbound,EAST,Qualified,205.72,2026-05-09,
OPP00776,REP040,PRD01,Outbound,,Lead,43.17,02/03/2026,
OPP00777,REP001,PRD07,Inbound,WEST,Lead,50.87,11/28/2025,
OPP00778,REP023,PRD13,Inbound,W.,Qualified,182.31,2025-10-06,
OPP00779,REP024,PRD12,Referral,N.,Lead,223.9,22-Jun-2026,
OPP00780,REP003,PRD03,Outbound,EAST,Proposal,549.14,2025-09-13,
OPP00781,REP035,PRD08,Referral,east,Lead,3305.72,2025-12-15,
OPP00782,REP018,PRD01,Outbound,central,Qualified,59.85,2025-07-20,
OPP00783,REP005,PRD06,Partner,central,Qualified,188.38,2025-08-12,
OPP00784,REP036,PRD14,Partner,Centrl,Closed Won,145.56,2026-03-20,2026-05-06
OPP00785,REP021,PRD10,Web Signup,South ,Proposal,29.94,2025-10-09,
OPP00786,REP032,PRD12,Outbound,west,Qualified,147.93,2025-12-10,
OPP00787,REP013,PRD05,Inbound,Central ,Qualified,1418.28,26-Aug-2025,
OPP00788,REP018,PRD05,Partner,CENTRAL,Qualified,589.87,11-Dec-2025,
OPP00789,REP019,PRD03,Inbound,N.,Proposal,217.72,2025-12-18,
OPP00790,REP022,PRD06,Outbound,central,Proposal,204.24,12/31/2025,
OPP00791,REP014,PRD15,Referral,S.,Qualified,2625.4,2026-03-16,
OPP00792,REP013,PRD06,Inbound,Central,Lead,88.86,2025-10-26,
OPP00793,REP030,PRD14,Web Signup,west,Lead,112.06,07/06/2025,
OPP00794,REP021,PRD12,Referral,South ,Lead,227.98,2026-02-04,
OPP00795,REP024,PRD10,Referral, North,Closed Won,56.47,2025-10-24,2025-12-13
OPP00796,REP040,PRD05,Partner,S.,Lead,745.07,2026-08-27,
OPP00797,REP025,PRD01,Inbound,N.,Proposal,20.99,01/14/2026,
OPP00798,REP029,PRD09,Inbound,west ,Lead,364.37,2025-11-16,
OPP00799,REP017,PRD03,Partner,West,Qualified,443.81,2025-09-27,
OPP00800,REP001,PRD05,Outbound,West,Closed Won,1020.29,2025-07-24,2025-11-03
OPP00801,REP040,PRD11,Inbound,SOUTH,Lead,1350.65,2025-07-15,
OPP00802,REP033,PRD10,Outbound,WEST,Lead,58.06,08-Apr-2026,
OPP00803,REP022,PRD09,Partner,Centrl,Proposal,490.74,01/04/2026,
OPP00804,REP028,PRD13,Referral,SOUTH,Proposal,19.4,2026-03-12,
OPP00805,REP006,PRD04,Outbound,S.,Lead,72.25,07/16/2025,
OPP00806,REP018,PRD14,Inbound,Centrl,Qualified,68.02,11/16/2025,
OPP00807,REP040,PRD10,Inbound,SOUTH,Qualified,16.09,01/26/2026,
OPP00808,REP040,PRD08,Inbound,S.,Proposal,1988.86,13-Aug-2025,
OPP00809,REP022,PRD13,Referral,Central ,Qualified,41.81,2025-10-10,
OPP00810,REP037,PRD13,Inbound,East,Qualified,161.05,05/26/2026,
OPP00811,REP013,PRD06,Partner,CENTRAL,Qualified,524.88,08/16/2026,
OPP00812,REP022,PRD04,Web Signup,Centrl,Qualified,83.66,2025-09-30,
OPP00813,REP037,PRD14,Inbound,EAST,Qualified,16.01,2025-08-22,
OPP00814,REP035,PRD01,Web Signup,east,Proposal,34.41,07/08/2026,
OPP00815,REP039,PRD15,Inbound,North,Lead,6741.82,17-Jun-2026,
OPP00816,REP020,PRD08,Referral,west ,Lead,2348.59,2026-04-11,
OPP00817,REP010,PRD15,Referral,Central ,Proposal,753.93,2026-08-06,
OPP00818,REP020,PRD14,Partner,WEST,Lead,26.17,2025-09-26,
OPP00819,REP032,PRD04,Inbound,West,Qualified,132.9,2026-06-20,
OPP00820,REP014,PRD15,Partner,SOUTH,Lead,731.63,2026-07-30,
OPP00821,REP028,PRD09,Outbound,South ,Lead,289.81,12/23/2025,
OPP00822,REP039,PRD07,Referral, North,Lead,11.11,2025-08-06,
OPP00823,REP013,PRD14,Outbound,Centrl,Proposal,26.59,13-Aug-2026,
OPP00824,REP003,PRD08,Inbound,E.,Qualified,3290.65,02/23/2026,
OPP00825,REP033,PRD06,Outbound,WEST,Closed Won,297.87,2026-06-24,2026-08-25
OPP00826,REP028,PRD09,Inbound,SOUTH,Proposal,239.34,2025-07-28,
OPP00827,REP002,PRD01,Outbound,central,Proposal,134.64,2025-08-20,
OPP00828,REP016,PRD11,Inbound,south,Lead,2148.66,2026-07-11,
OPP00829,REP018,PRD06,Referral,central,Proposal,329.32,2026-05-11,
OPP00830,REP010,PRD05,Inbound,Central,Qualified,26.67,2026-05-31,
OPP00831,REP009,PRD08,Inbound,East,Closed Won,2872.24,09/25/2025,2026-04-03
OPP00832,REP038,PRD04,Outbound,Centrl,Lead,128.09,13-Jun-2026,
OPP00833,REP013,PRD03,Referral,central,Lead,573.75,30-Aug-2025,
OPP00834,REP007,PRD02,Inbound,east,Qualified,157.94,2025-09-04,
OPP00835,REP013,PRD14,Outbound,Central ,Proposal,35.84,2026-03-11,
OPP00836,REP025,PRD13,Inbound,North,Closed Lost,171.91,10/27/2025,2025-11-21
OPP00837,REP013,PRD14,Inbound,Central ,Proposal,75.37,2025-10-10,
OPP00838,REP007,PRD06,Web Signup,EAST,Closed Lost,321.47,2026-02-02,2026-09-02
OPP00839,REP023,PRD07,Partner,west,Qualified,60.95,2026-03-13,
OPP00840,REP026,PRD06,Outbound,E.,Lead,166.48,2026-04-25,
OPP00841,REP020,PRD12,Partner,West,Closed Won,70.58,08/20/2026,08/27/2026
OPP00842,REP036,PRD13,Inbound,central,Qualified,99.56,2026-06-21,
OPP00843,REP025,PRD05,Referral, North,Closed Lost,1653.92,2026-07-31,2026-08-29
OPP00844,REP009,PRD01,Outbound,East,Closed Won,121.21,2026-06-03,06/12/2026
OPP00845,REP038,PRD06,Inbound,Central,Qualified,431.37,2025-09-30,
OPP00846,REP016,PRD03,Partner,SOUTH,Qualified,287.88,2025-12-18,
OPP00847,REP017,PRD06,Web Signup,west ,Lead,287.22,2026-06-03,
OPP00848,REP023,PRD13,Referral,WEST,Closed Won,151.71,2026-06-19,07/11/2026
OPP00849,REP010,PRD03,Outbound,Centrl,Lead,496.57,05/21/2026,
OPP00850,REP027,PRD10,Partner,EAST,Qualified,61.89,2026-03-24,
OPP00851,REP015,PRD01,Inbound,West,Lead,40.36,2026-06-21,
OPP00852,REP034,PRD12,Referral,NORTH,Lead,35.98,05/09/2026,
OPP00853,REP037,PRD07,Web Signup,EAST,Lead,141.22,05/23/2026,
OPP00854,REP029,PRD03,Outbound,West,Lead,174.7,2025-09-15,
OPP00855,REP014,PRD11,Outbound,South,Lead,677.28,2026-03-03,
OPP00856,REP036,PRD01,Outbound,Centrl,Closed Won,26.07,2026-05-31,2026-06-30
OPP00857,REP026,PRD01,Outbound,EAST,Qualified,16.3,01/17/2026,
OPP00858,REP021,PRD01,Partner,south,Qualified,107.51,2026-04-20,
OPP00859,REP023,PRD13,Inbound,west,Closed Lost,274.85,2025-10-30,07/23/2026
OPP00860,REP008,PRD03,Outbound,EAST,Qualified,329.6,2026-07-07,
OPP00861,REP009,PRD11,Inbound,E.,Lead,2075.51,08/25/2025,
OPP00862,REP031,PRD01,Referral,EAST,Proposal,163.64,12-Sep-2025,
OPP00863,REP029,PRD04,Outbound,WEST,Lead,164.32,2025-09-08,
OPP00864,REP004,PRD13,Referral,,Closed Won,433.08,09/14/2025,02/28/2026
OPP00865,REP029,PRD08,Partner,,Qualified,557.39,17-Sep-2025,
OPP00866,REP013,PRD13,Referral,,Closed Lost,292.01,2026-04-19,2026-05-14
OPP00867,REP036,PRD07,Outbound,Centrl,Qualified,189.06,19-Aug-2025,
OPP00868,REP009,PRD13,Outbound,E.,Closed Won,131.65,03/17/2026,2026-07-25
OPP00869,REP036,PRD13,Referral,Central ,Lead,198.89,10/06/2025,
OPP00870,REP001,PRD01,Partner,WEST,Lead,19.62,2026-05-19,
OPP00871,REP019,PRD08,Partner,N.,Qualified,4365.6,04/04/2026,
OPP00872,REP022,PRD04,Inbound,Central,Closed Lost,54.83,2026-05-28,06-Jun-2026
OPP00873,REP033,PRD04,Inbound,west,Lead,41.39,02/12/2026,
OPP00874,REP025,PRD05,Referral,N.,Proposal,434.82,2026-03-03,
OPP00875,REP006,PRD09,Outbound,SOUTH,Qualified,823.26,2026-04-03,
OPP00876,REP027,PRD10,Inbound,east,Proposal,27.76,2025-09-22,
OPP00877,REP012,PRD04,Outbound,east,Proposal,50.81,02-Aug-2026,
OPP00878,REP014,PRD03,Outbound,,Closed Won,359.74,16-Dec-2025,02/14/2026
OPP00879,REP035,PRD03,Outbound,East,Lead,666.95,2026-07-13,
OPP00880,REP006,PRD11,Outbound,south,Lead,839.82,2025-12-25,
OPP00881,REP028,PRD11,Partner,South,Proposal,2873.26,09/26/2025,
OPP00882,REP027,PRD05,Partner,EAST,Lead,404.84,2026-04-01,
OPP00883,REP015,PRD07,Web Signup,West,Lead,106.2,2026-04-15,
OPP00884,REP020,PRD15,Inbound,west ,Qualified,1436.05,2025-10-01,
OPP00885,REP025,PRD01,Inbound,N.,Closed Lost,140.57,02/05/2026,2026-05-03
OPP00886,REP028,PRD09,Partner,South ,Lead,677.64,2026-06-02,
OPP00887,REP037,PRD11,Inbound,EAST,Closed Lost,640.85,07/24/2025,02/16/2026
OPP00888,REP001,PRD11,Inbound,west ,Closed Lost,3102.48,07/26/2025,12/13/2025
OPP00889,REP009,PRD07,Outbound,E.,Closed Won,21.4,2026-02-01,2026-05-31
OPP00890,REP012,PRD11,Web Signup,EAST,Qualified,2789.31,2026-03-24,
OPP00891,REP026,PRD02,Web Signup,EAST,Qualified,63.86,04/02/2026,
OPP00892,REP032,PRD15,Partner,west ,Proposal,741.92,2025-07-08,
OPP00893,REP030,PRD12,Inbound,west ,Lead,61.42,2025-11-21,
OPP00894,REP017,PRD01,Inbound,west,Lead,-39.26,23-Oct-2025,
OPP00895,REP009,PRD03,Inbound,EAST,Proposal,530.29,05/11/2026,
OPP00896,REP002,PRD02,Partner,Central ,Lead,38.3,08/27/2025,
OPP00897,REP032,PRD12,Partner,W.,Lead,28.85,10/22/2025,
OPP00898,REP028,PRD01,Partner,south,Proposal,30.93,2025-07-27,
OPP00899,REP025,PRD07,Outbound,North,Lead,23.8,2025-09-13,
OPP00900,REP012,PRD07,Outbound,EAST,Lead,136.01,2026-08-20,
OPP00901,REP023,PRD12,Outbound,,Qualified,267.11,18-Dec-2025,
OPP00902,REP020,PRD07,Inbound,W.,Qualified,64.46,04/22/2026,
OPP00903,REP001,PRD09,Outbound,W.,Lead,166.88,05/26/2026,
OPP00904,REP015,PRD12,Web Signup,west ,Lead,128.37,2026-06-21,
OPP00905,REP019,PRD05,Partner, North,Lead,1005.17,2026-03-25,
OPP00906,REP024,PRD13,Outbound, North,Lead,337.17,11/03/2025,
OPP00907,REP007,PRD03,Outbound,E.,Lead,386.52,04/17/2026,
OPP00908,REP029,PRD11,Web Signup,W.,Qualified,1354.42,03-Mar-2026,
OPP00909,REP035,PRD14,Outbound,EAST,Lead,59.85,03/12/2026,
OPP00910,REP010,PRD08,Referral,CENTRAL,Proposal,5441.66,2025-09-07,
OPP00911,REP006,PRD06,Inbound,S.,Lead,281.75,08/13/2025,
OPP00912,REP034,PRD04,Inbound,N.,Lead,64.73,11/01/2025,
OPP00913,REP033,PRD01,Inbound,W.,Lead,72.94,03-Nov-2025,
OPP00914,REP004,PRD13,Outbound,Central,Qualified,-121.95,2025-08-11,
OPP00915,REP016,PRD08,Outbound,south,Qualified,2292.26,2025-09-05,
OPP00916,REP002,PRD03,Referral,CENTRAL,Lead,661.58,31-Jan-2026,
OPP00917,REP006,PRD05,Inbound,South,Lead,58.01,2026-06-13,
OPP00918,REP015,PRD07,Web Signup,west ,Proposal,113.6,2026-05-29,
OPP00919,REP013,PRD10,Referral,Central ,Lead,7.36,16-Jul-2026,
OPP00920,REP035,PRD01,Inbound,east,Qualified,67.36,2026-06-12,
OPP00921,REP016,PRD03,Partner,South,Proposal,65.66,2026-05-21,
OPP00922,REP014,PRD05,Outbound,South,Qualified,834.63,02/01/2026,
OPP00923,REP003,PRD01,Outbound,E.,Lead,92.37,2025-12-18,
OPP00924,REP034,PRD04,Referral, North,Lead,28.74,05-Aug-2026,
OPP00925,REP039,PRD13,Referral, North,Closed Won,372.3,2025-09-30,2026-02-11
OPP00926,REP039,PRD09,Inbound,North,Lead,49.18,06/02/2026,
OPP00927,REP020,PRD12,Referral,west ,Lead,169.98,2025-09-28,
OPP00928,REP021,PRD14,Inbound,south,Closed Lost,32.58,2026-02-09,2026-08-16
OPP00929,REP014,PRD09,Outbound,S.,Closed Lost,62.52,2026-08-17,09/02/2026
OPP00930,REP032,PRD02,Referral,W.,Qualified,457.67,2026-02-28,
OPP00931,REP007,PRD12,Inbound,east,Proposal,74.5,2025-08-08,
OPP00932,REP017,PRD10,Inbound,west ,Proposal,33.06,2025-12-22,
OPP00933,REP001,PRD04,Partner,WEST,Qualified,22.72,2026-05-07,
OPP00934,REP018,PRD05,Outbound,CENTRAL,Lead,1261.83,08/15/2025,
OPP00935,REP039,PRD01,Inbound,North,Lead,27.28,09-Jul-2025,
OPP00936,REP039,PRD14,Referral,North,Proposal,102.28,2025-12-09,
OPP00937,REP004,PRD12,Inbound,CENTRAL,Proposal,59.65,2026-02-23,
OPP00938,REP031,PRD14,Outbound,East,Qualified,206.93,2025-12-15,
OPP00939,REP002,PRD11,Partner,CENTRAL,Closed Won,1414.27,2025-10-18,08/10/2026
OPP00940,REP021,PRD06,Partner,S.,Proposal,63.61,2026-01-18,
OPP00941,REP022,PRD01,Partner,CENTRAL,Proposal,49.36,2026-02-13,
OPP00942,REP039,PRD05,Referral,North,Lead,1105.38,2026-03-15,
OPP00943,REP024,PRD11,Partner,NORTH,Qualified,226.76,05-Oct-2025,
OPP00944,REP012,PRD03,Partner,east,Proposal,697.35,10-Jul-2025,
OPP00945,REP037,PRD12,Partner,E.,Qualified,342.3,25-Jul-2026,
OPP00946,REP035,PRD14,Inbound,E.,Qualified,74.15,2026-06-03,
OPP00947,REP006,PRD03,Outbound,SOUTH,Lead,308.3,2025-11-17,
OPP00948,REP027,PRD02,Inbound,EAST,Qualified,64.27,2025-10-12,
OPP00949,REP026,PRD02,Web Signup,EAST,Lead,303.56,04/25/2026,
OPP00950,REP011,PRD12,Outbound,West,Qualified,502.24,21-Aug-2026,
OPP00951,REP039,PRD07,Outbound,N.,Lead,55.06,12/29/2025,
OPP00952,REP002,PRD10,Outbound,Central ,Lead,18.03,27-Jul-2026,
OPP00953,REP036,PRD09,Outbound,Centrl,Lead,268.29,05-Apr-2026,
OPP00954,REP025,PRD06,Inbound,north,Qualified,173.59,08/28/2025,
OPP00955,REP027,PRD04,Web Signup,east,Proposal,12.78,2026-05-08,
OPP00956,REP027,PRD10,Partner,east,Proposal,40.03,08/05/2025,
OPP00957,REP033,PRD12,Outbound,west ,Lead,68.32,07-Jun-2026,
OPP00958,REP004,PRD03,Outbound,Central,Lead,175.41,07/18/2025,
OPP00959,REP006,PRD01,Outbound,S.,Lead,9.28,06/26/2026,
OPP00960,REP013,PRD11,Inbound,central,Proposal,3802.39,09/02/2025,
OPP00961,REP012,PRD03,Inbound,EAST,Lead,890.81,03/04/2026,
OPP00962,REP002,PRD11,Inbound,Central,Proposal,1824.78,2026-06-02,
OPP00963,REP026,PRD15,Partner,E.,Proposal,1248.2,05/14/2026,
OPP00964,REP019,PRD06,Partner,north,Lead,184.1,2026-05-24,
OPP00965,REP037,PRD08,Referral,EAST,Closed Lost,467.51,13-Feb-2026,2026-03-29
OPP00966,REP032,PRD06,Inbound,west,Proposal,114.43,14-May-2026,
OPP00967,REP019,PRD05,Inbound,NORTH,Qualified,1744.32,20-Jul-2025,
OPP00968,REP013,PRD05,Inbound,Central ,Closed Won,1286.96,03/13/2026,2026-04-15
OPP00969,REP014,PRD01,Referral,South ,Lead,23.67,2026-06-26,
OPP00970,REP007,PRD07,Referral,,Lead,200.5,2026-04-11,
OPP00971,REP010,PRD09,Outbound,central,Qualified,184.96,2025-09-10,
OPP00972,REP040,PRD10,Inbound,South ,Lead,9.82,06/08/2026,
OPP00973,REP003,PRD10,Partner,EAST,Qualified,47.18,09/24/2025,
OPP00974,REP027,PRD02,Outbound,East,Lead,98.65,01/08/2026,
OPP00975,REP011,PRD11,Inbound,West,Lead,3618.84,06/07/2026,
OPP00976,REP016,PRD06,Referral,South ,Qualified,236.16,2026-05-11,
OPP00977,REP015,PRD07,Outbound,west ,Lead,65.01,14-Aug-2026,
OPP00978,REP036,PRD08,Referral,CENTRAL,Proposal,3869.33,09/03/2025,
OPP00979,REP037,PRD13,Inbound,East,Closed Lost,148.48,2026-05-07,07/06/2026
OPP00980,REP030,PRD14,Referral,west ,Qualified,33.59,03/24/2026,
OPP00981,REP011,PRD10,Web Signup,west,Qualified,128.12,23-Dec-2025,
OPP00982,REP025,PRD10,Outbound,north,Lead,20.31,2026-03-19,
OPP00983,REP031,PRD06,Referral,E.,Qualified,1123.07,2025-11-11,
OPP00984,REP017,PRD15,Outbound,West,Closed Lost,842.6,09/01/2025,2026-03-18
OPP00985,REP039,PRD01,Outbound,North,Qualified,23.16,09/30/2025,
OPP00986,REP026,PRD02,Outbound,E.,Qualified,62.15,2026-08-20,
OPP00987,REP001,PRD12,Outbound,west ,Lead,364.07,2026-08-04,
OPP00988,REP021,PRD04,Inbound,south,Lead,102.42,2025-12-01,
OPP00989,REP028,PRD12,Inbound,South ,Lead,113.61,04/01/2026,
OPP00990,REP030,PRD11,Inbound,W.,Proposal,1546.91,02-Apr-2026,
OPP00991,REP002,PRD08,Outbound,Central ,Lead,2056.0,2025-10-26,
OPP00992,REP035,PRD04,Inbound,EAST,Proposal,42.64,03-Jan-2026,
OPP00993,REP029,PRD02,Partner,W.,Lead,101.35,09/21/2025,
OPP00994,REP016,PRD04,Referral,S.,Closed Won,25.45,2025-10-25,02/01/2026
OPP00995,REP004,PRD06,Partner,central,Proposal,224.44,12/04/2025,
OPP00996,REP023,PRD01,Inbound,West,Closed Won,34.37,2025-11-15,07/06/2026
OPP00997,REP022,PRD15,Partner,Central ,Lead,1253.59,10/30/2025,
OPP00998,REP001,PRD07,Outbound,west,Lead,169.58,08/31/2025,
OPP00999,REP032,PRD15,Inbound,west,Qualified,699.75,18-Nov-2025,
OPP01000,REP006,PRD11,Inbound,South,Qualified,1475.93,2026-07-22,
OPP01001,REP033,PRD03,Partner,west ,Lead,49.73,29-Jun-2026,
OPP01002,REP001,PRD06,Outbound,west,Lead,117.71,2026-06-17,
OPP01003,REP005,PRD14,Web Signup,CENTRAL,Closed Lost,73.71,2026-03-12,2026-08-26
OPP01004,REP023,PRD09,Partner,W.,Lead,594.59,03/06/2026,
OPP01005,REP037,PRD10,Partner,EAST,Lead,12.89,10/29/2025,
OPP01006,REP015,PRD02,Partner,West,Lead,29.55,06/10/2026,
OPP01007,REP038,PRD09,Referral,Central ,Lead,606.74,26-Aug-2025,
OPP01008,REP030,PRD14,Web Signup,West,Proposal,111.39,07/03/2026,
OPP01009,REP026,PRD08,Outbound,East,Closed Lost,257.27,2026-06-12,08/12/2026
OPP01010,REP023,PRD03,Inbound,west,Lead,117.13,2026-02-24,
OPP01011,REP018,PRD08,Inbound,central,Lead,1136.65,2026-02-02,
OPP01012,REP024,PRD13,Inbound,NORTH,Lead,567.51,08/16/2025,
OPP01013,REP023,PRD13,Outbound,W.,Closed Lost,227.17,03-Apr-2026,2026-07-10
OPP01014,REP013,PRD04,Outbound,central,Proposal,47.52,2025-08-30,
OPP01015,REP010,PRD11,Inbound,Centrl,Lead,4845.38,2026-03-02,
OPP01016,REP037,PRD14,Outbound,EAST,Closed Won,88.53,27-Jun-2026,08/09/2026
OPP01017,REP019,PRD01,Inbound,North,Proposal,204.42,08/02/2025,
OPP01018,REP034,PRD05,Outbound,North,Proposal,385.06,2025-08-17,
OPP01019,REP023,PRD15,Outbound,,Lead,299.69,16-Apr-2026,
OPP01020,REP005,PRD04,Outbound,Centrl,Lead,37.23,11-Feb-2026,
OPP01021,REP003,PRD10,Outbound,East,Qualified,57.11,2025-09-01,
OPP01022,REP004,PRD12,Inbound,central,Proposal,265.17,2025-09-12,
OPP01023,REP029,PRD09,Inbound,WEST,Lead,325.27,2026-08-01,
OPP01024,REP003,PRD06,Outbound,East,Qualified,158.96,2026-04-28,
OPP01025,REP027,PRD05,Outbound,EAST,Closed Lost,1646.05,2026-06-28,2026-08-23
OPP01026,REP006,PRD01,Inbound,South,Lead,65.16,2025-08-04,
OPP01027,REP026,PRD05,Inbound,East,Lead,752.36,2026-06-18,
OPP01028,REP003,PRD09,Outbound,E.,Closed Won,1765.35,11/27/2025,2026-03-31
OPP01029,REP032,PRD02,Referral,west ,Closed Lost,119.41,2026-07-08,25-Aug-2026
OPP01030,REP034,PRD12,Web Signup,N.,Proposal,91.5,2025-10-29,
OPP01031,REP017,PRD09,Web Signup,W.,Qualified,330.97,2025-08-21,
OPP01032,REP012,PRD12,Web Signup,EAST,Qualified,89.54,2026-06-18,
OPP01033,REP024,PRD13,Referral,NORTH,Lead,85.21,2025-09-22,
OPP01034,REP022,PRD08,Inbound,Centrl,Lead,1523.74,03/27/2026,
OPP01035,REP017,PRD03,Inbound,west ,Qualified,162.69,2025-09-07,
OPP01036,REP029,PRD07,Inbound,West,Lead,31.5,07/30/2026,
OPP01037,REP015,PRD15,Inbound,west ,Lead,2263.95,2025-11-15,
OPP01038,REP017,PRD01,Referral,west,Lead,12.57,08/03/2025,
OPP01039,REP019,PRD15,Partner,NORTH,Lead,624.4,2026-01-12,
OPP01040,REP007,PRD03,Partner,E.,Lead,216.41,2026-06-09,
OPP01041,REP013,PRD11,Web Signup,Centrl,Lead,1921.23,2026-06-10,
OPP01042,REP026,PRD12,Referral,E.,Proposal,236.3,2026-08-15,
OPP01043,REP027,PRD05,Outbound,east,Closed Lost,651.0,14-Aug-2026,28-Aug-2026
OPP01044,REP028,PRD15,Outbound,south,Qualified,0.0,2025-11-04,
OPP01045,REP040,PRD09,Outbound,south,Proposal,272.83,04/12/2026,
OPP01046,REP032,PRD04,Outbound,WEST,Lead,51.96,19-Apr-2026,
OPP01047,REP014,PRD13,Inbound,South,Closed Won,200.88,2026-02-08,07/08/2026
OPP01048,REP015,PRD02,Inbound,West,Proposal,69.32,2026-05-17,
OPP01049,REP030,PRD10,Referral,WEST,Lead,136.02,2026-03-23,
OPP01050,REP024,PRD10,Referral, North,Qualified,49.31,2025-08-13,
OPP01051,REP025,PRD01,Referral, North,Lead,84.29,2026-03-20,
OPP01052,REP016,PRD13,Outbound,SOUTH,Qualified,334.18,08/24/2025,
OPP01053,REP009,PRD13,Inbound,east,Qualified,43.91,2026-03-17,
OPP01054,REP014,PRD10,Outbound,S.,Closed Won,22.36,15-Sep-2025,2026-04-19
OPP01055,REP037,PRD13,Referral,E.,Lead,534.4,04/30/2026,
OPP01056,REP014,PRD15,Partner,S.,Qualified,1685.9,2026-02-09,
OPP01057,REP019,PRD09,Outbound,north,Closed Lost,67.2,01/15/2026,2026-03-14
OPP01058,REP005,PRD04,Outbound,,Closed Won,75.38,2026-03-19,2026-04-03
OPP01059,REP015,PRD09,Inbound,West,Closed Won,462.42,2025-10-21,03/05/2026
OPP01060,REP021,PRD15,Partner,S.,Qualified,547.92,2026-03-01,
OPP01061,REP007,PRD10,Inbound,East,Qualified,19.79,05/04/2026,
OPP01062,REP038,PRD01,Web Signup,CENTRAL,Lead,27.62,2025-10-12,
OPP01063,REP032,PRD11,Inbound,west ,Qualified,1389.41,09/07/2025,
OPP01064,REP036,PRD02,Outbound,CENTRAL,Closed Lost,101.55,2026-03-01,06/17/2026
OPP01065,REP002,PRD13,Partner,CENTRAL,Qualified,312.57,2026-04-22,
OPP01066,REP007,PRD13,Partner,EAST,Qualified,169.16,03/16/2026,
OPP01067,REP020,PRD04,Outbound,west ,Qualified,152.72,2025-10-11,
OPP01068,REP036,PRD08,Inbound,CENTRAL,Qualified,1183.94,16-Aug-2026,
OPP01069,REP004,PRD11,Partner,Central ,Lead,553.94,09/14/2025,
OPP01070,REP005,PRD04,Inbound,central,Lead,31.65,2026-05-28,
OPP01071,REP037,PRD05,Inbound,East,Proposal,529.32,02-Aug-2026,
OPP01072,REP025,PRD11,Referral,N.,Lead,1872.34,04/11/2026,
OPP01073,REP010,PRD12,Referral,central,Closed Won,135.77,2025-07-18,04/25/2026
OPP01074,REP028,PRD01,Web Signup,South,Lead,54.59,2026-02-28,
OPP01075,REP019,PRD05,Outbound, North,Qualified,1355.39,2025-11-21,
OPP01076,REP002,PRD02,Outbound,Central ,Closed Lost,17.07,17-Dec-2025,2026-04-28
OPP01077,REP037,PRD12,Outbound,East,Qualified,278.0,2026-07-16,
OPP01078,REP016,PRD07,Web Signup,South ,Lead,64.31,30-Nov-2025,
OPP01079,REP030,PRD05,Inbound,West,Lead,1172.36,2025-12-26,
OPP01080,REP030,PRD12,Outbound,west,Lead,114.06,10/18/2025,
OPP01081,REP002,PRD09,Inbound,central,Qualified,243.57,2025-11-01,
OPP01082,REP039,PRD13,Inbound,N.,Closed Won,363.99,2025-09-01,2025-12-24
OPP01083,REP029,PRD07,Partner,west,Lead,131.09,2025-09-20,
OPP01084,REP026,PRD03,Inbound,east,Qualified,867.33,02-Aug-2026,
OPP01085,REP014,PRD11,Inbound,South ,Lead,273.72,2026-08-27,
OPP01086,REP012,PRD04,Inbound,east,Closed Won,47.15,16-Aug-2026,08/16/2026
OPP01087,REP039,PRD07,Referral,N.,Lead,150.39,22-Mar-2026,
OPP01088,REP016,PRD14,Outbound,SOUTH,Closed Won,113.4,2025-10-13,06/01/2026
OPP01089,REP030,PRD10,Outbound,West,Closed Lost,18.51,2026-04-22,05/21/2026
OPP01090,REP002,PRD09,Referral,central,Lead,47.91,11/07/2025,
OPP01091,REP006,PRD08,Outbound,S.,Qualified,1302.03,2025-11-21,
OPP01092,REP001,PRD06,Inbound,West,Proposal,28.5,2025-11-09,
OPP01093,REP031,PRD05,Outbound,East,Lead,535.48,08-Jun-2026,
OPP01094,REP005,PRD12,Partner,Centrl,Closed Lost,33.5,2025-08-06,06/21/2026
OPP01095,REP023,PRD11,Outbound,W.,Qualified,1045.44,2026-04-12,
OPP01096,REP040,PRD09,Partner,South,Qualified,404.86,2026-01-04,
OPP01097,REP035,PRD10,Outbound,E.,Proposal,-51.01,2026-06-14,
OPP01098,REP031,PRD07,Referral,EAST,Proposal,148.42,2026-02-10,
OPP01099,REP031,PRD02,Inbound,EAST,Proposal,167.03,2026-06-17,
OPP01100,REP035,PRD06,Partner,east,Qualified,328.55,2026-01-01,
OPP01101,REP028,PRD09,Outbound,S.,Lead,419.55,22-Aug-2026,
OPP01102,REP025,PRD08,Outbound,N.,Closed Won,1779.56,01/05/2026,2026-05-05
OPP01103,REP025,PRD03,Inbound,N.,Qualified,839.6,2026-07-03,
OPP01104,REP039,PRD10,Referral,N.,Proposal,41.62,01-Dec-2025,
OPP01105,REP015,PRD11,Outbound,West,Lead,5753.1,2026-04-15,
OPP01106,REP025,PRD02,Referral, North,Closed Won,243.36,2026-06-11,2026-07-25
OPP01107,REP028,PRD06,Partner,South,Closed Lost,446.45,2026-02-07,05-Jul-2026
OPP01108,REP023,PRD11,Inbound,west,Proposal,555.53,07/29/2026,
OPP01109,REP021,PRD05,Inbound,South ,Lead,1075.86,2026-08-17,
OPP01110,REP029,PRD01,Web Signup,W.,Closed Lost,52.69,2026-05-25,06/25/2026
OPP01111,REP038,PRD10,Inbound,Centrl,Closed Lost,54.68,2025-12-06,28-Jul-2026
OPP01112,REP025,PRD06,Outbound,north,Lead,346.15,10/19/2025,
OPP01113,REP022,PRD12,Outbound,central,Proposal,53.04,01/14/2026,
OPP01114,REP031,PRD10,Referral,east,Qualified,3.1,13-Aug-2025,
OPP01115,REP040,PRD03,Outbound,South ,Qualified,876.49,2026-07-12,
OPP01116,REP001,PRD08,Outbound,West,Qualified,3871.39,2026-04-18,
OPP01117,REP023,PRD10,Web Signup,W.,Lead,63.04,09/21/2025,
OPP01118,REP039,PRD04,Partner,north,Lead,11.05,08/08/2026,
OPP01119,REP030,PRD02,Referral,west ,Qualified,221.38,10/08/2025,
OPP01120,REP020,PRD12,Referral,West,Lead,559.49,02/10/2026,
OPP01121,REP011,PRD09,Outbound,,Qualified,360.84,2025-09-07,
OPP01122,REP033,PRD03,Partner,WEST,Lead,374.26,05-Nov-2025,
OPP01123,REP038,PRD12,Inbound,central,Closed Lost,66.09,2026-01-31,2026-07-24
OPP01124,REP014,PRD13,Inbound,S.,Proposal,12.12,2026-08-06,
OPP01125,REP040,PRD14,Inbound,SOUTH,Qualified,82.94,2025-10-26,
OPP01126,REP004,PRD15,Partner,Centrl,Closed Won,897.59,2026-06-08,06/16/2026
OPP01127,REP016,PRD09,Inbound,S.,Lead,459.05,2025-12-23,
OPP01128,REP013,PRD06,Outbound,Central ,Closed Won,450.71,2026-06-19,2026-07-22
OPP01129,REP019,PRD15,Web Signup,NORTH,Closed Won,1923.76,2025-07-24,2026-06-11
OPP01130,REP032,PRD03,Inbound,West,Closed Won,240.05,2025-08-14,2026-01-14
OPP01131,REP005,PRD01,Referral,Centrl,Lead,239.69,2026-07-28,
OPP01132,REP011,PRD14,Inbound,WEST,Lead,113.14,20-Apr-2026,
OPP01133,REP017,PRD05,Referral,West,Lead,939.59,2026-01-03,
OPP01134,REP027,PRD01,Outbound,EAST,Qualified,39.97,2026-04-29,
OPP01135,REP001,PRD03,Inbound,west ,Qualified,319.55,05-Sep-2025,
OPP01136,REP032,PRD07,Outbound,W.,Closed Won,90.56,21-Apr-2026,2026-06-03
OPP01137,REP021,PRD05,Partner,SOUTH,Qualified,1351.02,2025-07-25,
OPP01138,REP039,PRD14,Inbound,N.,Lead,28.32,2026-03-08,
OPP01139,REP006,PRD14,Partner,South ,Qualified,82.7,18-Sep-2025,
OPP01140,REP005,PRD04,Inbound,Central ,Qualified,95.51,2026-03-21,
OPP01141,REP029,PRD06,Partner,West,Lead,615.0,2025-10-25,
OPP01142,REP031,PRD12,Partner,,Proposal,129.33,10/18/2025,
OPP01143,REP003,PRD13,Inbound,East,Proposal,242.91,2025-08-02,
OPP01144,REP035,PRD07,Outbound,East,Proposal,84.13,11-Feb-2026,
OPP01145,REP015,PRD11,Inbound,west,Lead,1005.12,07/05/2026,
OPP01146,REP010,PRD04,Outbound,Central,Qualified,22.75,2025-10-19,
OPP01147,REP034,PRD05,Outbound,NORTH,Proposal,171.08,07/03/2026,
OPP01148,REP029,PRD05,Inbound,West,Lead,944.99,06/17/2026,
OPP01149,REP021,PRD02,Referral,SOUTH,Closed Lost,22.42,08-Jul-2025,2025-09-07
OPP01150,REP016,PRD01,Inbound,south,Qualified,58.83,07/18/2025,
OPP01151,REP016,PRD03,Inbound,south,Closed Won,752.17,18-Jan-2026,2026-04-11
OPP01152,REP023,PRD04,Outbound,west ,Qualified,249.59,28-Oct-2025,
OPP01153,REP021,PRD04,Partner,SOUTH,Lead,49.64,2026-08-17,
OPP01154,REP008,PRD07,Outbound,East,Closed Won,68.67,2026-05-28,2026-06-18
OPP01155,REP023,PRD13,Referral,west ,Lead,245.89,02/12/2026,
OPP01156,REP034,PRD02,Inbound,North,Proposal,122.55,2026-01-04,
OPP01157,REP017,PRD11,Referral,west,Qualified,6844.38,2026-02-22,
OPP01158,REP014,PRD02,Partner,south,Lead,180.33,2025-10-06,
OPP01159,REP003,PRD03,Inbound,EAST,Closed Lost,1127.72,2025-08-10,02/11/2026
OPP01160,REP040,PRD13,Inbound,South,Lead,140.38,2026-05-26,
OPP01161,REP015,PRD02,Inbound,west ,Lead,279.14,06/24/2026,
OPP01162,REP012,PRD04,Inbound,EAST,Qualified,104.22,2025-08-21,
OPP01163,REP010,PRD07,Web Signup,Centrl,Qualified,77.3,2025-09-28,
OPP01164,REP024,PRD02,Outbound,NORTH,Proposal,86.0,2026-07-27,
OPP01165,REP015,PRD04,Inbound,west,Proposal,106.41,2026-08-24,
OPP01166,REP004,PRD12,Outbound,Central ,Lead,312.11,2025-07-16,
OPP01167,REP016,PRD15,Web Signup,south,Lead,2257.37,2026-08-08,
OPP01168,REP037,PRD08,Inbound,E.,Qualified,1404.07,2026-01-07,
OPP01169,REP038,PRD04,Outbound,,Closed Lost,60.12,2025-10-23,2026-02-13
OPP01170,REP013,PRD08,Partner,CENTRAL,Lead,684.96,2026-06-02,
OPP01171,REP004,PRD03,Web Signup,Centrl,Proposal,866.04,05-Jul-2025,
OPP01172,REP019,PRD15,Partner, North,Qualified,1591.99,2026-04-04,
OPP01173,REP014,PRD09,Outbound,South ,Closed Lost,368.43,01/06/2026,08/15/2026
OPP01174,REP006,PRD08,Outbound,South,Qualified,824.3,05/23/2026,
OPP01175,REP015,PRD06,Inbound,WEST,Closed Lost,359.35,2025-11-26,08/11/2026
OPP01176,REP034,PRD10,Referral, North,Closed Won,13.86,09/08/2025,2026-03-30
OPP01177,REP015,PRD07,Partner,West,Closed Lost,83.69,2026-04-10,04/23/2026
OPP01178,REP020,PRD08,Outbound,W.,Lead,3013.31,2026-08-16,
OPP01179,REP038,PRD13,Inbound,CENTRAL,Qualified,76.58,2026-08-30,
OPP01180,REP033,PRD08,Inbound,West,Qualified,4601.46,2026-08-02,
OPP01181,REP031,PRD09,Web Signup,East,Closed Lost,546.2,2026-08-02,28-Aug-2026
OPP01182,REP027,PRD11,Web Signup,east,Qualified,831.41,07/19/2025,
OPP01183,REP008,PRD11,Outbound,east,Closed Won,2290.12,05/03/2026,2026-08-02
OPP01184,REP011,PRD13,Outbound,west ,Qualified,52.55,06-Aug-2025,
OPP01185,REP015,PRD10,Inbound,West,Qualified,17.48,2026-04-30,
OPP01186,REP026,PRD03,Partner,E.,Qualified,64.04,04/19/2026,
OPP01187,REP036,PRD14,Web Signup,Centrl,Lead,90.08,2026-01-17,
OPP01188,REP037,PRD10,Inbound,EAST,Lead,58.12,2025-07-16,
OPP01189,REP032,PRD14,Partner,west,Lead,62.0,2026-04-07,
OPP01190,REP029,PRD15,Inbound,WEST,Lead,1893.78,2025-08-25,
OPP01191,REP005,PRD08,Web Signup,Central,Proposal,1861.82,03/28/2026,
OPP01192,REP006,PRD11,Outbound,SOUTH,Closed Won,1035.93,2026-01-07,2026-02-16
OPP01193,REP014,PRD07,Referral,South,Lead,59.16,2026-03-19,
OPP01194,REP017,PRD11,Inbound,west ,Lead,952.36,2025-10-15,
OPP01195,REP001,PRD06,Partner,west,Lead,76.11,2025-08-07,
OPP01196,REP011,PRD09,Outbound,West,Lead,378.87,2026-04-03,
OPP01197,REP037,PRD15,Inbound,east,Qualified,1053.23,09/01/2026,
OPP01198,REP037,PRD03,Inbound,EAST,Qualified,413.67,03/23/2026,
OPP01199,REP015,PRD03,Inbound,WEST,Lead,366.94,2025-11-16,
OPP01200,REP022,PRD12,Referral,,Lead,257.1,2026-06-29,
OPP01201,REP001,PRD12,Inbound,west,Lead,237.03,2026-07-10,
OPP01202,REP033,PRD01,Outbound,west ,Qualified,87.95,11/22/2025,
OPP01203,REP013,PRD11,Inbound,Central ,Proposal,1869.98,10/16/2025,
OPP01204,REP032,PRD12,Web Signup,West,Proposal,86.56,08/22/2025,
OPP01205,REP039,PRD11,Partner,NORTH,Qualified,77.57,2026-06-24,
OPP01206,REP016,PRD11,Outbound,SOUTH,Lead,1530.29,2025-08-01,
OPP01207,REP020,PRD04,Referral,west,Qualified,33.55,16-Feb-2026,
OPP01208,REP029,PRD07,Partner,west,Closed Lost,36.89,07-Dec-2025,2025-12-24
OPP01209,REP003,PRD05,Referral,,Proposal,420.53,2025-12-05,
OPP01210,REP031,PRD05,Inbound,,Proposal,593.72,08/05/2025,
OPP01211,REP019,PRD11,Inbound,North,Proposal,1128.33,2026-03-06,
OPP01212,REP007,PRD15,Referral,east,Qualified,626.71,2026-03-01,
OPP01213,REP013,PRD14,Inbound,,Proposal,52.14,2026-08-08,
OPP01214,REP017,PRD04,Inbound,WEST,Closed Lost,43.71,2026-05-09,2026-08-22
OPP01215,REP004,PRD15,Outbound,Central,Lead,580.93,07/06/2026,
OPP01216,REP004,PRD12,Outbound,CENTRAL,Lead,640.67,2026-01-16,
OPP01217,REP001,PRD08,Web Signup,west,Lead,2220.78,01-Aug-2025,
OPP01218,REP017,PRD01,Inbound,west,Qualified,47.64,2025-11-29,
OPP01219,REP015,PRD02,Referral,W.,Proposal,143.39,2026-02-11,
OPP01220,REP010,PRD01,Referral,CENTRAL,Proposal,84.83,2026-04-07,
OPP01221,REP002,PRD12,Inbound,CENTRAL,Lead,24.72,2025-08-10,
OPP01222,REP024,PRD15,Referral,NORTH,Qualified,1183.54,2026-03-18,
OPP01223,REP024,PRD11,Web Signup,north,Lead,92.13,2026-02-01,
OPP01224,REP036,PRD04,Inbound,Central,Qualified,42.56,08-Oct-2025,
OPP01225,REP004,PRD11,Referral,Central,Lead,2145.18,15-Apr-2026,
OPP01226,REP020,PRD08,Outbound,West,Proposal,400.88,2026-06-08,
OPP01227,REP037,PRD10,Inbound,east,Lead,69.78,2026-05-10,
OPP01228,REP018,PRD06,Outbound,Centrl,Qualified,485.78,2026-06-10,
OPP01229,REP022,PRD14,Web Signup,Central ,Closed Won,137.08,2026-04-30,07/04/2026
OPP01230,REP008,PRD02,Partner,E.,Lead,154.69,26-Nov-2025,
OPP01231,REP028,PRD10,Inbound,South,Lead,22.09,2026-07-24,
OPP01232,REP006,PRD05,Referral,South,Lead,1693.6,07/25/2026,
OPP01233,REP002,PRD02,Referral,,Lead,388.09,2026-04-15,
OPP01234,REP026,PRD07,Outbound,East,Closed Lost,124.95,08/11/2026,08/17/2026
OPP01235,REP023,PRD15,Inbound,WEST,Proposal,1316.9,09/06/2025,
OPP01236,REP036,PRD05,Partner,Central ,Proposal,1193.82,2026-05-29,
OPP01237,REP030,PRD15,Web Signup,West,Closed Won,615.06,2025-09-03,2026-02-17
OPP01238,REP006,PRD13,Referral,,Lead,177.11,2025-11-21,
OPP01239,REP032,PRD09,Outbound,W.,Lead,157.61,2026-08-31,
OPP01240,REP022,PRD06,Inbound,Central ,Lead,546.93,02/17/2026,
OPP01241,REP028,PRD06,Outbound,S.,Lead,205.44,2026-03-10,
OPP01242,REP029,PRD15,Partner,west ,Closed Lost,1853.37,21-Sep-2025,10/22/2025
OPP01243,REP005,PRD11,Inbound,Central,Closed Lost,2930.43,2026-03-15,2026-07-21
OPP01244,REP036,PRD06,Partner,CENTRAL,Closed Won,328.8,2026-02-18,2026-06-17
OPP01245,REP018,PRD12,Outbound,central,Closed Lost,187.82,2026-06-15,08/12/2026
OPP01246,REP020,PRD04,Inbound,WEST,Qualified,34.31,2026-05-30,
OPP01247,REP034,PRD12,Inbound,,Lead,396.54,11/10/2025,
OPP01248,REP039,PRD14,Inbound,North,Proposal,127.23,06/13/2026,
OPP01249,REP011,PRD04,Outbound,W.,Closed Lost,82.54,2026-04-03,2026-06-28
OPP01250,REP022,PRD11,Inbound,Centrl,Lead,792.81,2025-08-05,
OPP01251,REP026,PRD14,Inbound,EAST,Closed Lost,36.03,03-Apr-2026,2026-07-31
OPP01252,REP032,PRD15,Inbound,west ,Closed Lost,1172.02,2026-06-06,2026-07-02
OPP01253,REP037,PRD04,Web Signup,East,Proposal,25.01,08/17/2025,
OPP01254,REP021,PRD13,Outbound,South ,Qualified,97.11,08/31/2025,
OPP01255,REP005,PRD10,Inbound,CENTRAL,Proposal,47.66,2026-05-15,
OPP01256,REP015,PRD06,Web Signup,W.,Closed Lost,170.72,2026-04-12,07/20/2026
OPP01257,REP009,PRD01,Web Signup,East,Qualified,49.19,11/05/2025,
OPP01258,REP016,PRD15,Partner,S.,Qualified,1276.09,2025-07-28,
OPP01259,REP023,PRD02,Outbound,W.,Lead,294.52,22-Oct-2025,
OPP01260,REP034,PRD13,Outbound,N.,Lead,21.61,2026-06-09,
OPP01261,REP013,PRD14,Web Signup,Centrl,Qualified,161.49,2025-07-31,
OPP01262,REP039,PRD06,Referral,N.,Proposal,553.99,2025-10-10,
OPP01263,REP003,PRD15,Partner,east,Lead,2399.57,2025-08-25,
OPP01264,REP028,PRD03,Outbound,SOUTH,Qualified,991.34,2026-01-03,
OPP01265,REP029,PRD08,Web Signup,West,Closed Lost,1495.34,2026-04-14,2026-06-23
OPP01266,REP020,PRD13,Partner,west ,Qualified,246.86,2026-04-27,
OPP01267,REP012,PRD05,Inbound,East,Qualified,494.87,2025-07-29,
OPP01268,REP027,PRD07,Web Signup,East,Proposal,58.6,31-Oct-2025,
OPP01269,REP030,PRD08,Inbound,West,Lead,2484.85,2026-06-18,
OPP01270,REP018,PRD05,Inbound,Central ,Qualified,1856.73,04/18/2026,
OPP01271,REP015,PRD14,Outbound,west ,Lead,47.1,2026-04-18,
OPP01272,REP004,PRD14,Referral,CENTRAL,Lead,16.94,2026-06-13,
OPP01273,REP013,PRD03,Outbound,central,Qualified,182.66,01-Sep-2025,
OPP01274,REP031,PRD11,Referral,EAST,Closed Lost,4046.96,2025-10-18,2026-05-11
OPP01275,REP009,PRD09,Outbound,East,Closed Won,217.88,2026-04-15,2026-07-01
OPP01276,REP039,PRD05,Outbound,north,Closed Lost,267.87,2026-03-05,07/09/2026
OPP01277,REP039,PRD07,Outbound, North,Proposal,169.97,2026-02-05,
OPP01278,REP019,PRD01,Inbound,north,Lead,56.08,2026-01-13,
OPP01279,REP009,PRD02,Web Signup,East,Qualified,93.67,2025-09-30,
OPP01280,REP026,PRD13,Inbound,,Closed Won,166.55,24-Jul-2025,15-Dec-2025
OPP01281,REP020,PRD03,Inbound,west,Proposal,210.23,2026-07-26,
OPP01282,REP040,PRD05,Web Signup,SOUTH,Closed Won,1038.55,10-Aug-2026,08/19/2026
OPP01283,REP019,PRD13,Outbound,N.,Qualified,172.14,2025-10-03,
OPP01284,REP011,PRD12,Inbound,West,Lead,50.8,01/23/2026,
OPP01285,REP021,PRD12,Partner,South ,Closed Won,3.98,01/22/2026,2026-07-14
OPP01286,REP030,PRD05,Web Signup,west,Closed Lost,1239.4,12/17/2025,08/11/2026
OPP01287,REP007,PRD05,Inbound,EAST,Closed Won,1729.69,2026-02-10,2026-08-19
OPP01288,REP003,PRD02,Inbound,east,Closed Won,98.98,12/06/2025,01/22/2026
OPP01289,REP005,PRD02,Partner,central,Lead,150.64,2025-10-17,
OPP01290,REP017,PRD08,Inbound,west,Qualified,1883.92,2025-08-30,
OPP01291,REP023,PRD13,Inbound,west ,Closed Lost,80.75,2026-06-20,06-Jul-2026
OPP01292,REP002,PRD08,Inbound,Central,Proposal,3325.53,14-Jun-2026,
OPP01293,REP024,PRD13,Partner,N.,Proposal,32.29,09/10/2025,
OPP01294,REP003,PRD09,Web Signup,east,Closed Won,680.64,09-Mar-2026,2026-07-16
OPP01295,REP001,PRD14,Outbound,W.,Proposal,41.12,03/30/2026,
OPP01296,REP039,PRD10,Inbound,NORTH,Closed Won,48.55,2025-08-23,2026-03-24
OPP01297,REP013,PRD02,Inbound,CENTRAL,Qualified,221.76,08/29/2026,
OPP01298,REP028,PRD10,Outbound,South,Qualified,102.79,2026-02-14,
OPP01299,REP001,PRD09,Inbound,WEST,Qualified,133.16,2026-02-21,
OPP01300,REP001,PRD13,Web Signup,WEST,Closed Won,560.01,03-Nov-2025,2026-08-06
OPP01301,REP021,PRD08,Outbound,South ,Lead,892.95,2025-11-16,
OPP01302,REP036,PRD02,Outbound,central,Closed Won,12.26,2026-04-10,2026-07-17
OPP01303,REP017,PRD01,Inbound,West,Closed Won,17.1,2025-12-25,2026-02-10
OPP01304,REP036,PRD15,Outbound,central,Qualified,821.94,07-Dec-2025,
OPP01305,REP012,PRD12,Referral,E.,Proposal,312.1,19-Oct-2025,
OPP01306,REP017,PRD07,Outbound,west ,Closed Won,173.8,2026-01-03,2026-07-13
OPP01307,REP023,PRD15,Web Signup,WEST,Lead,842.12,07/24/2025,
OPP01308,REP019,PRD12,Inbound, North,Lead,243.19,04/10/2026,
OPP01309,REP029,PRD02,Outbound,west,Lead,540.8,2026-04-16,
OPP01310,REP036,PRD11,Outbound,Centrl,Lead,2205.4,2026-07-02,
OPP01311,REP017,PRD07,Outbound,,Lead,19.17,2025-10-12,
OPP01312,REP029,PRD06,Inbound,W.,Lead,235.12,2025-09-08,
OPP01313,REP036,PRD10,Inbound,Centrl,Lead,19.0,2025-08-24,
OPP01314,REP015,PRD15,Outbound,west,Proposal,1470.0,01-Mar-2026,
OPP01315,REP018,PRD15,Partner,CENTRAL,Lead,833.89,2026-05-09,
OPP01316,REP032,PRD09,Inbound,West,Lead,239.39,2026-07-10,
OPP01317,REP023,PRD10,Inbound,W.,Closed Lost,16.57,08/16/2026,25-Aug-2026
OPP01318,REP020,PRD12,Partner,W.,Qualified,52.4,2026-05-18,
OPP01319,REP004,PRD10,Inbound,Central,Closed Lost,49.2,2025-08-30,10/17/2025
OPP01320,REP012,PRD08,Inbound,East,Proposal,4769.27,2026-03-07,
OPP01321,REP021,PRD11,Referral,South ,Qualified,2283.08,2025-08-30,
OPP01322,REP029,PRD03,Partner,West,Qualified,373.48,06/18/2026,
OPP01323,REP014,PRD06,Inbound,SOUTH,Lead,498.29,2026-06-30,
OPP01324,REP014,PRD03,Outbound,south,Proposal,209.16,2026-08-09,
OPP01325,REP029,PRD07,Web Signup,west,Lead,50.19,2026-03-28,
OPP01326,REP018,PRD10,Inbound,CENTRAL,Proposal,5.26,11-Oct-2025,
OPP01327,REP034,PRD01,Inbound,NORTH,Closed Won,80.11,2025-11-22,2026-01-11
OPP01328,REP040,PRD10,Inbound,S.,Lead,29.41,2026-06-05,
OPP01329,REP031,PRD11,Outbound,E.,Proposal,2095.82,2026-07-29,
OPP01330,REP024,PRD01,Outbound,north,Qualified,59.72,16-Aug-2025,
OPP01331,REP022,PRD04,Inbound,Centrl,Lead,86.92,2025-10-08,
OPP01332,REP008,PRD13,Referral,east,Qualified,318.2,08/10/2026,
OPP01333,REP036,PRD07,Web Signup,Central ,Closed Lost,459.89,2025-10-30,2026-02-25
OPP01334,REP006,PRD09,Outbound,South,Lead,140.26,2025-11-08,
OPP01335,REP018,PRD13,Inbound,Central ,Qualified,196.22,2025-11-06,
OPP01336,REP036,PRD10,Partner,central,Qualified,20.05,03/11/2026,
OPP01337,REP008,PRD03,Outbound,EAST,Lead,59.75,2025-12-26,
OPP01338,REP017,PRD07,Referral,WEST,Proposal,356.95,2026-03-29,
OPP01339,REP021,PRD13,Inbound,South,Lead,273.11,08/11/2026,
OPP01340,REP018,PRD09,Referral,Central ,Closed Won,134.71,2026-02-09,2026-03-11
OPP01341,REP002,PRD15,Referral,Centrl,Lead,1777.25,14-Jan-2026,
OPP01342,REP020,PRD01,Referral,west ,Closed Lost,65.71,12/03/2025,08/06/2026
OPP01343,REP007,PRD03,Outbound,EAST,Closed Won,313.35,2026-02-02,2026-03-22
OPP01344,REP037,PRD11,Inbound,east,Qualified,710.48,24-Feb-2026,
OPP01345,REP040,PRD13,Outbound,S.,Closed Lost,94.33,08/22/2026,23-Aug-2026
OPP01346,REP013,PRD08,Inbound,central,Qualified,2512.22,2026-07-29,
OPP01347,REP004,PRD02,Inbound,Centrl,Lead,125.56,11-Nov-2025,
OPP01348,REP002,PRD11,Referral,central,Qualified,1988.94,2025-10-31,
OPP01349,REP018,PRD04,Inbound,Central,Closed Lost,52.06,11/13/2025,07/26/2026
OPP01350,REP033,PRD04,Partner,west ,Qualified,8.83,03/23/2026,
OPP01351,REP039,PRD06,Outbound, North,Qualified,115.16,2025-08-04,
OPP01352,REP038,PRD06,Partner,Centrl,Proposal,219.65,2025-07-26,
OPP01353,REP024,PRD06,Outbound, North,Lead,314.68,2025-09-05,
OPP01354,REP023,PRD08,Partner,W.,Closed Lost,1959.4,08/08/2025,03/01/2026
OPP01355,REP005,PRD05,Partner,central,Lead,1336.87,2025-12-14,
OPP01356,REP037,PRD09,Outbound,EAST,Closed Lost,93.16,23-May-2026,28-May-2026
OPP01357,REP037,PRD08,Outbound,E.,Qualified,2228.61,25-Jul-2026,
OPP01358,REP035,PRD07,Referral,E.,Proposal,64.99,08/31/2026,
OPP01359,REP031,PRD05,Referral,East,Lead,754.8,02/13/2026,
OPP01360,REP015,PRD09,Inbound,West,Closed Won,37.1,02/23/2026,27-May-2026
OPP01361,REP003,PRD12,Outbound,East,Lead,245.48,2026-01-10,
OPP01362,REP013,PRD11,Outbound,Central ,Lead,547.14,2026-05-15,
OPP01363,REP002,PRD15,Inbound,Central,Closed Won,1172.38,2026-02-20,2026-08-15
OPP01364,REP032,PRD05,Partner,west ,Lead,2390.8,2025-08-29,
OPP01365,REP029,PRD12,Partner,West,Qualified,135.48,08/19/2025,
OPP01366,REP017,PRD09,Outbound,West,Closed Won,367.87,03-Nov-2025,04/22/2026
OPP01367,REP002,PRD07,Partner,Central ,Lead,114.82,2026-05-22,
OPP01368,REP013,PRD02,Partner,CENTRAL,Lead,56.88,2026-07-15,
OPP01369,REP026,PRD03,Inbound,East,Closed Won,543.04,2026-06-29,2026-07-18
OPP01370,REP003,PRD07,Referral,E.,Lead,65.14,03/25/2026,
OPP01371,REP001,PRD08,Inbound,WEST,Closed Won,2182.9,2025-10-23,2026-02-21
OPP01372,REP018,PRD07,Inbound,central,Qualified,265.83,2026-03-09,
OPP01373,REP002,PRD13,Inbound,Centrl,Qualified,109.79,2026-03-29,
OPP01374,REP007,PRD07,Partner,EAST,Proposal,96.78,09-May-2026,
OPP01375,REP011,PRD02,Inbound,west ,Lead,143.28,13-Oct-2025,
OPP01376,REP008,PRD14,Partner,east,Lead,28.23,2026-04-17,
OPP01377,REP036,PRD01,Partner,central,Closed Won,90.69,07-Aug-2026,2026-08-12
OPP01378,REP012,PRD13,Partner,EAST,Proposal,120.37,2026-03-08,
OPP01379,REP037,PRD06,Inbound,EAST,Qualified,253.37,07-Jan-2026,
OPP01380,REP025,PRD15,Inbound,north,Proposal,611.61,07/01/2026,
OPP01381,REP007,PRD04,Outbound,E.,Qualified,151.53,10/07/2025,
OPP01382,REP008,PRD11,Outbound,east,Qualified,365.94,27-Jan-2026,
OPP01383,REP002,PRD04,Partner,central,Lead,22.35,2026-06-18,
OPP01384,REP021,PRD07,Outbound,SOUTH,Qualified,147.75,2026-01-12,
OPP01385,REP028,PRD12,Inbound,,Qualified,25.68,10/21/2025,
OPP01386,REP017,PRD04,Outbound,W.,Qualified,237.04,17-Sep-2025,
OPP01387,REP005,PRD05,Outbound,Central ,Qualified,650.19,2025-08-12,
OPP01388,REP022,PRD09,Partner,CENTRAL,Qualified,579.21,2026-02-14,
OPP01389,REP019,PRD08,Outbound, North,Closed Won,724.74,2026-04-28,25-Aug-2026
OPP01390,REP007,PRD03,Referral,EAST,Lead,880.29,2026-05-24,
OPP01391,REP001,PRD04,Partner,west,Proposal,67.9,01/12/2026,
OPP01392,REP025,PRD12,Outbound, North,Proposal,134.96,2025-11-05,
OPP01393,REP014,PRD02,Referral,S.,Closed Won,95.51,03/15/2026,2026-07-05
OPP01394,REP001,PRD12,Partner,W.,Proposal,71.58,2026-03-03,
OPP01395,REP032,PRD11,Web Signup,W.,Lead,2323.17,28-Nov-2025,
OPP01396,REP020,PRD11,Partner,W.,Lead,186.33,11/04/2025,
OPP01397,REP018,PRD15,Referral,Centrl,Proposal,1597.17,07/26/2026,
OPP01398,REP021,PRD10,Web Signup,South,Lead,96.19,08/07/2026,
OPP01399,REP026,PRD07,Inbound,EAST,Closed Lost,96.14,01-Jul-2026,2026-08-18
OPP01400,REP027,PRD01,Web Signup,EAST,Lead,54.17,2026-02-28,
OPP01401,REP007,PRD03,Partner,EAST,Qualified,505.78,2026-07-25,
OPP01402,REP010,PRD13,Web Signup,Centrl,Qualified,130.1,2025-07-22,
OPP01403,REP039,PRD06,Outbound,N.,Proposal,224.04,2025-09-11,
OPP01404,REP039,PRD11,Web Signup,N.,Closed Lost,2742.75,2026-05-05,2026-08-11
OPP01405,REP018,PRD01,Referral,Central ,Lead,12.48,2026-06-24,
OPP01406,REP035,PRD04,Outbound,E.,Proposal,21.81,2026-01-06,
OPP01407,REP005,PRD04,Web Signup,Central ,Qualified,110.83,2025-12-18,
OPP01408,REP001,PRD07,Referral,W.,Lead,107.77,04/04/2026,
OPP01409,REP039,PRD03,Inbound, North,Qualified,118.31,08/10/2025,
OPP01410,REP028,PRD03,Partner,South ,Qualified,344.09,2025-08-12,
OPP01411,REP023,PRD07,Outbound,west ,Lead,93.31,2026-02-07,
OPP01412,REP017,PRD10,Outbound,,Qualified,69.23,07/23/2026,
OPP01413,REP015,PRD08,Inbound,west,Lead,2294.04,2026-07-04,
OPP01414,REP026,PRD04,Outbound,EAST,Lead,82.22,2026-02-10,
OPP01415,REP019,PRD04,Outbound,,Closed Lost,35.82,2026-08-24,2026-08-24
OPP01416,REP014,PRD05,Web Signup,South,Proposal,245.11,25-Sep-2025,
OPP01417,REP002,PRD01,Partner,Central,Qualified,175.61,2026-06-03,
OPP01418,REP001,PRD13,Inbound,WEST,Qualified,135.16,2025-10-16,
OPP01419,REP021,PRD07,Outbound,south,Closed Won,119.52,2026-01-25,2026-06-16
OPP01420,REP038,PRD05,Referral,central,Lead,301.7,2026-05-13,
OPP01421,REP029,PRD10,Web Signup,west ,Closed Lost,53.71,2026-04-14,2026-04-22
OPP01422,REP011,PRD13,Inbound,W.,Lead,85.91,2026-05-11,
OPP01423,REP027,PRD06,Outbound,,Lead,391.99,2025-08-12,
OPP01424,REP019,PRD13,Inbound,north,Lead,260.21,2025-12-02,
OPP01425,REP019,PRD12,Inbound,north,Proposal,317.1,04/11/2026,
OPP01426,REP039,PRD04,Outbound,north,Closed Won,152.49,2026-02-13,2026-03-13
OPP01427,REP009,PRD04,Web Signup,,Qualified,65.7,2026-04-30,
OPP01428,REP003,PRD07,Inbound,East,Lead,214.18,2026-07-30,
OPP01429,REP027,PRD06,Partner,E.,Lead,121.72,18-Jun-2026,
OPP01430,REP016,PRD09,Outbound,SOUTH,Closed Lost,302.85,2026-02-06,03/24/2026
OPP01431,REP003,PRD05,Inbound,East,Lead,1820.88,10/11/2025,
OPP01432,REP029,PRD02,Referral,west,Closed Lost,28.08,09/17/2025,16-Feb-2026
OPP01433,REP001,PRD11,Outbound,WEST,Closed Won,755.11,19-Apr-2026,06/23/2026
OPP01434,REP030,PRD14,Outbound,west,Lead,35.15,2026-04-13,
OPP01435,REP037,PRD02,Outbound,East,Proposal,335.49,10/24/2025,
OPP01436,REP012,PRD05,Referral,E.,Qualified,-340.38,12/05/2025,
OPP01437,REP003,PRD06,Partner,East,Qualified,377.51,2026-08-03,
OPP01438,REP033,PRD10,Referral,West,Lead,62.68,2026-05-11,
OPP01439,REP002,PRD13,Partner,central,Lead,108.64,07/27/2026,
OPP01440,REP001,PRD07,Partner,WEST,Lead,69.31,04-Aug-2025,
OPP01441,REP029,PRD14,Outbound,,Closed Lost,112.12,2025-08-08,07-Sep-2025
OPP01442,REP030,PRD01,Partner,WEST,Lead,12.32,10/18/2025,
OPP01443,REP015,PRD05,Referral,West,Qualified,855.15,2026-03-19,
OPP01444,REP009,PRD04,Partner,east,Qualified,18.48,06-Jul-2026,
OPP01445,REP003,PRD09,Outbound,E.,Closed Won,396.52,2026-08-11,2026-08-22
OPP01446,REP023,PRD05,Inbound,west,Qualified,1434.81,2025-10-27,
OPP01447,REP025,PRD06,Outbound, North,Closed Lost,61.36,08-Aug-2026,14-Aug-2026
OPP01448,REP006,PRD03,Inbound,South,Proposal,399.76,15-Mar-2026,
OPP01449,REP033,PRD11,Outbound,west ,Qualified,1797.35,08-Mar-2026,
OPP01450,REP016,PRD13,Referral,South,Closed Won,-220.94,07-Nov-2025,2026-04-08
OPP01451,REP014,PRD04,Inbound,South ,Qualified,81.22,2026-02-21,
OPP01452,REP026,PRD13,Partner,east,Qualified,265.86,2026-03-22,
OPP01453,REP006,PRD07,Partner,S.,Qualified,61.34,2026-08-02,
OPP01454,REP034,PRD14,Referral,,Lead,61.31,08/03/2026,
OPP01455,REP003,PRD10,Partner,east,Lead,41.38,2026-08-21,
OPP01456,REP028,PRD13,Inbound,South,Closed Lost,145.48,2026-07-19,08/22/2026
OPP01457,REP005,PRD14,Outbound,CENTRAL,Proposal,108.65,2026-02-21,
OPP01458,REP016,PRD03,Inbound,SOUTH,Closed Won,356.25,2026-07-07,2026-07-08
OPP01459,REP002,PRD05,Inbound,Central,Qualified,1202.11,04/16/2026,
OPP01460,REP003,PRD08,Outbound,East,Lead,1986.19,2026-03-18,
OPP01461,REP003,PRD07,Web Signup,East,Qualified,31.36,27-Sep-2025,
OPP01462,REP040,PRD04,Inbound,South,Lead,70.6,2026-05-23,
OPP01463,REP013,PRD12,Outbound,Centrl,Lead,180.31,2026-02-27,
OPP01464,REP033,PRD14,Inbound,west ,Lead,50.28,2025-07-24,
OPP01465,REP008,PRD09,Outbound,East,Lead,437.99,2026-07-07,
OPP01466,REP031,PRD07,Outbound,EAST,Qualified,47.9,2026-01-26,
OPP01467,REP011,PRD13,Inbound,west ,Lead,175.21,12/27/2025,
OPP01468,REP017,PRD09,Outbound,WEST,Qualified,304.22,2025-08-12,
OPP01469,REP002,PRD06,Inbound,central,Qualified,188.49,07/12/2026,
OPP01470,REP036,PRD10,Partner,CENTRAL,Qualified,24.04,2025-11-13,
OPP01471,REP008,PRD04,Partner,EAST,Lead,174.41,08/15/2026,
OPP01472,REP025,PRD10,Inbound,north,Lead,64.88,2026-04-25,
OPP01473,REP014,PRD05,Inbound,S.,Closed Won,37.19,2025-10-26,17-Jul-2026
OPP01474,REP027,PRD01,Outbound,east,Qualified,35.24,01/08/2026,
OPP01475,REP038,PRD12,Outbound,CENTRAL,Closed Lost,364.93,28-Jul-2025,2025-10-21
OPP01476,REP024,PRD02,Referral,North,Qualified,36.87,2025-11-29,
OPP01477,REP030,PRD07,Inbound,West,Qualified,152.15,07/18/2025,
OPP01478,REP002,PRD12,Web Signup,Centrl,Qualified,107.77,06/11/2026,
OPP01479,REP015,PRD05,Inbound,west,Lead,615.2,2026-03-04,
OPP01480,REP029,PRD13,Outbound,,Proposal,316.75,2026-05-25,
OPP01481,REP013,PRD04,Outbound,Central ,Closed Won,159.85,29-Oct-2025,2026-04-07
OPP01482,REP021,PRD04,Inbound,south,Proposal,60.85,09-Dec-2025,
OPP01483,REP003,PRD11,Referral,east,Proposal,2880.14,2026-05-18,
OPP01484,REP029,PRD01,Outbound,west,Closed Won,67.26,2026-07-28,08/26/2026
OPP01485,REP014,PRD09,Inbound,south,Closed Lost,117.38,2026-07-05,2026-07-11
OPP01486,REP024,PRD13,Outbound, North,Qualified,27.9,19-Oct-2025,
OPP01487,REP039,PRD01,Inbound,north,Closed Won,115.6,08/10/2026,2026-08-15
OPP01488,REP010,PRD12,Inbound,central,Closed Lost,237.1,13-Mar-2026,07/19/2026
OPP01489,REP017,PRD04,Partner,west,Proposal,104.44,2026-07-10,
OPP01490,REP030,PRD13,Inbound,west ,Lead,418.27,16-Aug-2026,
OPP01491,REP013,PRD13,Web Signup,Centrl,Closed Won,469.85,04/22/2026,06/21/2026
OPP01492,REP017,PRD03,Inbound,west ,Qualified,448.11,2025-11-15,
OPP01493,REP015,PRD11,Inbound,west ,Closed Lost,2855.1,06/26/2026,08/16/2026
OPP01494,REP031,PRD05,Outbound,East,Lead,1250.85,2026-03-26,
OPP01495,REP024,PRD08,Partner,north,Closed Won,256.9,2026-09-01,02-Sep-2026
OPP01496,REP018,PRD10,Inbound,Central ,Lead,22.29,2026-01-25,
OPP01497,REP008,PRD03,Partner,east,Proposal,642.51,2026-07-15,
OPP01498,REP033,PRD05,Inbound,W.,Closed Won,362.78,2025-11-30,2026-03-05
OPP01499,REP017,PRD04,Web Signup,,Closed Won,30.3,2026-02-05,2026-05-31
OPP01500,REP021,PRD12,Partner,South ,Proposal,191.53,2025-12-25,
OPP01501,REP016,PRD06,Inbound,South,Qualified,315.93,2026-02-20,
OPP01502,REP035,PRD09,Outbound,EAST,Qualified,125.34,2026-02-13,
OPP01503,REP001,PRD14,Partner,west,Proposal,113.58,12/11/2025,
OPP01504,REP015,PRD05,Outbound,west ,Proposal,3744.25,18-Jul-2026,
OPP01505,REP040,PRD10,Outbound,S.,Proposal,93.45,07-Mar-2026,
OPP01506,REP020,PRD14,Inbound,,Qualified,232.24,07/11/2026,
OPP01507,REP024,PRD12,Outbound,north,Lead,330.62,2026-03-31,
OPP01508,REP004,PRD03,Outbound,Central ,Closed Lost,146.86,02/01/2026,05/23/2026
OPP01509,REP029,PRD05,Outbound,west,Qualified,691.6,2025-10-06,
OPP01510,REP038,PRD01,Inbound,Central ,Lead,107.13,2026-08-29,
OPP01511,REP023,PRD15,Inbound,West,Qualified,755.32,2026-04-24,
OPP01512,REP027,PRD11,Inbound,E.,Lead,978.97,05/06/2026,
OPP01513,REP004,PRD15,Web Signup,CENTRAL,Lead,241.55,2026-03-29,
OPP01514,REP001,PRD10,Web Signup,WEST,Closed Won,48.05,2025-10-25,02/14/2026
OPP01515,REP016,PRD11,Outbound,S.,Qualified,2401.41,2025-08-05,
OPP01516,REP019,PRD11,Referral,North,Qualified,2038.92,2026-02-12,
OPP01517,REP015,PRD09,Partner,west,Proposal,113.99,2025-09-03,
OPP01518,REP026,PRD15,Referral,E.,Lead,1089.16,2026-03-30,
OPP01519,REP008,PRD03,Inbound,east,Closed Won,395.91,2026-06-12,08/14/2026
OPP01520,REP027,PRD11,Outbound,east,Proposal,2117.23,2026-01-19,
OPP01521,REP029,PRD01,Web Signup,west,Lead,67.51,2026-07-11,
OPP01522,REP016,PRD10,Inbound,south,Closed Lost,19.89,2025-12-17,2026-03-05
OPP01523,REP012,PRD13,Web Signup,EAST,Proposal,265.95,2026-08-26,
OPP01524,REP037,PRD13,Referral,East,Qualified,289.56,30-Jan-2026,
OPP01525,REP018,PRD09,Referral,central,Closed Won,89.05,2026-01-30,24-Mar-2026
OPP01526,REP025,PRD02,Inbound,North,Proposal,65.74,2025-09-26,
OPP01527,REP030,PRD11,Outbound,WEST,Closed Lost,735.02,2026-01-05,04/09/2026
OPP01528,REP040,PRD03,Referral,South ,Closed Lost,1018.76,08/12/2025,2026-04-29
OPP01529,REP012,PRD03,Partner,E.,Lead,691.66,08/20/2026,
OPP01530,REP035,PRD13,Inbound,EAST,Lead,304.34,12/26/2025,
OPP01531,REP005,PRD03,Partner,Centrl,Qualified,566.03,2025-12-31,
OPP01532,REP011,PRD06,Outbound,West,Lead,238.41,2025-08-13,
OPP01533,REP008,PRD10,Inbound,east,Closed Won,34.23,2025-09-19,2026-02-26
OPP01534,REP032,PRD08,Web Signup,W.,Qualified,1417.72,2026-03-17,
OPP01535,REP025,PRD09,Partner,,Proposal,183.6,2026-07-05,
OPP01536,REP034,PRD14,Referral,N.,Lead,139.4,2025-09-20,
OPP01537,REP030,PRD10,Partner,W.,Qualified,67.2,2025-10-18,
OPP01538,REP039,PRD05,Outbound,North,Qualified,990.43,07/08/2025,
OPP01539,REP038,PRD12,Referral,central,Lead,330.25,2025-11-03,
OPP01540,REP034,PRD01,Inbound,NORTH,Proposal,48.32,2026-05-16,
OPP01541,REP037,PRD03,Outbound,E.,Lead,151.33,07/08/2026,
OPP01542,REP009,PRD13,Outbound,East,Closed Lost,109.01,2026-07-09,2026-07-28
OPP01543,REP029,PRD14,Inbound,west,Qualified,62.08,12-Feb-2026,
OPP01544,REP007,PRD02,Inbound,E.,Lead,385.17,2026-03-10,
OPP01545,REP010,PRD14,Outbound,Central,Lead,54.66,2026-02-10,
OPP01546,REP036,PRD10,Web Signup,central,Qualified,24.49,08/18/2025,
OPP01547,REP016,PRD07,Web Signup,SOUTH,Lead,108.59,2025-09-11,
OPP01548,REP024,PRD13,Referral,N.,Lead,7.71,2025-12-31,
OPP01549,REP006,PRD08,Partner,S.,Lead,1436.18,08/23/2026,
OPP01550,REP008,PRD13,Inbound,EAST,Closed Won,181.82,08/01/2025,2025-12-14
OPP01551,REP036,PRD12,Partner,Central ,Lead,415.76,2026-05-24,
OPP01552,REP038,PRD14,Inbound,Central ,Closed Won,134.0,2025-11-17,01-Dec-2025
OPP01553,REP018,PRD11,Web Signup,central,Closed Lost,3466.66,2026-05-08,08/12/2026
OPP01554,REP029,PRD14,Outbound,W.,Lead,55.11,2025-11-25,
OPP01555,REP007,PRD09,Outbound,east,Proposal,510.8,2026-02-13,
OPP01556,REP023,PRD13,Partner,,Proposal,174.23,08/02/2025,
OPP01557,REP018,PRD12,Inbound,central,Closed Won,285.99,07/11/2025,2026-02-27
OPP01558,REP020,PRD12,Partner,west,Lead,152.37,09/25/2025,
OPP01559,REP013,PRD13,Outbound,Centrl,Proposal,426.27,03/21/2026,
OPP01560,REP038,PRD05,Inbound,Central,Qualified,468.55,2026-02-10,
OPP01561,REP036,PRD10,Outbound,Central,Qualified,58.58,2026-06-21,
OPP01562,REP012,PRD09,Outbound,East,Closed Won,269.22,29-Aug-2026,09/01/2026
OPP01563,REP006,PRD11,Inbound,South ,Proposal,3755.68,22-Jul-2026,
OPP01564,REP012,PRD05,Referral,East,Proposal,742.39,16-Oct-2025,
OPP01565,REP032,PRD06,Referral,west,Closed Lost,100.12,30-Jul-2026,2026-08-21
OPP01566,REP010,PRD07,Inbound,central,Qualified,141.95,2026-01-31,
OPP01567,REP034,PRD13,Web Signup,north,Closed Won,116.55,2025-11-30,2026-01-12
OPP01568,REP010,PRD07,Partner,central,Closed Won,119.92,2026-03-17,04/17/2026
OPP01569,REP003,PRD12,Outbound,east,Closed Won,173.73,2026-06-25,2026-08-26
OPP01570,REP003,PRD07,Partner,E.,Qualified,42.86,2026-01-19,
OPP01571,REP026,PRD15,Inbound,EAST,Lead,435.88,2025-11-25,
OPP01572,REP001,PRD03,Inbound,W.,Qualified,627.29,2025-07-14,
OPP01573,REP007,PRD08,Inbound,EAST,Qualified,1508.12,2026-03-22,
OPP01574,REP033,PRD02,Outbound,West,Closed Lost,120.18,18-Feb-2026,05/04/2026
OPP01575,REP021,PRD09,Inbound,S.,Closed Won,384.01,17-Nov-2025,2026-07-12
OPP01576,REP004,PRD09,Inbound,Centrl,Lead,323.37,14-May-2026,
OPP01577,REP029,PRD02,Outbound,west,Proposal,77.06,2026-06-01,
OPP01578,REP034,PRD04,Outbound,NORTH,Lead,92.74,2026-08-08,
OPP01579,REP026,PRD07,Partner,E.,Qualified,134.53,15-Mar-2026,
OPP01580,REP025,PRD12,Referral,,Lead,385.34,09/09/2025,
OPP01581,REP006,PRD01,Partner,south,Proposal,53.73,2026-05-11,
OPP01582,REP015,PRD03,Outbound,west ,Closed Lost,646.0,2025-09-16,11/26/2025
OPP01583,REP027,PRD12,Referral,E.,Qualified,503.17,2025-10-21,
OPP01584,REP010,PRD03,Web Signup,central,Proposal,265.11,09-Jul-2026,
OPP01585,REP027,PRD01,Inbound,E.,Lead,24.16,2026-03-12,
OPP01586,REP027,PRD02,Inbound,East,Closed Lost,8.15,2026-01-12,2026-01-14
OPP01587,REP015,PRD04,Inbound,west,Closed Won,170.78,22-Jan-2026,2026-06-19
OPP01588,REP028,PRD04,Outbound,South,Proposal,17.94,2026-01-02,
OPP01589,REP036,PRD07,Referral,CENTRAL,Qualified,29.88,06/15/2026,
OPP01590,REP015,PRD02,Partner,west,Closed Won,135.03,2026-01-27,2026-06-04
OPP01591,REP028,PRD09,Partner,south,Lead,542.7,2026-02-23,
OPP01592,REP003,PRD10,Inbound,E.,Qualified,26.06,2025-07-12,
OPP01593,REP002,PRD06,Inbound,Central,Lead,310.94,2026-01-23,
OPP01594,REP022,PRD13,Web Signup,Central ,Lead,155.35,2026-04-09,
OPP01595,REP036,PRD09,Partner,,Closed Lost,342.5,2026-01-03,27-Jan-2026
OPP01596,REP039,PRD06,Inbound,north,Closed Lost,41.24,2025-10-03,2026-04-01
OPP01597,REP030,PRD08,Outbound,W.,Lead,759.0,2026-02-27,
OPP01598,REP009,PRD05,Referral,EAST,Qualified,149.37,05-Nov-2025,
OPP01599,REP040,PRD05,Partner,S.,Closed Lost,523.53,05/14/2026,19-Aug-2026
OPP01600,REP005,PRD07,Partner,,Closed Won,107.56,02-Mar-2026,2026-07-14
OPP01601,REP030,PRD05,Outbound,,Qualified,677.95,2025-10-03,
OPP01602,REP023,PRD08,Partner,west,Lead,6293.24,2026-02-18,
OPP01603,REP020,PRD09,Web Signup,W.,Qualified,195.58,04/15/2026,
OPP01604,REP002,PRD06,Referral,CENTRAL,Qualified,-187.01,2025-12-22,
OPP01605,REP028,PRD05,Partner,SOUTH,Proposal,1448.42,12/21/2025,
OPP01606,REP022,PRD10,Partner,Central,Lead,52.2,2025-10-15,
OPP01607,REP009,PRD13,Web Signup,East,Closed Lost,225.8,07/10/2026,2026-07-24
OPP01608,REP009,PRD03,Outbound,East,Qualified,486.54,2026-06-22,
OPP01609,REP039,PRD14,Partner, North,Closed Lost,29.55,20-Apr-2026,2026-07-09
OPP01610,REP021,PRD05,Inbound,South ,Qualified,631.25,2026-07-04,
OPP01611,REP009,PRD04,Outbound,East,Closed Won,119.68,2026-08-25,02-Sep-2026
OPP01612,REP011,PRD06,Inbound,W.,Lead,333.86,12/20/2025,
OPP01613,REP016,PRD10,Inbound,South,Qualified,23.09,01/12/2026,
OPP01614,REP022,PRD12,Partner,CENTRAL,Qualified,147.38,05-Sep-2025,
OPP01615,REP010,PRD11,Partner,CENTRAL,Proposal,580.84,2026-08-16,
OPP01616,REP012,PRD03,Outbound,E.,Closed Won,149.24,06/15/2026,2026-08-05
OPP01617,REP016,PRD06,Outbound,South ,Qualified,162.88,11-Apr-2026,
OPP01618,REP012,PRD08,Partner,EAST,Qualified,1949.37,02-Sep-2025,
OPP01619,REP008,PRD02,Outbound,east,Lead,0.0,09/29/2025,
OPP01620,REP002,PRD10,Outbound,central,Qualified,57.69,2025-08-20,
OPP01621,REP026,PRD07,Inbound,E.,Closed Lost,35.16,2026-07-31,08/09/2026
OPP01622,REP034,PRD14,Outbound,north,Closed Lost,27.17,08/24/2026,2026-08-25
OPP01623,REP009,PRD01,Partner,EAST,Qualified,109.59,2025-11-08,
OPP01624,REP013,PRD04,Web Signup,Central ,Closed Won,124.26,2026-03-15,08/27/2026
OPP01625,REP021,PRD08,Partner,SOUTH,Closed Lost,1595.82,2026-08-12,08/22/2026
OPP01626,REP026,PRD11,Web Signup,East,Lead,705.04,02-Oct-2025,
OPP01627,REP017,PRD14,Outbound,WEST,Lead,242.25,10-Dec-2025,
OPP01628,REP029,PRD09,Outbound,west ,Qualified,269.36,2026-07-18,
OPP01629,REP030,PRD10,Inbound,W.,Lead,27.63,2025-09-12,
OPP01630,REP017,PRD14,Outbound,west,Qualified,43.21,08/04/2026,
OPP01631,REP013,PRD01,Partner,Central ,Proposal,63.26,15-Jun-2026,
OPP01632,REP019,PRD14,Outbound,north,Proposal,116.87,2025-08-16,
OPP01633,REP040,PRD09,Outbound,south,Lead,447.99,2026-06-21,
OPP01634,REP014,PRD02,Partner,,Qualified,69.46,10/14/2025,
OPP01635,REP001,PRD08,Inbound,west,Qualified,882.45,2026-08-06,
OPP01636,REP003,PRD04,Outbound,East,Closed Lost,40.94,2026-05-22,18-Aug-2026
OPP01637,REP007,PRD13,Inbound,EAST,Closed Lost,125.75,2025-08-17,22-Mar-2026
OPP01638,REP002,PRD09,Inbound,,Proposal,232.73,2026-06-28,
OPP01639,REP038,PRD07,Outbound,Centrl,Qualified,9.83,02/28/2026,
OPP01640,REP034,PRD03,Referral,N.,Qualified,309.62,20-Jul-2025,
OPP01641,REP010,PRD10,Outbound,CENTRAL,Lead,52.81,2026-05-07,
OPP01642,REP018,PRD07,Inbound,Central ,Qualified,117.15,2026-01-17,
OPP01643,REP021,PRD01,Outbound,South,Qualified,51.49,07/06/2025,
OPP01644,REP013,PRD01,Outbound,Centrl,Qualified,37.79,2025-12-20,
OPP01645,REP029,PRD08,Inbound,west ,Lead,6158.71,2025-08-29,
OPP01646,REP013,PRD06,Outbound,Central ,Closed Won,25.9,08/08/2025,2026-07-03
OPP01647,REP019,PRD11,Referral,North,Proposal,1782.99,03/28/2026,
OPP01648,REP026,PRD11,Inbound,east,Proposal,496.17,2025-08-22,
OPP01649,REP014,PRD04,Inbound,,Lead,105.13,2026-08-28,
OPP01650,REP009,PRD10,Outbound,East,Qualified,58.47,2025-08-19,
OPP01651,REP002,PRD06,Outbound,central,Lead,199.54,2025-08-26,
OPP01652,REP020,PRD07,Outbound,west ,Closed Lost,0.0,05-Jul-2026,2026-07-08
OPP01653,REP023,PRD10,Outbound,WEST,Lead,31.14,2026-02-11,
OPP01654,REP019,PRD04,Inbound,north,Lead,125.27,05/17/2026,
OPP01655,REP017,PRD01,Partner,,Lead,39.46,2025-11-20,
OPP01656,REP039,PRD10,Outbound, North,Qualified,20.21,2025-10-17,
OPP01657,REP015,PRD12,Inbound,West,Closed Won,609.35,2026-05-26,2026-08-06
OPP01658,REP023,PRD07,Inbound,WEST,Proposal,249.98,04/27/2026,
OPP01659,REP019,PRD09,Outbound,NORTH,Qualified,328.02,17-Jun-2026,
OPP01660,REP040,PRD01,Partner,South ,Qualified,2.27,04/23/2026,
OPP01661,REP037,PRD12,Outbound,E.,Lead,485.4,2026-04-21,
OPP01662,REP004,PRD14,Inbound,Central ,Lead,236.68,2025-09-04,
OPP01663,REP034,PRD10,Referral,NORTH,Lead,38.14,26-Aug-2026,
OPP01664,REP012,PRD05,Outbound,EAST,Qualified,466.1,2025-10-15,
OPP01665,REP002,PRD12,Referral,Central,Lead,165.78,03/31/2026,
OPP01666,REP018,PRD05,Inbound,Central ,Lead,148.73,10/04/2025,
OPP01667,REP003,PRD12,Referral,EAST,Proposal,440.41,2025-11-19,
OPP01668,REP002,PRD04,Partner,Centrl,Closed Lost,208.85,2026-08-25,08/29/2026
OPP01669,REP008,PRD07,Web Signup,E.,Lead,18.48,2026-08-18,
OPP01670,REP019,PRD10,Referral,north,Closed Won,40.59,10/10/2025,2026-07-19
OPP01671,REP002,PRD08,Outbound,CENTRAL,Closed Lost,808.89,12/23/2025,2025-12-24
OPP01672,REP024,PRD04,Inbound,NORTH,Qualified,58.26,07/21/2025,
OPP01673,REP028,PRD04,Outbound,south,Lead,64.21,2026-02-20,
OPP01674,REP031,PRD12,Outbound,EAST,Closed Lost,210.15,06/28/2026,09/01/2026
OPP01675,REP025,PRD11,Outbound, North,Lead,3436.28,2026-08-30,
OPP01676,REP023,PRD06,Partner,West,Lead,400.85,29-May-2026,
OPP01677,REP016,PRD08,Outbound,S.,Qualified,2599.48,2026-08-21,
OPP01678,REP039,PRD07,Inbound,North,Qualified,76.45,2026-04-24,
OPP01679,REP031,PRD01,Partner,E.,Closed Won,21.76,12/29/2025,04/04/2026
OPP01680,REP015,PRD03,Inbound,west ,Proposal,337.32,06/26/2026,
OPP01681,REP032,PRD03,Inbound,west ,Lead,141.64,29-Mar-2026,
OPP01682,REP030,PRD05,Referral,WEST,Closed Lost,451.78,01-Nov-2025,2026-02-16
OPP01683,REP017,PRD04,Inbound,west,Proposal,128.91,11/27/2025,
OPP01684,REP004,PRD07,Inbound,Centrl,Proposal,98.17,2025-09-29,
OPP01685,REP033,PRD06,Partner,west,Proposal,170.44,29-Jul-2025,
OPP01686,REP016,PRD09,Outbound,South,Lead,626.86,25-May-2026,
OPP01687,REP032,PRD14,Inbound,West,Proposal,105.13,07/16/2025,
OPP01688,REP018,PRD15,Referral,,Closed Won,2416.4,06-Jan-2026,2026-03-27
OPP01689,REP007,PRD12,Inbound,East,Closed Won,129.43,2025-08-25,03-Oct-2025
OPP01690,REP028,PRD01,Outbound,,Lead,102.75,07/30/2025,
OPP01691,REP004,PRD09,Referral,CENTRAL,Proposal,152.93,2026-06-15,
OPP01692,REP010,PRD06,Inbound,Centrl,Qualified,262.01,08/10/2025,
OPP01693,REP020,PRD11,Referral,West,Closed Won,319.6,2026-01-10,27-Jan-2026
OPP01694,REP037,PRD12,Outbound,E.,Qualified,50.83,2026-05-12,
OPP01695,REP018,PRD15,Inbound,Centrl,Closed Lost,2017.89,09-Jun-2026,01-Jul-2026
OPP01696,REP019,PRD12,Referral,north,Lead,331.21,2026-08-27,
OPP01697,REP001,PRD02,Inbound,W.,Proposal,83.03,2025-12-19,
OPP01698,REP032,PRD01,Web Signup,WEST,Closed Won,13.9,2025-08-16,10/09/2025
OPP01699,REP022,PRD12,Web Signup,Central ,Qualified,5.42,07/30/2026,
OPP01700,REP027,PRD07,Inbound,E.,Lead,156.03,2026-02-13,
OPP01701,REP010,PRD11,Inbound,Central,Proposal,573.38,01-Jan-2026,
OPP01702,REP020,PRD07,Inbound,west,Qualified,32.4,2026-03-08,
OPP01703,REP038,PRD02,Inbound,Central ,Lead,116.49,2026-03-10,
OPP01704,REP011,PRD14,Inbound,west,Closed Lost,23.8,2026-01-04,2026-05-01
OPP01705,REP015,PRD12,Inbound,West,Closed Won,122.47,10/23/2025,2026-07-06
OPP01706,REP008,PRD04,Inbound,east,Closed Lost,46.16,2026-08-12,2026-08-17
OPP01707,REP030,PRD02,Outbound,West,Lead,27.22,2026-05-21,
OPP01708,REP021,PRD04,Referral,SOUTH,Qualified,39.41,22-Feb-2026,
OPP01709,REP006,PRD04,Inbound,SOUTH,Lead,0.0,2026-02-02,
OPP01710,REP013,PRD06,Web Signup,central,Proposal,748.31,2025-08-20,
OPP01711,REP021,PRD06,Outbound,South,Lead,421.37,11/17/2025,
OPP01712,REP020,PRD12,Outbound,WEST,Lead,475.04,05/31/2026,
OPP01713,REP017,PRD14,Inbound,WEST,Lead,97.54,2026-07-23,
OPP01714,REP003,PRD09,Inbound,East,Proposal,340.6,2025-08-09,
OPP01715,REP036,PRD14,Partner,central,Lead,83.62,03/28/2026,
OPP01716,REP023,PRD08,Referral,WEST,Closed Lost,4858.25,2026-04-26,2026-08-05
OPP01717,REP024,PRD04,Inbound,north,Proposal,46.9,2026-03-08,
OPP01718,REP011,PRD01,Outbound,west ,Proposal,53.0,23-May-2026,
OPP01719,REP031,PRD02,Referral,E.,Qualified,125.14,2026-05-17,
OPP01720,REP037,PRD14,Web Signup,East,Lead,74.1,2025-10-27,
OPP01721,REP005,PRD14,Referral,Central ,Qualified,22.84,2026-02-21,
OPP01722,REP035,PRD05,Outbound,E.,Qualified,499.86,04/22/2026,
OPP01723,REP014,PRD05,Inbound,South ,Qualified,570.28,2025-11-23,
OPP01724,REP013,PRD11,Outbound,central,Qualified,158.05,2026-08-25,
OPP01725,REP008,PRD09,Inbound,,Lead,304.4,06-Jul-2026,
OPP01726,REP026,PRD12,Outbound,EAST,Proposal,463.98,2026-01-07,
OPP01727,REP033,PRD14,Inbound,west,Qualified,99.26,2025-12-26,
OPP01728,REP005,PRD01,Inbound,CENTRAL,Closed Lost,34.21,22-Feb-2026,2026-08-07
OPP01729,REP006,PRD14,Inbound,south,Qualified,154.27,2025-10-24,
OPP01730,REP012,PRD07,Outbound,EAST,Closed Lost,-119.97,2026-06-28,03-Jul-2026
OPP01731,REP003,PRD09,Referral,EAST,Qualified,492.33,2026-05-20,
OPP01732,REP015,PRD05,Referral,west,Lead,1215.08,05/23/2026,
OPP01733,REP020,PRD04,Web Signup,,Proposal,139.55,08/19/2026,
OPP01734,REP013,PRD01,Outbound,Centrl,Lead,130.71,16-Oct-2025,
OPP01735,REP009,PRD13,Inbound,east,Closed Lost,376.47,05/01/2026,2026-06-17
OPP01736,REP001,PRD04,Inbound,W.,Closed Lost,51.42,2026-01-18,2026-04-06
OPP01737,REP038,PRD05,Outbound,Central,Closed Won,354.53,2026-03-17,2026-07-20
OPP01738,REP024,PRD15,Outbound,north,Lead,220.56,09/03/2025,
OPP01739,REP014,PRD13,Inbound,S.,Qualified,321.07,06/18/2026,
OPP01740,REP018,PRD12,Inbound,Centrl,Lead,147.17,18-Apr-2026,
OPP01741,REP036,PRD05,Outbound,Central,Qualified,815.3,09/13/2025,
OPP01742,REP026,PRD10,Referral,East,Qualified,49.34,2026-08-24,
OPP01743,REP018,PRD02,Outbound,Central ,Lead,91.24,2025-11-28,
OPP01744,REP014,PRD09,Referral,SOUTH,Lead,920.19,13-Aug-2025,
OPP01745,REP021,PRD12,Inbound,S.,Lead,222.64,01/28/2026,
OPP01746,REP013,PRD05,Outbound,Central ,Qualified,284.17,04/22/2026,
OPP01747,REP032,PRD03,Outbound,West,Qualified,576.86,2025-08-03,
OPP01748,REP027,PRD09,Inbound,East,Closed Won,101.41,29-Aug-2025,2025-11-10
OPP01749,REP034,PRD02,Referral,north,Lead,132.75,19-Dec-2025,
OPP01750,REP040,PRD15,Referral,South,Qualified,340.84,2026-07-11,
OPP01751,REP029,PRD15,Partner,WEST,Closed Won,2249.58,2025-12-13,04/21/2026
OPP01752,REP002,PRD07,Outbound,Central,Proposal,66.01,02/24/2026,
OPP01753,REP027,PRD01,Referral,E.,Closed Lost,20.17,2025-07-15,12/26/2025
OPP01754,REP001,PRD05,Outbound,West,Qualified,1054.76,2025-11-28,
OPP01755,REP023,PRD13,Web Signup,West,Closed Won,260.84,10/03/2025,20-Jul-2026
OPP01756,REP020,PRD11,Outbound,west,Qualified,1007.82,2026-07-10,
OPP01757,REP035,PRD02,Inbound,East,Qualified,137.7,2026-01-08,
OPP01758,REP033,PRD03,Outbound,WEST,Qualified,198.37,09-Dec-2025,
OPP01759,REP004,PRD01,Inbound,Centrl,Qualified,5.19,2026-05-08,
OPP01760,REP016,PRD05,Web Signup,south,Lead,589.1,01/05/2026,
OPP01761,REP037,PRD11,Inbound,E.,Qualified,3831.53,2026-03-10,
OPP01762,REP030,PRD14,Outbound,West,Qualified,122.82,2026-02-08,
OPP01763,REP016,PRD07,Inbound,south,Lead,192.59,04/25/2026,
OPP01764,REP022,PRD15,Partner,Central,Closed Lost,0.0,2026-07-01,2026-08-21
OPP01765,REP026,PRD09,Partner,EAST,Closed Lost,287.22,04/09/2026,07-Jun-2026
OPP01766,REP009,PRD10,Outbound,E.,Qualified,45.79,2026-01-23,
OPP01767,REP005,PRD01,Outbound,central,Closed Lost,5.14,2026-04-09,2026-07-17
OPP01768,REP003,PRD07,Referral,East,Closed Won,218.1,2026-07-25,2026-08-16
OPP01769,REP020,PRD13,Inbound,west,Qualified,268.77,2025-09-18,
OPP01770,REP014,PRD12,Outbound,south,Proposal,639.46,2026-07-03,
OPP01771,REP004,PRD15,Partner,Centrl,Lead,704.75,2026-03-09,
OPP01772,REP006,PRD15,Inbound,SOUTH,Qualified,838.1,2025-12-08,
OPP01773,REP034,PRD15,Partner,north,Closed Lost,165.28,2026-04-17,2026-06-16
OPP01774,REP003,PRD06,Inbound,EAST,Qualified,493.29,21-May-2026,
OPP01775,REP004,PRD09,Inbound,central,Proposal,119.4,2025-08-08,
OPP01776,REP035,PRD06,Inbound,east,Qualified,163.73,2025-12-22,
OPP01777,REP019,PRD13,Inbound, North,Closed Won,158.49,10/25/2025,2025-10-31
OPP01778,REP006,PRD05,Inbound,S.,Qualified,653.11,01/22/2026,
OPP01779,REP015,PRD11,Inbound,west,Lead,787.31,2026-05-24,
OPP01780,REP027,PRD09,Outbound,EAST,Proposal,223.69,2026-02-18,
OPP01781,REP023,PRD13,Outbound,west ,Qualified,74.97,2025-10-30,
OPP01782,REP029,PRD07,Outbound,West,Closed Lost,126.27,2025-12-03,2026-04-10
OPP01783,REP002,PRD10,Inbound,Centrl,Closed Won,16.41,2025-12-29,2026-05-25
OPP01784,REP031,PRD15,Inbound,EAST,Qualified,946.38,10-Jan-2026,
OPP01785,REP035,PRD15,Inbound,EAST,Closed Won,2606.98,26-Jul-2026,08/21/2026
OPP01786,REP009,PRD12,Outbound,East,Qualified,167.65,2026-03-23,
OPP01787,REP040,PRD03,Inbound,S.,Proposal,772.78,2026-01-19,
OPP01788,REP028,PRD02,Outbound,S.,Closed Lost,50.0,2026-07-18,09/02/2026
OPP01789,REP023,PRD02,Referral,west,Qualified,138.7,07/20/2026,
OPP01790,REP014,PRD08,Referral,South ,Qualified,1766.53,06/26/2026,
OPP01791,REP027,PRD10,Referral,EAST,Qualified,63.57,2025-11-11,
OPP01792,REP012,PRD13,Referral,E.,Lead,150.15,2026-04-03,
OPP01793,REP035,PRD05,Inbound,E.,Lead,1565.81,2025-11-12,
OPP01794,REP026,PRD09,Partner,East,Lead,148.76,2025-10-20,
OPP01795,REP020,PRD05,Inbound,West,Qualified,749.02,2026-09-01,
OPP01796,REP037,PRD12,Outbound,E.,Proposal,264.54,2026-07-18,
OPP01797,REP030,PRD06,Outbound,west,Qualified,319.59,23-Nov-2025,
OPP01798,REP009,PRD04,Outbound,EAST,Lead,49.8,2026-08-29,
OPP01799,REP037,PRD01,Partner,EAST,Closed Won,21.66,2025-08-18,03/09/2026
OPP01800,REP006,PRD12,Referral,S.,Qualified,356.19,2025-07-30,
OPP01801,REP005,PRD14,Referral,Central,Lead,127.43,08/30/2025,
OPP01802,REP027,PRD11,Outbound,,Lead,4594.62,10-Aug-2025,
OPP01803,REP002,PRD08,Partner,Central,Proposal,1525.44,2025-07-08,
OPP01804,REP006,PRD12,Web Signup,S.,Qualified,50.37,05/20/2026,
OPP01805,REP023,PRD05,Inbound,West,Closed Won,164.35,18-Oct-2025,19-Jun-2026
OPP01806,REP018,PRD10,Outbound,CENTRAL,Qualified,25.56,2025-12-30,
OPP01807,REP006,PRD02,Partner,South,Qualified,158.24,2025-08-25,
OPP01808,REP013,PRD09,Inbound,central,Qualified,630.77,2025-10-29,
OPP01809,REP006,PRD04,Partner,SOUTH,Proposal,36.09,07/11/2025,
OPP01810,REP010,PRD11,Outbound,Central,Qualified,4794.74,20-Dec-2025,
OPP01811,REP032,PRD15,Outbound,West,Qualified,2391.23,2026-07-31,
OPP01812,REP006,PRD06,Partner,S.,Qualified,241.21,23-Jun-2026,
OPP01813,REP024,PRD14,Partner,North,Closed Lost,72.86,2026-04-19,30-Apr-2026
OPP01814,REP016,PRD02,Referral,SOUTH,Lead,120.13,14-Jul-2026,
OPP01815,REP010,PRD10,Outbound,Centrl,Qualified,31.68,2026-07-17,
OPP01816,REP031,PRD15,Outbound,,Lead,431.38,07/16/2025,
OPP01817,REP020,PRD09,Inbound,west ,Qualified,1024.47,2025-07-09,
OPP01818,REP022,PRD01,Referral,CENTRAL,Qualified,63.31,2026-08-21,
OPP01819,REP005,PRD10,Outbound,CENTRAL,Lead,22.04,2026-05-19,
OPP01820,REP017,PRD01,Partner,West,Closed Lost,43.69,13-Jul-2025,25-Jul-2025
OPP01821,REP034,PRD07,Outbound, North,Closed Lost,78.82,2026-08-19,2026-08-25
OPP01822,REP034,PRD04,Outbound,north,Lead,107.5,08/24/2026,
OPP01823,REP021,PRD02,Referral,South ,Qualified,370.74,11-Feb-2026,
OPP01824,REP001,PRD12,Partner,WEST,Lead,284.72,2025-07-17,
OPP01825,REP007,PRD15,Outbound,E.,Qualified,2363.51,2026-07-29,
OPP01826,REP022,PRD15,Outbound,CENTRAL,Closed Lost,2160.04,2026-06-03,2026-08-20
OPP01827,REP022,PRD09,Web Signup,Central ,Lead,904.23,2025-11-20,
OPP01828,REP013,PRD07,Web Signup,CENTRAL,Proposal,101.6,09/25/2025,
OPP01829,REP022,PRD15,Inbound,Central,Closed Lost,804.51,09/16/2025,2026-04-07
OPP01830,REP014,PRD01,Inbound,S.,Qualified,33.0,10/27/2025,
OPP01831,REP023,PRD11,Inbound,west ,Qualified,479.26,2026-01-07,
OPP01832,REP018,PRD01,Partner,central,Proposal,15.76,11/30/2025,
OPP01833,REP017,PRD01,Inbound,West,Closed Lost,17.27,2026-08-16,08/22/2026
OPP01834,REP013,PRD09,Outbound,Centrl,Qualified,291.35,2026-04-05,
OPP01835,REP017,PRD07,Partner,WEST,Closed Won,134.89,2026-01-27,30-Jun-2026
OPP01836,REP002,PRD07,Inbound,,Lead,142.25,03-Sep-2025,
OPP01837,REP009,PRD09,Inbound,EAST,Lead,138.99,2026-04-19,
OPP01838,REP039,PRD03,Outbound,N.,Qualified,254.87,2026-05-15,
OPP01839,REP013,PRD01,Inbound,Central ,Closed Lost,20.55,2026-06-25,18-Aug-2026
OPP01840,REP002,PRD08,Inbound,CENTRAL,Lead,3111.74,2026-01-08,
OPP01841,REP019,PRD03,Inbound, North,Qualified,296.35,2025-12-26,
OPP01842,REP021,PRD15,Outbound,SOUTH,Qualified,1319.45,02/21/2026,
OPP01843,REP019,PRD01,Outbound,North,Lead,44.87,2025-09-04,
OPP01844,REP021,PRD15,Outbound,,Closed Lost,363.46,07/28/2025,08-Oct-2025
OPP01845,REP026,PRD12,Inbound,east,Qualified,180.24,14-May-2026,
OPP01846,REP034,PRD12,Outbound,north,Closed Won,601.14,2026-04-24,2026-07-06
OPP01847,REP003,PRD07,Referral,EAST,Lead,141.97,07/08/2026,
OPP01848,REP003,PRD05,Outbound,East,Closed Won,1615.51,2025-08-16,20-Apr-2026
OPP01849,REP010,PRD08,Outbound,central,Lead,2906.51,2025-07-11,
OPP01850,REP038,PRD02,Partner,Centrl,Qualified,119.45,2025-11-14,
OPP01851,REP033,PRD07,Referral,West,Proposal,115.2,2025-09-06,
OPP01852,REP010,PRD08,Outbound,Centrl,Closed Won,770.17,07/27/2026,2026-08-17
OPP01853,REP010,PRD10,Referral,Central ,Lead,75.54,18-Mar-2026,
OPP01854,REP023,PRD02,Outbound,west ,Qualified,148.67,2025-09-16,
OPP01855,REP006,PRD07,Outbound,South,Closed Won,3.98,2026-08-18,2026-08-19
OPP01856,REP038,PRD10,Inbound,CENTRAL,Closed Lost,93.74,2025-12-29,2026-03-21
OPP01857,REP031,PRD15,Web Signup,east,Qualified,1596.9,2026-07-08,
OPP01858,REP015,PRD15,Referral,west ,Lead,3188.65,01/30/2026,
OPP01859,REP022,PRD08,Referral,Centrl,Qualified,2003.65,09-Aug-2025,
OPP01860,REP010,PRD04,Partner,CENTRAL,Closed Lost,45.33,30-Aug-2025,2026-05-22
OPP01861,REP029,PRD08,Inbound,west,Proposal,3749.52,06-Feb-2026,
OPP01862,REP027,PRD15,Outbound,EAST,Closed Won,517.08,08/29/2026,09/01/2026
OPP01863,REP010,PRD06,Referral,CENTRAL,Closed Won,159.32,29-Jul-2025,12/15/2025
OPP01864,REP036,PRD06,Referral,CENTRAL,Qualified,291.99,2026-03-05,
OPP01865,REP026,PRD05,Partner,EAST,Qualified,1021.48,2025-07-16,
OPP01866,REP005,PRD01,Outbound,central,Proposal,22.66,2025-12-11,
OPP01867,REP037,PRD03,Outbound,EAST,Proposal,101.91,2025-10-23,
OPP01868,REP036,PRD01,Outbound,Centrl,Qualified,11.86,2026-05-09,
OPP01869,REP032,PRD10,Outbound,WEST,Closed Lost,49.44,09/01/2025,2025-12-26
OPP01870,REP032,PRD04,Partner,West,Proposal,27.19,2025-11-07,
OPP01871,REP016,PRD12,Referral,SOUTH,Proposal,321.56,2026-01-06,
OPP01872,REP009,PRD09,Referral,EAST,Closed Lost,348.15,2026-05-02,2026-08-14
OPP01873,REP011,PRD10,Outbound,west ,Lead,12.35,2026-03-18,
OPP01874,REP012,PRD10,Web Signup,East,Lead,108.53,28-Apr-2026,
OPP01875,REP023,PRD03,Inbound,west ,Qualified,341.14,20-Oct-2025,
OPP01876,REP003,PRD15,Inbound,East,Closed Won,1002.66,09/02/2025,2026-03-15
OPP01877,REP039,PRD12,Partner,North,Closed Won,172.09,2026-03-29,2026-04-08
OPP01878,REP013,PRD06,Inbound,Centrl,Qualified,1406.9,2025-09-17,
OPP01879,REP009,PRD12,Inbound,East,Proposal,384.66,2026-06-08,
OPP01880,REP034,PRD09,Referral,NORTH,Qualified,118.69,31-Dec-2025,
OPP01881,REP005,PRD10,Referral,CENTRAL,Closed Lost,116.29,09/01/2025,2026-01-11
OPP01882,REP036,PRD08,Inbound,Central,Qualified,-1752.54,2026-05-08,
OPP01883,REP040,PRD11,Partner,South ,Lead,2114.61,03/14/2026,
OPP01884,REP039,PRD10,Inbound, North,Closed Won,163.27,2025-07-27,2026-02-24
OPP01885,REP028,PRD06,Web Signup,S.,Lead,387.24,06/18/2026,
OPP01886,REP017,PRD15,Referral,W.,Qualified,3437.98,07/20/2026,
OPP01887,REP004,PRD14,Outbound,central,Closed Lost,91.68,2025-12-28,05/15/2026
OPP01888,REP038,PRD13,Outbound,central,Lead,91.03,04/21/2026,
OPP01889,REP030,PRD01,Referral,W.,Closed Won,25.12,2026-06-04,2026-06-22
OPP01890,REP022,PRD04,Outbound,Central,Qualified,64.39,2026-04-25,
OPP01891,REP005,PRD08,Web Signup,CENTRAL,Qualified,3734.36,09/08/2025,
OPP01892,REP006,PRD15,Partner,South ,Proposal,807.17,2026-02-18,
OPP01893,REP032,PRD15,Outbound,W.,Qualified,4042.19,11-Jan-2026,
OPP01894,REP025,PRD13,Inbound,NORTH,Qualified,228.72,2025-08-30,
OPP01895,REP028,PRD11,Inbound,South,Closed Won,1117.16,2025-09-05,18-Dec-2025
OPP01896,REP017,PRD03,Inbound,west,Qualified,628.28,2025-10-31,
OPP01897,REP025,PRD05,Partner,North,Closed Won,492.62,25-Apr-2026,2026-08-26
OPP01898,REP012,PRD09,Inbound,EAST,Qualified,201.25,2025-10-31,
OPP01899,REP032,PRD11,Outbound,W.,Proposal,1101.59,2026-05-02,
OPP01900,REP014,PRD07,Outbound,South ,Closed Won,88.19,2026-03-06,2026-05-15
OPP01901,REP029,PRD10,Referral,west,Proposal,112.56,2025-09-24,
OPP01902,REP019,PRD14,Inbound, North,Closed Lost,128.37,2025-09-13,2025-09-15
OPP01903,REP027,PRD06,Outbound,East,Lead,247.2,2026-02-28,
OPP01904,REP006,PRD01,Outbound,south,Proposal,34.41,06/14/2026,
OPP01905,REP029,PRD09,Web Signup,West,Proposal,488.07,2026-04-09,
OPP01906,REP034,PRD02,Referral,NORTH,Qualified,71.6,29-Jan-2026,
OPP01907,REP014,PRD05,Partner,south,Proposal,801.83,2025-09-21,
OPP01908,REP016,PRD02,Referral,,Lead,175.87,2025-10-14,
OPP01909,REP028,PRD07,Referral,South,Lead,55.1,2025-09-09,
OPP01910,REP032,PRD11,Web Signup,W.,Qualified,2681.62,2025-11-26,
OPP01911,REP011,PRD13,Referral,West,Lead,56.41,2026-06-03,
OPP01912,REP022,PRD12,Outbound,central,Closed Won,107.74,06/17/2026,08/10/2026
OPP01913,REP031,PRD04,Web Signup,E.,Closed Won,103.84,08/06/2026,25-Aug-2026
OPP01914,REP018,PRD07,Inbound,Central,Qualified,25.9,09/22/2025,
OPP01915,REP026,PRD05,Outbound,E.,Lead,867.43,2025-07-24,
OPP01916,REP031,PRD10,Web Signup,,Qualified,40.85,11-Sep-2025,
OPP01917,REP001,PRD07,Referral,W.,Proposal,255.13,2026-04-04,
OPP01918,REP015,PRD01,Inbound,west,Proposal,88.13,09/14/2025,
OPP01919,REP038,PRD05,Referral,CENTRAL,Lead,469.12,12-Mar-2026,
OPP01920,REP017,PRD04,Inbound,west ,Lead,128.48,2026-04-29,
OPP01921,REP033,PRD10,Outbound,west ,Qualified,27.95,2025-07-13,
OPP01922,REP026,PRD15,Referral,EAST,Qualified,103.16,02/15/2026,
OPP01923,REP038,PRD09,Referral,CENTRAL,Proposal,357.63,2026-05-21,
OPP01924,REP013,PRD12,Referral,Centrl,Closed Won,141.41,05/01/2026,2026-05-17
OPP01925,REP003,PRD13,Outbound,E.,Lead,10.92,2026-01-08,
OPP01926,REP035,PRD13,Outbound,EAST,Qualified,369.51,08/12/2026,
OPP01927,REP030,PRD05,Outbound,,Qualified,359.1,2025-11-12,
OPP01928,REP022,PRD09,Inbound,CENTRAL,Proposal,397.07,04/25/2026,
OPP01929,REP018,PRD06,Web Signup,Central,Lead,231.85,11/12/2025,
OPP01930,REP006,PRD03,Outbound,South,Proposal,254.91,2025-10-19,
OPP01931,REP019,PRD09,Partner,N.,Lead,324.54,2026-01-28,
OPP01932,REP031,PRD10,Web Signup,EAST,Lead,10.5,2026-02-22,
OPP01933,REP011,PRD11,Referral,west ,Lead,2544.71,2026-01-28,
OPP01934,REP022,PRD08,Inbound,central,Proposal,4692.89,2026-07-22,
OPP01935,REP003,PRD02,Outbound,east,Lead,156.11,2025-10-25,
OPP01936,REP022,PRD09,Outbound,Centrl,Qualified,29.06,08/22/2025,
OPP01937,REP026,PRD13,Web Signup,EAST,Qualified,165.05,2025-11-10,
OPP01938,REP030,PRD15,Inbound,,Closed Lost,1669.31,2026-06-06,02-Jul-2026
OPP01939,REP038,PRD07,Referral,CENTRAL,Lead,45.44,05/27/2026,
OPP01940,REP004,PRD06,Inbound,Central ,Closed Won,629.37,21-Feb-2026,2026-05-26
OPP01941,REP018,PRD12,Inbound,Centrl,Proposal,148.62,09/01/2025,
OPP01942,REP032,PRD04,Partner,West,Lead,71.86,2026-04-10,
OPP01943,REP027,PRD05,Referral,EAST,Lead,720.61,2026-01-15,
OPP01944,REP027,PRD01,Outbound,East,Qualified,164.07,01/11/2026,
OPP01945,REP035,PRD04,Inbound,east,Closed Lost,17.8,2026-07-24,08/21/2026
OPP01946,REP021,PRD04,Inbound,South,Qualified,103.68,12/02/2025,
OPP01947,REP018,PRD06,Outbound,central,Closed Lost,34.5,06/24/2026,2026-07-04
OPP01948,REP005,PRD05,Inbound,Central ,Lead,197.38,2025-10-17,
OPP01949,REP015,PRD03,Web Signup,west,Qualified,9.37,02/25/2026,
OPP01950,REP030,PRD03,Web Signup,W.,Proposal,420.25,09-Jul-2025,
OPP01951,REP033,PRD01,Partner,west,Proposal,130.0,2026-05-07,
OPP01952,REP017,PRD03,Referral,west ,Qualified,183.53,2026-03-19,
OPP01953,REP004,PRD12,Inbound,Central ,Closed Won,209.22,2026-04-25,06/27/2026
OPP01954,REP001,PRD04,Outbound,W.,Proposal,39.38,06/10/2026,
OPP01955,REP017,PRD08,Partner,W.,Closed Won,3562.53,2026-03-20,2026-06-11
OPP01956,REP028,PRD03,Web Signup,South,Qualified,395.54,17-Oct-2025,
OPP01957,REP020,PRD02,Outbound,W.,Closed Won,61.99,2026-02-22,25-Apr-2026
OPP01958,REP024,PRD09,Referral,NORTH,Closed Won,966.58,07-Dec-2025,2026-06-11
OPP01959,REP037,PRD11,Partner,EAST,Lead,1490.07,2026-03-05,
OPP01960,REP019,PRD12,Referral,NORTH,Lead,308.22,18-Nov-2025,
OPP01961,REP015,PRD01,Outbound,W.,Closed Lost,46.15,05/09/2026,2026-07-09
OPP01962,REP024,PRD15,Partner,NORTH,Lead,4457.89,2026-02-15,
OPP01963,REP006,PRD15,Inbound,South ,Qualified,848.26,07/20/2026,
OPP01964,REP019,PRD02,Inbound,north,Qualified,172.57,2026-01-08,
OPP01965,REP017,PRD07,Outbound,west,Lead,25.07,14-Mar-2026,
OPP01966,REP021,PRD11,Inbound,south,Lead,1285.25,04/22/2026,
OPP01967,REP034,PRD15,Inbound,North,Qualified,2301.29,02/06/2026,
OPP01968,REP015,PRD15,Web Signup,WEST,Proposal,1187.46,05/05/2026,
OPP01969,REP023,PRD06,Outbound,W.,Closed Won,169.94,2026-04-13,05-May-2026
OPP01970,REP030,PRD13,Partner,W.,Lead,59.35,12/06/2025,
OPP01971,REP037,PRD09,Referral,east,Proposal,352.85,2026-08-31,
OPP01972,REP023,PRD14,Outbound,West,Qualified,58.55,11/20/2025,
OPP01973,REP016,PRD02,Outbound,South ,Proposal,77.31,24-Jul-2025,
OPP01974,REP034,PRD01,Partner, North,Qualified,112.81,2026-06-27,
OPP01975,REP031,PRD10,Web Signup,EAST,Closed Lost,120.6,2025-12-13,01-Jun-2026
OPP01976,REP016,PRD13,Inbound,S.,Lead,66.66,15-Feb-2026,
OPP01977,REP030,PRD05,Outbound,West,Proposal,1000.25,2025-08-26,
OPP01978,REP021,PRD07,Inbound,south,Closed Won,60.37,05/17/2026,2026-08-21
OPP01979,REP017,PRD09,Inbound,west,Qualified,389.27,20-Oct-2025,
OPP01980,REP025,PRD13,Partner, North,Qualified,407.3,2026-02-24,
OPP01981,REP040,PRD04,Inbound,South,Closed Lost,79.37,2026-01-07,15-Apr-2026
OPP01982,REP036,PRD01,Referral,,Closed Lost,16.32,2025-10-31,2026-08-04
OPP01983,REP001,PRD05,Outbound,WEST,Qualified,2246.58,28-May-2026,
OPP01984,REP009,PRD09,Outbound,East,Qualified,587.38,04/22/2026,
OPP01985,REP014,PRD07,Referral,South,Qualified,143.18,2025-08-30,
OPP01986,REP038,PRD08,Inbound,Central,Qualified,3960.17,17-Jun-2026,
OPP01987,REP026,PRD09,Outbound,East,Qualified,417.93,2026-07-11,
OPP01988,REP006,PRD08,Inbound,SOUTH,Lead,590.59,05/11/2026,
OPP01989,REP019,PRD07,Outbound,North,Lead,229.76,08/23/2026,
OPP01990,REP017,PRD13,Partner,West,Closed Lost,50.76,2026-08-01,2026-08-21
OPP01991,REP036,PRD10,Outbound,Centrl,Proposal,94.6,2026-08-30,
OPP01992,REP029,PRD03,Inbound,WEST,Qualified,653.66,2025-08-01,
OPP01993,REP002,PRD08,Outbound,Central,Proposal,762.75,2026-04-09,
OPP01994,REP032,PRD05,Referral,west ,Lead,788.9,2026-08-25,
OPP01995,REP003,PRD11,Partner,East,Proposal,1697.46,2025-09-08,
OPP01996,REP002,PRD01,Inbound,CENTRAL,Qualified,20.65,09/26/2025,
OPP01997,REP011,PRD05,Partner,W.,Qualified,249.38,2026-01-12,
OPP01998,REP005,PRD09,Outbound,Central ,Closed Won,204.35,2026-04-05,05/07/2026
OPP01999,REP036,PRD06,Web Signup,Centrl,Proposal,637.06,08/07/2025,
OPP02000,REP034,PRD06,Outbound,north,Qualified,316.5,2026-05-10,
OPP02001,REP001,PRD14,Inbound,West,Qualified,197.68,2026-03-18,
OPP02002,REP019,PRD07,Referral,North,Qualified,29.67,2026-06-03,
OPP02003,REP027,PRD14,Inbound,east,Closed Lost,33.75,2025-09-24,09/28/2025
OPP02004,REP005,PRD15,Outbound,Centrl,Closed Lost,1357.8,09/18/2025,2025-12-27
OPP02005,REP017,PRD14,Outbound,,Qualified,17.88,2025-12-23,
OPP02006,REP019,PRD09,Web Signup,NORTH,Proposal,643.62,04-Aug-2026,
OPP02007,REP012,PRD11,Referral,E.,Qualified,1102.98,2026-08-10,
OPP02008,REP038,PRD08,Outbound,Central,Qualified,1639.99,12/22/2025,
OPP02009,REP038,PRD02,Partner,Central ,Lead,29.73,06/15/2026,
OPP02010,REP008,PRD15,Inbound,east,Closed Lost,896.72,04/20/2026,2026-07-04
OPP02011,REP021,PRD13,Outbound,South,Proposal,73.12,06/28/2026,
OPP02012,REP034,PRD03,Referral,NORTH,Closed Lost,88.18,27-Jul-2026,03-Aug-2026
OPP02013,REP009,PRD09,Outbound,EAST,Closed Won,250.04,2026-03-28,2026-04-01
OPP02014,REP029,PRD07,Inbound,West,Qualified,75.91,2026-07-13,
OPP02015,REP032,PRD06,Partner,west ,Closed Won,23.55,2025-09-23,2026-01-15
OPP02016,REP037,PRD02,Inbound,EAST,Lead,686.51,05/23/2026,
OPP02017,REP010,PRD08,Referral,Central ,Qualified,969.52,09/08/2025,
OPP02018,REP005,PRD04,Partner,Central,Qualified,69.09,2025-10-02,
OPP02019,REP033,PRD03,Web Signup,west ,Closed Lost,464.05,2025-10-22,2026-03-06
OPP02020,REP010,PRD13,Outbound,CENTRAL,Qualified,140.92,03-Mar-2026,
OPP02021,REP001,PRD05,Referral,WEST,Closed Lost,1752.28,27-Mar-2026,2026-06-23
OPP02022,REP021,PRD01,Outbound,South,Closed Lost,112.77,2025-12-11,07/01/2026
OPP02023,REP022,PRD12,Referral,CENTRAL,Closed Won,243.79,2026-07-14,08/16/2026
OPP02024,REP031,PRD03,Inbound,EAST,Qualified,109.17,2026-07-08,
OPP02025,REP034,PRD15,Outbound,North,Lead,918.13,09/17/2025,
OPP02026,REP015,PRD12,Outbound,west ,Lead,292.99,2026-06-09,
OPP02027,REP005,PRD15,Partner,Centrl,Qualified,922.31,2026-06-20,
OPP02028,REP034,PRD02,Partner,,Lead,30.3,03/08/2026,
OPP02029,REP024,PRD08,Outbound,NORTH,Closed Won,4324.25,2025-08-25,19-Dec-2025
OPP02030,REP009,PRD02,Partner,east,Qualified,170.38,07-Aug-2025,
OPP02031,REP010,PRD14,Partner,Central ,Closed Lost,74.78,10/01/2025,10/09/2025
OPP02032,REP001,PRD15,Outbound,W.,Lead,87.83,03/27/2026,
OPP02033,REP005,PRD14,Referral,Central,Lead,137.43,26-Sep-2025,
OPP02034,REP013,PRD03,Web Signup,Central ,Qualified,287.88,11/08/2025,
OPP02035,REP038,PRD15,Referral,Central ,Closed Won,839.59,01/09/2026,07/28/2026
OPP02036,REP016,PRD10,Partner,south,Lead,35.74,11/16/2025,
OPP02037,REP006,PRD06,Outbound,SOUTH,Proposal,174.25,2025-11-05,
OPP02038,REP033,PRD14,Web Signup,W.,Closed Won,186.21,03/18/2026,04-Jul-2026
OPP02039,REP012,PRD12,Web Signup,EAST,Proposal,92.29,05/31/2026,
OPP02040,REP030,PRD08,Partner,west ,Lead,701.17,06/27/2026,
OPP02041,REP017,PRD11,Outbound,W.,Lead,1021.88,12/31/2025,
OPP02042,REP026,PRD14,Referral,EAST,Lead,110.74,2026-05-14,
OPP02043,REP033,PRD15,Web Signup,west ,Lead,696.38,2025-11-24,
OPP02044,REP010,PRD02,Outbound,Centrl,Lead,403.49,2025-11-25,
OPP02045,REP036,PRD14,Web Signup,Centrl,Qualified,12.28,06/04/2026,
OPP02046,REP034,PRD13,Inbound,north,Qualified,72.24,07-May-2026,
OPP02047,REP025,PRD03,Inbound,N.,Lead,422.59,2025-07-26,
OPP02048,REP019,PRD09,Partner,North,Lead,495.87,2025-12-04,
OPP02049,REP034,PRD13,Web Signup,North,Closed Won,133.35,18-Jun-2026,2026-08-14
OPP02050,REP006,PRD06,Outbound,S.,Proposal,335.4,06/02/2026,
OPP02051,REP021,PRD11,Partner,south,Proposal,1444.62,05/02/2026,
OPP02052,REP014,PRD12,Inbound,South ,Qualified,231.48,2025-07-07,
OPP02053,REP027,PRD10,Partner,E.,Closed Lost,24.52,2025-12-17,2026-03-06
OPP02054,REP038,PRD10,Inbound,Central,Lead,49.88,2026-02-05,
OPP02055,REP014,PRD14,Outbound,South ,Proposal,133.22,2025-08-21,
OPP02056,REP032,PRD08,Inbound,WEST,Closed Lost,1463.48,09/21/2025,28-Jul-2026
OPP02057,REP031,PRD01,Outbound,east,Lead,70.34,2026-08-25,
OPP02058,REP021,PRD09,Referral,SOUTH,Lead,462.59,2025-11-26,
OPP02059,REP026,PRD11,Web Signup,east,Lead,1592.9,2026-04-14,
OPP02060,REP040,PRD04,Inbound,south,Proposal,37.56,03/14/2026,
OPP02061,REP008,PRD15,Inbound,east,Qualified,707.26,2025-12-04,
OPP02062,REP038,PRD02,Inbound,central,Closed Won,158.99,2026-06-24,07/05/2026
OPP02063,REP028,PRD06,Referral,South ,Qualified,164.91,2026-01-23,
OPP02064,REP001,PRD14,Inbound,West,Proposal,97.19,07/19/2026,
OPP02065,REP033,PRD15,Inbound,W.,Qualified,3206.36,2026-08-17,
OPP02066,REP029,PRD13,Inbound,West,Closed Won,153.49,04-Mar-2026,06/27/2026
OPP02067,REP016,PRD13,Inbound,south,Qualified,379.92,2026-05-01,
OPP02068,REP019,PRD06,Inbound,North,Qualified,147.94,05/04/2026,
OPP02069,REP011,PRD09,Inbound,west ,Lead,175.94,2025-09-30,
OPP02070,REP019,PRD05,Outbound,North,Lead,622.09,31-Mar-2026,
OPP02071,REP030,PRD15,Referral,west,Lead,436.17,04/03/2026,
OPP02072,REP004,PRD13,Partner,Centrl,Lead,222.41,2026-06-24,
OPP02073,REP006,PRD14,Partner,south,Closed Won,46.12,2025-11-15,2026-08-03
OPP02074,REP031,PRD15,Inbound,E.,Lead,211.96,02/20/2026,
OPP02075,REP029,PRD15,Outbound,WEST,Qualified,1529.59,2025-09-07,
OPP02076,REP028,PRD12,Partner,south,Closed Lost,314.07,16-Oct-2025,02/14/2026
OPP02077,REP030,PRD06,Web Signup,west ,Lead,414.31,2025-10-03,
OPP02078,REP027,PRD14,Outbound,EAST,Lead,73.07,2026-01-05,
OPP02079,REP021,PRD08,Partner,south,Qualified,4249.56,2026-02-26,
OPP02080,REP004,PRD06,Outbound,central,Closed Won,135.41,10/02/2025,2025-12-12
OPP02081,REP013,PRD01,Web Signup,central,Lead,77.95,2026-04-19,
OPP02082,REP020,PRD11,Outbound,W.,Qualified,630.26,2025-10-21,
OPP02083,REP013,PRD13,Partner,Centrl,Closed Lost,50.87,08/04/2026,2026-08-22
OPP02084,REP032,PRD15,Inbound,west,Qualified,1212.46,2026-05-24,
OPP02085,REP017,PRD08,Inbound,west ,Proposal,1953.43,19-Oct-2025,
OPP02086,REP033,PRD12,Outbound,west ,Qualified,169.6,04/28/2026,
OPP02087,REP040,PRD06,Outbound,South,Lead,563.65,05/28/2026,
OPP02088,REP029,PRD06,Outbound,west ,Lead,85.47,2025-11-25,
OPP02089,REP016,PRD03,Partner,south,Qualified,21.08,07/17/2026,
OPP02090,REP009,PRD10,Referral,east,Closed Won,24.78,25-Aug-2026,2026-09-02
OPP02091,REP037,PRD10,Inbound,East,Lead,107.27,11/15/2025,
OPP02092,REP035,PRD12,Inbound,E.,Lead,335.47,2025-11-10,
OPP02093,REP007,PRD02,Partner,east,Lead,105.56,2026-07-19,
OPP02094,REP001,PRD03,Web Signup,W.,Closed Lost,770.06,2026-02-13,04/08/2026
OPP02095,REP003,PRD15,Partner,E.,Closed Lost,1822.73,2025-11-26,03/28/2026
OPP02096,REP005,PRD11,Outbound,Central ,Qualified,978.65,06/19/2026,
OPP02097,REP001,PRD02,Partner,WEST,Lead,28.38,2025-08-14,
OPP02098,REP031,PRD14,Outbound,East,Closed Lost,40.86,2026-04-08,04/09/2026
OPP02099,REP005,PRD08,Outbound,Centrl,Proposal,4589.45,2026-07-15,
OPP02100,REP029,PRD15,Partner,west,Closed Lost,2501.01,2025-10-18,01-Jan-2026
OPP02101,REP016,PRD14,Referral,South,Closed Won,53.52,2026-04-28,2026-08-15
OPP02102,REP038,PRD07,Outbound,Centrl,Proposal,118.46,2026-07-31,
OPP02103,REP010,PRD14,Outbound,Central,Lead,105.89,2026-07-23,
OPP02104,REP001,PRD03,Referral,west,Closed Lost,253.04,2026-05-17,2026-08-20
OPP02105,REP009,PRD05,Web Signup,east,Closed Won,407.5,2026-05-22,2026-08-16
OPP02106,REP026,PRD07,Partner,East,Qualified,99.05,2026-07-18,
OPP02107,REP015,PRD03,Outbound,,Lead,636.79,11/10/2025,
OPP02108,REP040,PRD02,Outbound,SOUTH,Qualified,138.74,06-Sep-2025,
OPP02109,REP021,PRD08,Partner,South ,Closed Won,1927.71,27-Jul-2025,14-Jan-2026
OPP02110,REP009,PRD09,Web Signup,E.,Lead,187.04,2026-02-15,
OPP02111,REP004,PRD14,Outbound,central,Closed Won,96.62,2025-07-29,27-Feb-2026
OPP02112,REP039,PRD14,Inbound, North,Proposal,100.18,2025-12-25,
OPP02113,REP013,PRD08,Inbound,CENTRAL,Lead,5426.94,2026-08-25,
OPP02114,REP010,PRD05,Partner,CENTRAL,Qualified,873.97,2026-02-13,
OPP02115,REP009,PRD07,Referral,east,Proposal,234.31,2025-11-11,
OPP02116,REP011,PRD15,Outbound,WEST,Qualified,2858.93,2026-06-24,
OPP02117,REP007,PRD03,Partner,east,Lead,131.23,2026-07-23,
OPP02118,REP016,PRD12,Partner,south,Closed Lost,189.75,2026-08-04,2026-08-09
OPP02119,REP010,PRD06,Web Signup,Central,Closed Lost,312.26,2025-09-30,2026-01-12
OPP02120,REP030,PRD14,Outbound,WEST,Proposal,60.58,08/29/2026,
OPP02121,REP033,PRD09,Referral,,Qualified,288.03,2026-04-14,
OPP02122,REP037,PRD01,Referral,EAST,Closed Won,4.05,2026-08-29,09/02/2026
OPP02123,REP032,PRD07,Partner,west,Lead,231.48,2025-08-05,
OPP02124,REP040,PRD05,Partner,SOUTH,Proposal,2377.77,2026-06-11,
OPP02125,REP006,PRD01,Outbound,S.,Closed Won,66.71,2026-09-01,09/01/2026
OPP02126,REP023,PRD12,Outbound,west ,Closed Lost,331.68,05/30/2026,2026-06-08
OPP02127,REP037,PRD08,Inbound,East,Lead,1276.49,12-Jan-2026,
OPP02128,REP004,PRD01,Referral,Central,Closed Lost,37.7,2026-02-20,04-Mar-2026
OPP02129,REP007,PRD14,Outbound,E.,Proposal,148.58,2026-06-18,
OPP02130,REP014,PRD02,Outbound,S.,Proposal,245.01,01/24/2026,
OPP02131,REP037,PRD06,Inbound,EAST,Proposal,414.3,2026-03-31,
OPP02132,REP037,PRD10,Outbound,EAST,Proposal,19.51,09/09/2025,
OPP02133,REP018,PRD06,Outbound,CENTRAL,Lead,586.43,06/10/2026,
OPP02134,REP025,PRD01,Outbound,North,Closed Lost,66.34,03-Oct-2025,31-Jul-2026
OPP02135,REP032,PRD15,Outbound,west ,Closed Won,1101.78,2026-01-04,26-Mar-2026
OPP02136,REP003,PRD07,Partner,East,Closed Won,298.76,2026-04-02,2026-08-18
OPP02137,REP018,PRD13,Inbound,CENTRAL,Qualified,123.2,01-Jun-2026,
OPP02138,REP016,PRD06,Inbound,SOUTH,Closed Won,343.27,11/09/2025,2026-07-06
OPP02139,REP027,PRD11,Referral,East,Lead,1284.92,20-Oct-2025,
OPP02140,REP003,PRD11,Inbound,E.,Closed Won,30.12,2025-12-11,2026-03-01
OPP02141,REP015,PRD13,Outbound,West,Qualified,317.81,2025-08-19,
OPP02142,REP032,PRD15,Referral,west,Lead,1704.26,02-Apr-2026,
OPP02143,REP010,PRD12,Outbound,Central,Lead,376.21,2026-08-21,
OPP02144,REP014,PRD03,Outbound,SOUTH,Lead,793.96,07-Feb-2026,
OPP02145,REP027,PRD13,Partner,,Closed Won,92.37,08/26/2026,08/28/2026
OPP02146,REP034,PRD13,Partner, North,Closed Lost,163.16,03/12/2026,2026-07-26
OPP02147,REP026,PRD02,Partner,East,Lead,342.86,2026-02-16,
OPP02148,REP027,PRD10,Web Signup,East,Closed Won,25.9,2026-02-13,2026-05-27
OPP02149,REP029,PRD07,Referral,West,Lead,131.51,2026-08-07,
OPP02150,REP024,PRD07,Referral,North,Closed Won,165.69,2025-09-15,2025-11-06
OPP02151,REP029,PRD13,Outbound,west,Lead,154.01,2026-05-19,
OPP02152,REP034,PRD05,Partner,North,Proposal,398.56,2025-08-19,
OPP02153,REP030,PRD11,Outbound,west,Qualified,920.87,2026-02-04,
OPP02154,REP014,PRD08,Outbound,south,Proposal,2003.55,2025-10-10,
OPP02155,REP013,PRD04,Web Signup,Central ,Closed Won,24.76,2025-10-15,2026-01-19
OPP02156,REP012,PRD11,Outbound,EAST,Proposal,1203.48,2025-10-25,
OPP02157,REP034,PRD09,Outbound,NORTH,Qualified,731.64,2026-03-11,
OPP02158,REP017,PRD08,Inbound,west,Lead,2152.82,2026-01-12,
OPP02159,REP030,PRD10,Inbound,west,Qualified,67.95,05-May-2026,
OPP02160,REP037,PRD11,Inbound,EAST,Lead,1826.62,2026-07-19,
OPP02161,REP018,PRD15,Outbound,CENTRAL,Proposal,353.4,2025-10-22,
OPP02162,REP013,PRD06,Inbound,Central,Proposal,387.0,28-Jan-2026,
OPP02163,REP004,PRD04,Partner,Centrl,Lead,19.3,2026-05-21,
OPP02164,REP009,PRD04,Partner,East,Lead,10.67,2026-04-21,
OPP02165,REP010,PRD08,Partner,central,Proposal,2464.35,2026-06-20,
OPP02166,REP039,PRD15,Inbound,NORTH,Lead,1935.73,2025-08-31,
OPP02167,REP026,PRD15,Inbound,,Qualified,565.34,09/14/2025,
OPP02168,REP023,PRD04,Inbound,W.,Lead,82.19,2026-05-12,
OPP02169,REP016,PRD13,Partner,S.,Lead,139.18,08/08/2026,
OPP02170,REP034,PRD09,Web Signup, North,Qualified,365.56,2026-02-05,
OPP02171,REP024,PRD14,Outbound, North,Qualified,21.95,2026-04-16,
OPP02172,REP012,PRD10,Outbound,east,Proposal,62.69,22-Jun-2026,
OPP02173,REP012,PRD12,Outbound,East,Closed Lost,378.26,18-Jul-2026,2026-08-02
OPP02174,REP036,PRD14,Outbound,central,Qualified,90.33,2025-07-05,
OPP02175,REP026,PRD12,Web Signup,EAST,Closed Lost,95.97,2025-09-14,2026-06-24
OPP02176,REP024,PRD08,Outbound, North,Proposal,2447.68,06/25/2026,
OPP02177,REP002,PRD08,Outbound,Centrl,Lead,820.09,2026-04-08,
OPP02178,REP021,PRD06,Inbound,S.,Closed Lost,238.22,08/22/2025,06/27/2026
OPP02179,REP009,PRD12,Web Signup,east,Closed Won,489.5,2026-08-23,2026-08-27
OPP02180,REP009,PRD15,Inbound,E.,Lead,2851.63,2025-12-20,
OPP02181,REP002,PRD06,Inbound,Central,Lead,314.53,2026-06-02,
OPP02182,REP003,PRD10,Outbound,EAST,Lead,25.19,2025-12-15,
OPP02183,REP027,PRD02,Inbound,East,Closed Lost,-111.8,07/23/2026,2026-08-05
OPP02184,REP031,PRD14,Inbound,EAST,Closed Won,151.67,2026-03-11,2026-08-18
OPP02185,REP010,PRD02,Partner,Centrl,Qualified,24.25,2026-02-09,
OPP02186,REP031,PRD01,Referral,East,Lead,62.28,2026-03-23,
OPP02187,REP025,PRD11,Inbound,N.,Lead,1216.27,10/13/2025,
OPP02188,REP040,PRD05,Inbound,S.,Closed Won,197.64,07/15/2026,2026-08-17
OPP02189,REP037,PRD13,Inbound,East,Qualified,172.26,2025-08-10,
OPP02190,REP005,PRD14,Partner,Centrl,Closed Won,9.13,2025-08-08,10/24/2025
OPP02191,REP002,PRD15,Outbound,Central,Qualified,1171.56,06/25/2026,
OPP02192,REP040,PRD14,Inbound,South,Qualified,53.52,2025-07-16,
OPP02193,REP029,PRD15,Partner,west,Proposal,622.91,2025-10-08,
OPP02194,REP037,PRD13,Partner,E.,Proposal,217.49,2025-11-03,
OPP02195,REP024,PRD08,Referral, North,Lead,3957.22,06/11/2026,
OPP02196,REP008,PRD02,Outbound,East,Lead,210.16,2026-06-23,
OPP02197,REP035,PRD11,Partner,,Qualified,787.77,2025-07-04,
OPP02198,REP012,PRD03,Referral,East,Qualified,505.49,2026-06-01,
OPP02199,REP028,PRD15,Outbound,south,Qualified,703.91,12/08/2025,
OPP02200,REP029,PRD14,Referral,W.,Lead,36.7,10/14/2025,
OPP02201,REP001,PRD11,Outbound,west ,Lead,3534.82,2026-02-23,
OPP02202,REP002,PRD02,Web Signup,,Lead,369.4,11/04/2025,
OPP02203,REP016,PRD14,Inbound,South ,Qualified,60.82,01-Feb-2026,
OPP02204,REP032,PRD09,Inbound,W.,Qualified,131.92,2025-09-14,
OPP02205,REP033,PRD12,Inbound,West,Closed Lost,149.77,04/09/2026,2026-05-27
OPP02206,REP014,PRD06,Inbound,SOUTH,Qualified,174.43,09/06/2025,
OPP02207,REP036,PRD04,Inbound,Central,Lead,39.57,2026-04-18,
OPP02208,REP013,PRD07,Referral,central,Lead,91.41,2025-11-09,
OPP02209,REP023,PRD09,Partner,WEST,Qualified,384.64,2025-08-13,
OPP02210,REP030,PRD10,Partner,west,Lead,38.8,2026-05-07,
OPP02211,REP038,PRD03,Partner,Central,Lead,535.33,2026-02-26,
OPP02212,REP007,PRD13,Inbound,EAST,Lead,424.23,01/01/2026,
OPP02213,REP007,PRD04,Inbound,EAST,Proposal,5.49,2026-06-02,
OPP02214,REP037,PRD14,Web Signup,EAST,Qualified,165.26,2025-09-12,
OPP02215,REP013,PRD04,Partner,central,Proposal,30.93,2025-09-15,
OPP02216,REP032,PRD06,Referral,west ,Qualified,274.03,04-Jul-2025,
OPP02217,REP038,PRD02,Partner,central,Qualified,88.21,12/16/2025,
OPP02218,REP039,PRD07,Partner,N.,Lead,63.11,07/09/2026,
OPP02219,REP030,PRD11,Referral,WEST,Lead,2259.71,2025-09-02,
OPP02220,REP024,PRD09,Partner,NORTH,Lead,383.06,2025-10-15,
OPP02221,REP030,PRD10,Partner,west,Qualified,26.79,2025-12-26,
OPP02222,REP017,PRD01,Outbound,west,Closed Lost,130.91,11-Aug-2026,2026-08-27
OPP02223,REP021,PRD03,Inbound,S.,Qualified,258.38,2026-06-14,
OPP02224,REP027,PRD02,Referral,EAST,Lead,189.52,2025-07-11,
OPP02225,REP016,PRD04,Outbound,SOUTH,Qualified,107.82,2025-07-10,
OPP02226,REP008,PRD02,Outbound,E.,Qualified,33.26,2026-03-27,
OPP02227,REP032,PRD15,Outbound,W.,Lead,2104.47,2025-10-05,
OPP02228,REP035,PRD11,Outbound,east,Closed Lost,2366.43,05/28/2026,2026-06-22
OPP02229,REP039,PRD11,Partner,north,Proposal,641.52,07/10/2026,
OPP02230,REP024,PRD05,Outbound,North,Qualified,660.25,2025-08-28,
OPP02231,REP004,PRD07,Outbound,central,Lead,70.81,2025-12-28,
OPP02232,REP009,PRD02,Inbound,East,Lead,139.45,04/27/2026,
OPP02233,REP031,PRD02,Outbound,east,Closed Lost,120.26,11-Sep-2025,2026-06-21
OPP02234,REP012,PRD05,Referral,east,Proposal,268.52,2025-09-21,
OPP02235,REP012,PRD13,Outbound,E.,Proposal,105.3,2025-09-22,
OPP02236,REP037,PRD06,Outbound,east,Qualified,104.93,04-Mar-2026,
OPP02237,REP005,PRD05,Inbound,CENTRAL,Lead,274.9,15-Apr-2026,
OPP02238,REP035,PRD07,Outbound,East,Closed Won,99.17,2026-02-21,2026-03-19
OPP02239,REP005,PRD01,Partner,Centrl,Proposal,56.38,2026-04-27,
OPP02240,REP033,PRD12,Web Signup,West,Qualified,174.69,10/15/2025,
OPP02241,REP039,PRD06,Web Signup,N.,Lead,296.32,2025-10-22,
OPP02242,REP009,PRD14,Outbound,East,Lead,106.16,2025-08-26,
OPP02243,REP014,PRD14,Outbound,S.,Qualified,109.79,08/20/2026,
OPP02244,REP035,PRD13,Partner,East,Lead,57.39,07/10/2025,
OPP02245,REP023,PRD15,Inbound,west,Proposal,265.64,11/08/2025,
OPP02246,REP011,PRD10,Partner,West,Qualified,68.2,2026-06-10,
OPP02247,REP025,PRD03,Outbound,NORTH,Lead,268.78,2026-04-02,
OPP02248,REP040,PRD08,Inbound,South ,Closed Lost,3202.33,2025-12-16,2026-08-16
OPP02249,REP026,PRD06,Referral,,Qualified,322.1,29-Oct-2025,
OPP02250,REP026,PRD05,Outbound,east,Proposal,285.86,2026-05-19,
OPP02251,REP036,PRD04,Outbound,central,Qualified,32.12,06/12/2026,
OPP02252,REP026,PRD05,Inbound,E.,Proposal,241.33,2025-12-19,
OPP02253,REP006,PRD13,Outbound,south,Closed Lost,222.62,2025-09-09,2026-08-23
OPP02254,REP034,PRD09,Outbound,N.,Closed Won,147.57,2025-09-20,13-Nov-2025
OPP02255,REP009,PRD09,Outbound,EAST,Lead,256.29,2025-10-07,
OPP02256,REP008,PRD07,Outbound,E.,Lead,100.62,2026-04-28,
OPP02257,REP010,PRD07,Referral,CENTRAL,Qualified,104.35,2026-04-03,
OPP02258,REP019,PRD04,Partner,North,Lead,111.58,06/02/2026,
OPP02259,REP018,PRD08,Outbound,Central,Qualified,546.49,03/05/2026,
OPP02260,REP009,PRD04,Outbound,east,Lead,75.39,10/20/2025,
OPP02261,REP036,PRD05,Partner,CENTRAL,Closed Won,602.96,2026-01-12,2026-04-29
OPP02262,REP004,PRD09,Referral,Central,Lead,390.89,07-Sep-2025,
OPP02263,REP030,PRD10,Inbound,WEST,Lead,52.98,01/12/2026,
OPP02264,REP019,PRD12,Outbound,north,Lead,599.2,02/10/2026,
OPP02265,REP018,PRD10,Inbound,Central ,Proposal,78.63,2025-07-24,
OPP02266,REP012,PRD13,Partner,east,Closed Won,327.27,2026-02-23,2026-04-03
OPP02267,REP007,PRD10,Outbound,E.,Qualified,44.08,2026-08-10,
OPP02268,REP033,PRD09,Referral,West,Lead,370.18,2026-08-03,
OPP02269,REP005,PRD01,Referral,Central ,Qualified,67.73,2025-11-27,
OPP02270,REP020,PRD01,Inbound,,Proposal,63.47,2026-05-04,
OPP02271,REP009,PRD07,Outbound,east,Proposal,246.63,2026-02-18,
OPP02272,REP019,PRD09,Inbound,NORTH,Closed Won,216.36,08/15/2025,06/15/2026
OPP02273,REP015,PRD14,Outbound,west ,Lead,304.62,2026-01-05,
OPP02274,REP015,PRD03,Outbound,WEST,Proposal,437.26,2026-07-23,
OPP02275,REP033,PRD11,Web Signup,west,Closed Won,1572.63,2026-04-29,2026-05-20
OPP02276,REP020,PRD08,Outbound,West,Lead,2916.99,01/07/2026,
OPP02277,REP030,PRD14,Web Signup,WEST,Proposal,51.15,07/27/2026,
OPP02278,REP011,PRD09,Inbound,west,Qualified,112.76,2025-08-28,
OPP02279,REP027,PRD01,Outbound,East,Proposal,18.53,08/18/2026,
OPP02280,REP040,PRD10,Inbound,SOUTH,Closed Lost,16.4,2025-07-13,04/19/2026
OPP02281,REP021,PRD14,Inbound,south,Lead,21.13,2026-03-06,
OPP02282,REP014,PRD09,Partner,S.,Qualified,318.68,10/14/2025,
OPP02283,REP003,PRD04,Partner,EAST,Proposal,85.09,2026-04-30,
OPP02284,REP006,PRD07,Inbound,SOUTH,Closed Lost,46.37,2026-05-26,2026-08-04
OPP02285,REP035,PRD06,Outbound,E.,Qualified,146.66,2026-09-01,
OPP02286,REP023,PRD08,Referral,W.,Proposal,1127.03,11/15/2025,
OPP02287,REP040,PRD11,Outbound,SOUTH,Lead,637.69,2026-07-04,
OPP02288,REP039,PRD04,Web Signup,NORTH,Qualified,43.86,2025-08-29,
OPP02289,REP036,PRD05,Partner,Centrl,Proposal,993.29,16-Jul-2025,
OPP02290,REP026,PRD14,Web Signup,E.,Lead,205.98,25-Aug-2025,
OPP02291,REP035,PRD11,Inbound,E.,Proposal,1867.48,07/14/2025,
OPP02292,REP037,PRD10,Outbound,E.,Lead,23.2,2026-01-23,
OPP02293,REP010,PRD11,Inbound,Centrl,Proposal,2581.85,18-Dec-2025,
OPP02294,REP020,PRD15,Outbound,WEST,Closed Lost,2609.31,03-Aug-2025,09/18/2025
OPP02295,REP032,PRD12,Outbound,west ,Lead,264.35,2026-05-09,
OPP02296,REP021,PRD04,Outbound,SOUTH,Lead,91.26,2026-08-01,
OPP02297,REP002,PRD14,Inbound,Central,Lead,66.95,11-Feb-2026,
OPP02298,REP009,PRD05,Inbound,EAST,Lead,1171.61,28-Jul-2026,
OPP02299,REP030,PRD14,Inbound,W.,Closed Lost,36.96,2026-05-22,2026-08-12
OPP02300,REP007,PRD07,Outbound,East,Proposal,148.21,2026-05-12,
OPP02301,REP018,PRD05,Inbound,Central,Lead,1092.01,09/06/2025,
OPP02302,REP014,PRD02,Partner,South ,Closed Lost,33.74,2026-08-24,2026-08-30
OPP02303,REP034,PRD01,Outbound,N.,Proposal,11.5,2025-10-30,
OPP02304,REP017,PRD08,Referral,West,Qualified,1361.22,04-Feb-2026,
OPP02305,REP030,PRD15,Referral,West,Lead,1554.84,2025-09-06,
OPP02306,REP006,PRD11,Outbound,South,Lead,2316.95,03/01/2026,
OPP02307,REP011,PRD13,Outbound,west,Proposal,39.67,09/03/2025,
OPP02308,REP027,PRD05,Outbound,E.,Lead,260.41,05-Aug-2026,
OPP02309,REP029,PRD12,Inbound,W.,Closed Won,253.3,2025-12-08,2026-02-06
OPP02310,REP018,PRD07,Inbound,CENTRAL,Proposal,86.21,2026-08-24,
OPP02311,REP021,PRD07,Inbound,SOUTH,Qualified,42.18,14-Mar-2026,
OPP02312,REP012,PRD14,Outbound,east,Lead,207.8,2026-05-03,
OPP02313,REP038,PRD15,Partner,Central,Proposal,4143.91,08/24/2025,
OPP02314,REP034,PRD03,Outbound,NORTH,Lead,234.3,01-Mar-2026,
OPP02315,REP031,PRD08,Referral,EAST,Lead,1624.37,2026-06-08,
OPP02316,REP029,PRD02,Inbound,,Lead,275.45,05-Jan-2026,
OPP02317,REP011,PRD07,Partner,West,Lead,78.91,2025-08-17,
OPP02318,REP025,PRD07,Inbound,N.,Qualified,97.24,2026-01-09,
OPP02319,REP040,PRD09,Partner,South,Proposal,542.34,2025-09-08,
OPP02320,REP015,PRD05,Inbound,West,Lead,1566.43,2026-06-06,
OPP02321,REP037,PRD13,Outbound,EAST,Closed Won,156.29,10/02/2025,2026-03-27
OPP02322,REP004,PRD15,Outbound,CENTRAL,Qualified,640.95,2025-08-15,
OPP02323,REP040,PRD15,Inbound,,Closed Lost,838.85,2026-03-01,2026-07-08
OPP02324,REP018,PRD07,Inbound,CENTRAL,Qualified,173.04,11/17/2025,
OPP02325,REP013,PRD11,Referral,Central,Qualified,2392.2,10/04/2025,
OPP02326,REP024,PRD10,Web Signup,,Closed Won,26.75,13-Jul-2025,10/27/2025
OPP02327,REP036,PRD10,Partner,central,Qualified,59.64,2025-07-12,
OPP02328,REP024,PRD09,Outbound,North,Qualified,970.0,2025-11-08,
OPP02329,REP017,PRD09,Outbound,WEST,Closed Lost,110.11,07/24/2026,08/09/2026
OPP02330,REP010,PRD04,Inbound,central,Lead,74.11,08/14/2026,
OPP02331,REP005,PRD01,Outbound,Central,Qualified,15.51,08/09/2026,
OPP02332,REP018,PRD14,Partner,CENTRAL,Qualified,56.73,21-Jan-2026,
OPP02333,REP021,PRD15,Referral,SOUTH,Lead,1276.54,2025-11-10,
OPP02334,REP010,PRD07,Referral,Centrl,Lead,134.0,2026-04-18,
OPP02335,REP002,PRD15,Web Signup,central,Lead,5928.38,2025-10-10,
OPP02336,REP004,PRD15,Outbound,Central,Lead,249.38,2026-01-28,
OPP02337,REP025,PRD04,Partner, North,Closed Won,90.67,2025-10-03,29-Jul-2026
OPP02338,REP010,PRD02,Partner,CENTRAL,Qualified,0.0,2025-07-26,
OPP02339,REP029,PRD05,Outbound,West,Qualified,1415.84,2026-03-21,
OPP02340,REP017,PRD11,Partner,west,Qualified,2287.5,2026-06-02,
OPP02341,REP013,PRD02,Inbound,Central,Qualified,158.16,01/31/2026,
OPP02342,REP006,PRD13,Outbound,SOUTH,Proposal,209.8,2026-08-14,
OPP02343,REP023,PRD13,Inbound,west ,Closed Won,198.98,2025-08-22,2025-12-02
OPP02344,REP026,PRD02,Inbound,E.,Qualified,136.54,2025-09-01,
OPP02345,REP025,PRD03,Outbound,N.,Closed Lost,131.06,07/24/2026,08/15/2026
OPP02346,REP037,PRD15,Referral,east,Lead,1295.55,2026-08-04,
OPP02347,REP031,PRD06,Inbound,EAST,Proposal,311.87,2026-04-09,
OPP02348,REP009,PRD07,Inbound,east,Closed Won,33.44,2025-08-16,2026-02-26
OPP02349,REP034,PRD08,Inbound, North,Closed Lost,2573.07,10-Nov-2025,2026-04-01
OPP02350,REP036,PRD07,Referral,Centrl,Lead,13.69,11/03/2025,
OPP02351,REP023,PRD10,Inbound,west ,Qualified,39.73,2026-01-18,
OPP02352,REP002,PRD06,Inbound,,Proposal,255.18,2025-09-21,
OPP02353,REP010,PRD11,Outbound,Central,Lead,435.29,2025-10-01,
OPP02354,REP040,PRD15,Inbound,S.,Qualified,3629.42,2025-12-28,
OPP02355,REP002,PRD06,Web Signup,central,Closed Won,34.84,2026-08-03,03-Aug-2026
OPP02356,REP026,PRD14,Referral,east,Proposal,155.33,08/07/2025,
OPP02357,REP001,PRD14,Outbound,west,Closed Won,50.03,2025-07-13,2026-01-18
OPP02358,REP026,PRD12,Referral,east,Closed Lost,908.4,2025-08-08,2026-08-09
OPP02359,REP011,PRD05,Partner,west,Lead,685.23,2026-04-12,
OPP02360,REP033,PRD09,Partner,West,Lead,345.45,27-Apr-2026,
OPP02361,REP009,PRD02,Outbound,E.,Lead,113.44,28-Oct-2025,
OPP02362,REP016,PRD06,Partner,South,Qualified,309.51,2025-11-20,
OPP02363,REP040,PRD03,Referral,South ,Closed Lost,294.02,2025-07-31,2026-06-21
OPP02364,REP031,PRD08,Inbound,east,Lead,1503.54,12/25/2025,
OPP02365,REP027,PRD08,Referral,east,Closed Won,1697.5,03/10/2026,2026-04-27
OPP02366,REP004,PRD05,Referral,CENTRAL,Lead,1256.39,2026-05-23,
OPP02367,REP015,PRD07,Outbound,west,Lead,69.33,2026-03-09,
OPP02368,REP034,PRD11,Partner,North,Closed Lost,1347.72,2026-01-30,2026-03-01
OPP02369,REP034,PRD10,Referral,N.,Closed Lost,114.74,2026-04-19,2026-05-12
OPP02370,REP013,PRD03,Outbound,CENTRAL,Qualified,404.6,28-Jul-2026,
OPP02371,REP033,PRD04,Inbound,WEST,Closed Won,34.38,2025-08-13,2025-10-21
OPP02372,REP036,PRD15,Inbound,Centrl,Proposal,2229.61,12/24/2025,
OPP02373,REP035,PRD04,Inbound,EAST,Lead,86.38,2026-08-08,
OPP02374,REP026,PRD04,Outbound,E.,Closed Lost,61.84,2025-08-08,06/15/2026
OPP02375,REP035,PRD06,Inbound,EAST,Lead,35.54,26-Aug-2025,
OPP02376,REP025,PRD12,Web Signup,NORTH,Qualified,484.55,30-Jun-2026,
OPP02377,REP029,PRD07,Referral,west,Lead,49.63,2026-02-08,
OPP02378,REP028,PRD04,Outbound,S.,Proposal,103.36,2026-03-02,
OPP02379,REP006,PRD05,Web Signup,S.,Closed Lost,781.74,2026-03-15,2026-03-31
OPP02380,REP002,PRD14,Outbound,Central,Closed Won,84.28,2026-06-23,06/23/2026
OPP02381,REP004,PRD14,Referral,Centrl,Lead,94.93,04/16/2026,
OPP02382,REP024,PRD01,Inbound,N.,Closed Won,53.9,06-Dec-2025,2026-03-29
OPP02383,REP013,PRD08,Inbound,Centrl,Proposal,3943.38,02/25/2026,
OPP02384,REP008,PRD10,Partner,,Lead,109.74,08-Jan-2026,
OPP02385,REP008,PRD02,Partner,E.,Lead,49.67,06/29/2026,
OPP02386,REP031,PRD06,Referral,east,Closed Won,68.86,2026-04-16,08/08/2026
OPP02387,REP032,PRD09,Outbound,west,Proposal,793.32,2026-07-22,
OPP02388,REP001,PRD14,Referral,W.,Lead,71.21,12/02/2025,
OPP02389,REP039,PRD10,Inbound,North,Closed Won,10.64,2026-09-01,09/01/2026
OPP02390,REP018,PRD13,Outbound,CENTRAL,Closed Won,110.95,2025-10-28,10/30/2025
OPP02391,REP004,PRD08,Outbound,central,Closed Won,988.2,05/18/2026,2026-05-22
OPP02392,REP024,PRD08,Inbound,N.,Qualified,938.4,31-Dec-2025,
OPP02393,REP007,PRD10,Referral,East,Qualified,24.22,2026-08-28,
OPP02394,REP005,PRD05,Web Signup,CENTRAL,Lead,297.09,03/30/2026,
OPP02395,REP011,PRD07,Referral,west,Proposal,77.48,2025-07-11,
OPP02396,REP037,PRD07,Referral,EAST,Proposal,115.89,2026-03-21,
OPP02397,REP008,PRD10,Inbound,E.,Qualified,10.3,2025-07-05,
OPP02398,REP004,PRD02,Partner,CENTRAL,Closed Won,89.68,04/22/2026,20-Jun-2026
OPP02399,REP028,PRD02,Partner,south,Lead,87.42,2025-09-22,
OPP02400,REP008,PRD03,Web Signup,east,Qualified,824.37,2025-12-10,
OPP02401,REP037,PRD09,Partner,East,Proposal,220.46,2026-08-19,
OPP02402,REP024,PRD06,Partner,N.,Proposal,185.15,2026-01-04,
OPP02403,REP026,PRD12,Inbound,E.,Qualified,191.58,05/26/2026,
OPP02404,REP020,PRD06,Referral,WEST,Lead,185.02,07/21/2026,
OPP02405,REP025,PRD11,Outbound,north,Proposal,3343.33,2025-08-19,
OPP02406,REP030,PRD09,Web Signup,west,Lead,218.78,10/22/2025,
OPP02407,REP037,PRD07,Inbound,E.,Proposal,73.38,2026-02-06,
OPP02408,REP009,PRD04,Inbound,EAST,Proposal,92.53,09/14/2025,
OPP02409,REP037,PRD06,Referral,E.,Lead,36.25,2025-08-07,
OPP02410,REP008,PRD02,Outbound,E.,Lead,364.41,2025-12-30,
OPP02411,REP002,PRD09,Referral,Central,Qualified,148.08,11-Aug-2026,
OPP02412,REP009,PRD03,Inbound,EAST,Proposal,801.75,2026-05-20,
OPP02413,REP024,PRD07,Web Signup,North,Lead,31.68,04/19/2026,
OPP02414,REP014,PRD12,Inbound,S.,Closed Won,446.2,2026-06-25,2026-07-03
OPP02415,REP038,PRD05,Inbound,Central ,Lead,564.93,09/16/2025,
OPP02416,REP040,PRD03,Outbound,South ,Qualified,69.56,2026-07-31,
OPP02417,REP006,PRD14,Referral,SOUTH,Qualified,78.92,2025-10-15,
OPP02418,REP001,PRD02,Inbound,W.,Proposal,283.35,05/06/2026,
OPP02419,REP021,PRD11,Partner,south,Closed Won,1492.34,08/31/2025,2026-04-17
OPP02420,REP040,PRD11,Outbound,South,Closed Lost,199.65,21-Aug-2025,2026-02-05
OPP02421,REP020,PRD11,Outbound,W.,Qualified,758.2,2025-10-13,
OPP02422,REP010,PRD02,Web Signup,Centrl,Lead,33.38,03-Jan-2026,
OPP02423,REP005,PRD02,Partner,central,Proposal,292.17,2026-02-15,
OPP02424,REP037,PRD04,Outbound,East,Lead,24.85,2026-01-22,
OPP02425,REP018,PRD04,Referral,Central,Proposal,138.38,03/05/2026,
OPP02426,REP025,PRD08,Outbound,North,Closed Won,0.0,2026-05-05,2026-07-07
OPP02427,REP039,PRD11,Inbound,North,Proposal,79.29,08-Mar-2026,
OPP02428,REP022,PRD14,Outbound,central,Lead,138.24,20-Jun-2026,
OPP02429,REP019,PRD07,Outbound,NORTH,Lead,79.9,2026-01-31,
OPP02430,REP037,PRD08,Outbound,east,Closed Won,1676.47,2026-01-01,01/30/2026
OPP02431,REP003,PRD07,Outbound,East,Proposal,138.31,12/08/2025,
OPP02432,REP005,PRD05,Inbound,central,Lead,1137.25,2025-10-17,
OPP02433,REP034,PRD02,Outbound,north,Qualified,127.87,26-Sep-2025,
OPP02434,REP035,PRD09,Outbound,E.,Closed Lost,314.87,11/01/2025,12-Dec-2025
OPP02435,REP010,PRD12,Inbound,central,Proposal,264.22,2025-11-08,
OPP02436,REP029,PRD04,Web Signup,WEST,Proposal,73.72,2026-06-18,
OPP02437,REP013,PRD06,Inbound,Central ,Proposal,138.35,2026-06-30,
OPP02438,REP036,PRD02,Outbound,Central ,Lead,149.09,2026-03-04,
OPP02439,REP024,PRD12,Outbound,north,Lead,182.4,2026-05-15,
OPP02440,REP025,PRD05,Partner,N.,Closed Won,511.12,2025-10-05,2026-05-01
OPP02441,REP023,PRD12,Inbound,W.,Proposal,530.66,04/08/2026,
OPP02442,REP019,PRD02,Web Signup,North,Closed Won,95.86,2025-12-12,2026-06-05
OPP02443,REP031,PRD02,Outbound,east,Lead,66.48,02/28/2026,
OPP02444,REP040,PRD13,Partner,SOUTH,Qualified,313.72,2026-06-28,
OPP02445,REP024,PRD09,Referral,N.,Proposal,847.16,01/25/2026,
OPP02446,REP025,PRD11,Inbound,North,Proposal,1374.84,05-Oct-2025,
OPP02447,REP009,PRD06,Inbound,EAST,Closed Lost,362.58,2025-09-12,2025-11-12
OPP02448,REP035,PRD13,Referral,,Qualified,152.72,25-Feb-2026,
OPP02449,REP005,PRD04,Outbound,Central,Qualified,21.77,04-Aug-2025,
OPP02450,REP034,PRD12,Inbound,north,Closed Won,320.79,18-Dec-2025,04/24/2026
OPP02451,REP005,PRD07,Outbound,central,Closed Won,64.07,2025-10-27,12/01/2025
OPP02452,REP015,PRD04,Referral,WEST,Lead,28.19,2026-01-12,
OPP02453,REP019,PRD04,Referral,North,Lead,89.96,2026-04-06,
OPP02454,REP023,PRD15,Inbound,W.,Lead,643.54,2026-05-07,
OPP02455,REP005,PRD09,Outbound,Centrl,Qualified,181.46,2026-08-06,
OPP02456,REP021,PRD03,Partner,south,Lead,958.14,11-Aug-2025,
OPP02457,REP014,PRD07,Inbound,SOUTH,Proposal,107.17,21-Feb-2026,
OPP02458,REP017,PRD13,Inbound,WEST,Qualified,224.49,2026-01-22,
OPP02459,REP022,PRD01,Inbound,central,Lead,45.51,16-Nov-2025,
OPP02460,REP030,PRD05,Outbound,West,Lead,1116.15,2025-07-28,
OPP02461,REP016,PRD03,Outbound,south,Lead,1085.68,2026-05-14,
OPP02462,REP028,PRD13,Web Signup,SOUTH,Closed Won,18.51,2026-06-20,2026-08-12
OPP02463,REP035,PRD03,Outbound,east,Proposal,284.76,01/14/2026,
OPP02464,REP013,PRD07,Referral,,Qualified,64.19,2025-09-15,
OPP02465,REP004,PRD14,Partner,Centrl,Qualified,52.16,2026-06-27,
OPP02466,REP013,PRD11,Outbound,CENTRAL,Qualified,2335.16,2025-09-21,
OPP02467,REP001,PRD05,Partner,W.,Closed Won,590.62,2025-10-20,2025-12-06
OPP02468,REP001,PRD02,Inbound,west,Lead,218.84,2025-07-13,
OPP02469,REP028,PRD01,Outbound,S.,Proposal,20.02,2025-08-20,
OPP02470,REP017,PRD13,Partner,WEST,Closed Lost,70.86,2025-12-23,2026-02-11
OPP02471,REP012,PRD06,Inbound,East,Lead,501.23,12/04/2025,
OPP02472,REP011,PRD08,Outbound,West,Proposal,404.47,2026-05-11,
OPP02473,REP036,PRD02,Web Signup,Central ,Closed Lost,423.92,04/19/2026,2026-08-30
OPP02474,REP013,PRD07,Outbound,Centrl,Closed Won,226.91,09/07/2025,2026-04-21
OPP02475,REP012,PRD04,Inbound,east,Proposal,71.48,2026-01-21,
OPP02476,REP033,PRD06,Inbound,west,Lead,157.18,31-Aug-2025,
OPP02477,REP038,PRD02,Outbound,Central,Lead,77.02,2025-07-20,
OPP02478,REP007,PRD07,Inbound,east,Lead,38.66,23-Aug-2025,
OPP02479,REP031,PRD15,Partner,E.,Qualified,2877.39,2025-12-04,
OPP02480,REP012,PRD07,Inbound,E.,Proposal,44.94,2026-06-13,
OPP02481,REP021,PRD04,Outbound,South ,Lead,36.06,2025-10-12,
OPP02482,REP020,PRD02,Partner,west ,Lead,19.62,2025-09-13,
OPP02483,REP030,PRD02,Outbound,WEST,Proposal,125.56,03/18/2026,
OPP02484,REP021,PRD09,Outbound,S.,Proposal,130.18,2025-10-07,
OPP02485,REP002,PRD06,Inbound,Central,Proposal,246.39,2025-08-06,
OPP02486,REP005,PRD03,Inbound,Central ,Lead,421.32,2026-06-27,
OPP02487,REP004,PRD11,Inbound,Central ,Proposal,3856.33,08/12/2025,
OPP02488,REP018,PRD09,Inbound,central,Closed Won,277.43,11/11/2025,2026-06-21
OPP02489,REP009,PRD12,Partner,east,Proposal,34.06,05-Jun-2026,
OPP02490,REP026,PRD07,Referral,East,Lead,56.98,05/06/2026,
OPP02491,REP033,PRD13,Inbound,,Qualified,142.85,24-Jul-2026,
OPP02492,REP037,PRD15,Referral,EAST,Lead,526.31,2025-07-26,
OPP02493,REP027,PRD02,Outbound,EAST,Lead,151.36,04/27/2026,
OPP02494,REP026,PRD11,Partner,EAST,Lead,1205.75,05/31/2026,
OPP02495,REP012,PRD09,Outbound,east,Lead,626.92,2025-11-15,
OPP02496,REP022,PRD15,Inbound,Central ,Closed Lost,318.31,2026-04-04,2026-05-15
OPP02497,REP038,PRD06,Inbound,Central,Closed Won,187.61,11/26/2025,2026-03-12
OPP02498,REP017,PRD12,Inbound,W.,Closed Lost,410.42,2026-02-06,2026-07-29
OPP02499,REP030,PRD10,Outbound,WEST,Lead,45.53,27-Oct-2025,
OPP02500,REP020,PRD03,Outbound,W.,Qualified,667.13,30-Jul-2025,
OPP02501,REP021,PRD08,Inbound,SOUTH,Qualified,1575.44,2026-01-10,
OPP02502,REP010,PRD02,Inbound,central,Lead,154.69,2026-02-18,
OPP02503,REP033,PRD03,Web Signup,WEST,Lead,42.56,2026-07-26,
OPP02504,REP010,PRD03,Partner,Centrl,Proposal,149.93,2026-05-20,
OPP02505,REP025,PRD05,Partner,NORTH,Proposal,311.63,2026-07-11,
OPP02506,REP017,PRD06,Referral,W.,Lead,341.6,2025-08-20,
OPP02507,REP033,PRD08,Inbound,WEST,Qualified,2966.44,2025-09-10,
OPP02508,REP035,PRD03,Partner,E.,Closed Won,437.91,02/06/2026,2026-07-04
OPP02509,REP023,PRD15,Partner,West,Lead,4535.9,10/18/2025,
OPP02510,REP033,PRD09,Inbound,W.,Closed Lost,62.1,2026-05-25,07/02/2026
OPP02511,REP008,PRD10,Referral,E.,Closed Won,11.14,2026-08-16,2026-08-22
OPP02512,REP029,PRD14,Inbound,W.,Qualified,78.31,2026-08-30,
OPP02513,REP023,PRD14,Web Signup,WEST,Proposal,28.31,19-Jul-2025,
OPP02514,REP023,PRD10,Inbound,West,Lead,85.88,2026-04-27,
OPP02515,REP022,PRD03,Outbound,central,Proposal,713.79,04/08/2026,
OPP02516,REP034,PRD03,Outbound,,Qualified,930.14,07/11/2026,
OPP02517,REP006,PRD13,Web Signup,S.,Lead,127.11,08/30/2026,
OPP02518,REP031,PRD08,Partner,East,Qualified,2159.27,07/15/2026,
OPP02519,REP002,PRD04,Inbound,Central,Proposal,42.68,03/28/2026,
OPP02520,REP010,PRD02,Referral,central,Lead,71.07,2026-07-29,
OPP02521,REP017,PRD09,Inbound,W.,Proposal,471.14,03/10/2026,
OPP02522,REP012,PRD13,Inbound,E.,Lead,46.65,2026-05-01,
OPP02523,REP011,PRD03,Partner,west,Qualified,229.5,2026-01-30,
OPP02524,REP014,PRD02,Outbound,South ,Qualified,112.99,2025-11-20,
OPP02525,REP016,PRD13,Outbound,south,Qualified,139.79,2025-07-24,
OPP02526,REP024,PRD01,Referral, North,Proposal,44.52,2026-03-08,
OPP02527,REP031,PRD06,Inbound,EAST,Qualified,159.79,12/21/2025,
OPP02528,REP039,PRD09,Web Signup,NORTH,Closed Won,513.34,2025-07-26,2026-03-01
OPP02529,REP015,PRD07,Outbound,West,Lead,32.73,08/18/2025,
OPP02530,REP013,PRD02,Inbound,Centrl,Lead,148.57,2026-07-05,
OPP02531,REP005,PRD01,Web Signup,CENTRAL,Lead,86.71,08/19/2026,
OPP02532,REP028,PRD04,Inbound,SOUTH,Lead,86.27,2026-04-07,
OPP02533,REP028,PRD13,Inbound,S.,Lead,263.0,2025-12-31,
OPP02534,REP020,PRD07,Referral,West,Qualified,103.44,11/04/2025,
OPP02535,REP012,PRD02,Outbound,E.,Qualified,107.23,2025-09-19,
OPP02536,REP031,PRD14,Outbound,E.,Lead,326.18,2026-01-12,
OPP02537,REP003,PRD08,Referral,east,Lead,779.76,2026-01-07,
OPP02538,REP017,PRD11,Inbound,west,Qualified,2607.69,2026-01-27,
OPP02539,REP030,PRD07,Referral,,Qualified,152.85,2026-08-22,
OPP02540,REP022,PRD02,Inbound,central,Proposal,211.48,2025-08-16,
OPP02541,REP019,PRD05,Inbound,N.,Closed Won,564.42,12/21/2025,2026-08-01
OPP02542,REP021,PRD08,Referral,South,Lead,2829.12,2026-05-01,
OPP02543,REP013,PRD07,Web Signup,Central ,Proposal,329.2,2026-04-05,
OPP02544,REP020,PRD08,Web Signup,W.,Lead,3564.4,2025-11-15,
OPP02545,REP026,PRD10,Partner,EAST,Qualified,78.95,11/17/2025,
OPP02546,REP033,PRD09,Web Signup,WEST,Qualified,116.18,2026-01-03,
OPP02547,REP006,PRD15,Partner,South ,Proposal,732.37,08-Mar-2026,
OPP02548,REP011,PRD03,Inbound,west,Lead,598.51,08-Apr-2026,
OPP02549,REP027,PRD13,Inbound,E.,Closed Won,73.82,07/25/2025,2026-04-24
OPP02550,REP030,PRD14,Web Signup,west,Lead,3.72,22-Oct-2025,
OPP02551,REP016,PRD03,Outbound,South ,Lead,1826.46,11/27/2025,
OPP02552,REP028,PRD08,Outbound,South,Lead,3604.47,2026-07-21,
OPP02553,REP037,PRD10,Partner,EAST,Lead,35.79,2026-08-29,
OPP02554,REP032,PRD14,Inbound,WEST,Proposal,279.37,2026-03-01,
OPP02555,REP030,PRD07,Outbound,west,Qualified,71.21,2025-11-17,
OPP02556,REP010,PRD04,Referral,Central,Lead,75.21,2026-07-19,
OPP02557,REP006,PRD08,Partner,SOUTH,Qualified,3036.93,02-Aug-2025,
OPP02558,REP023,PRD09,Outbound,west,Qualified,468.73,09/12/2025,
OPP02559,REP013,PRD01,Inbound,Central,Qualified,125.57,2025-08-16,
OPP02560,REP024,PRD14,Partner, North,Lead,95.99,2025-12-31,
OPP02561,REP032,PRD14,Outbound,West,Closed Won,184.37,2025-12-20,2025-12-27
OPP02562,REP014,PRD03,Referral,S.,Lead,427.28,2026-08-16,
OPP02563,REP017,PRD11,Inbound,W.,Proposal,3337.41,2026-07-10,
OPP02564,REP022,PRD15,Outbound,CENTRAL,Qualified,720.75,2025-07-04,
OPP02565,REP025,PRD09,Outbound, North,Lead,679.62,2026-03-18,
OPP02566,REP004,PRD03,Referral,Central ,Lead,72.25,2025-12-07,
OPP02567,REP027,PRD07,Inbound,East,Qualified,35.66,10/13/2025,
OPP02568,REP007,PRD04,Outbound,East,Closed Won,18.33,03/25/2026,2026-08-11
OPP02569,REP008,PRD13,Referral,east,Lead,126.5,2025-11-18,
OPP02570,REP019,PRD03,Outbound,north,Closed Lost,361.09,12-Mar-2026,2026-03-23
OPP02571,REP025,PRD12,Outbound,N.,Qualified,232.77,2025-07-21,
OPP02572,REP003,PRD04,Referral,E.,Qualified,25.59,10/26/2025,
OPP02573,REP032,PRD06,Partner,west,Proposal,202.62,2025-10-22,
OPP02574,REP019,PRD11,Outbound,north,Qualified,2300.62,2025-09-28,
OPP02575,REP016,PRD03,Partner,south,Proposal,294.6,2026-08-16,
OPP02576,REP034,PRD03,Partner,north,Closed Lost,645.09,2026-04-13,2026-04-27
OPP02577,REP006,PRD09,Web Signup,,Qualified,451.53,04/20/2026,
OPP02578,REP030,PRD07,Outbound,west ,Proposal,276.71,2026-05-07,
OPP02579,REP004,PRD09,Inbound,Centrl,Proposal,203.88,2025-09-20,
OPP02580,REP005,PRD07,Inbound,central,Proposal,140.75,2026-03-22,
OPP02581,REP016,PRD15,Outbound,South ,Lead,3975.89,2026-02-23,
OPP02582,REP008,PRD06,Partner,east,Qualified,252.11,03/11/2026,
OPP02583,REP011,PRD13,Inbound,W.,Lead,129.17,2025-10-17,
OPP02584,REP038,PRD09,Outbound,Central ,Lead,461.43,11/03/2025,
OPP02585,REP012,PRD02,Outbound,East,Qualified,191.2,06/08/2026,
OPP02586,REP008,PRD11,Outbound,EAST,Qualified,1225.49,07/17/2026,
OPP02587,REP033,PRD15,Outbound,WEST,Proposal,345.51,2026-03-07,
OPP02588,REP023,PRD07,Referral,WEST,Qualified,78.64,2025-11-16,
OPP02589,REP019,PRD08,Outbound,NORTH,Qualified,3151.81,2026-04-07,
OPP02590,REP021,PRD01,Inbound,S.,Lead,83.37,12/24/2025,
OPP02591,REP040,PRD05,Referral,SOUTH,Lead,1045.48,11/17/2025,
OPP02592,REP033,PRD01,Outbound,West,Qualified,58.06,23-Apr-2026,
OPP02593,REP009,PRD08,Inbound,EAST,Proposal,991.41,27-Feb-2026,
OPP02594,REP011,PRD08,Outbound,west,Qualified,4104.65,2026-02-17,
OPP02595,REP005,PRD02,Outbound,CENTRAL,Lead,177.39,2025-10-10,
OPP02596,REP004,PRD09,Inbound,Central,Qualified,160.2,2025-11-19,
OPP02597,REP005,PRD01,Referral,central,Qualified,86.04,2025-07-05,
OPP02598,REP015,PRD06,Partner,W.,Closed Lost,555.16,2026-05-04,2026-08-22
OPP02599,REP031,PRD15,Inbound,EAST,Lead,718.58,2025-07-29,
OPP02600,REP006,PRD12,Web Signup,south,Closed Won,103.88,2025-11-22,2026-07-13
OPP02601,REP018,PRD10,Outbound,Centrl,Lead,106.55,2026-03-08,
OPP02602,REP008,PRD14,Outbound,East,Lead,37.53,22-Dec-2025,
OPP02603,REP030,PRD06,Outbound,west,Lead,599.4,09/22/2025,
OPP02604,REP026,PRD05,Inbound,east,Qualified,527.59,07/24/2026,
OPP02605,REP033,PRD08,Referral,west ,Lead,5470.03,10/21/2025,
OPP02606,REP018,PRD14,Partner,central,Lead,188.64,03/18/2026,
OPP02607,REP032,PRD12,Outbound,WEST,Lead,25.0,2025-09-02,
OPP02608,REP007,PRD06,Outbound,EAST,Lead,74.29,01/04/2026,
OPP02609,REP038,PRD11,Inbound,Centrl,Lead,709.37,2026-03-30,
OPP02610,REP035,PRD15,Inbound,EAST,Lead,1068.96,2026-03-09,
OPP02611,REP022,PRD14,Outbound,Centrl,Lead,63.35,2025-11-11,
OPP02612,REP018,PRD09,Partner,CENTRAL,Qualified,703.98,10-Sep-2025,
OPP02613,REP028,PRD03,Outbound,south,Qualified,607.09,21-Mar-2026,
OPP02614,REP039,PRD12,Partner,north,Qualified,1130.57,2026-06-15,
OPP02615,REP028,PRD01,Outbound,South ,Qualified,3.26,2025-07-12,
OPP02616,REP021,PRD08,Inbound,South,Lead,591.45,01/25/2026,
OPP02617,REP007,PRD14,Partner,East,Closed Lost,119.86,2025-12-13,2026-03-19
OPP02618,REP014,PRD08,Inbound,SOUTH,Lead,827.93,2025-08-25,
OPP02619,REP025,PRD14,Outbound,N.,Closed Lost,60.2,2026-04-02,05/21/2026
OPP02620,REP020,PRD12,Outbound,West,Closed Won,83.26,2025-09-25,07/01/2026
OPP02621,REP023,PRD07,Web Signup,West,Proposal,240.89,04-Jul-2025,
OPP02622,REP010,PRD03,Partner,Central,Qualified,152.72,08/10/2025,
OPP02623,REP002,PRD02,Inbound,central,Lead,37.72,2026-04-29,
OPP02624,REP040,PRD05,Inbound,,Closed Lost,1172.11,2026-06-09,2026-08-19
OPP02625,REP004,PRD02,Inbound,CENTRAL,Qualified,248.88,2026-05-25,
OPP02626,REP004,PRD05,Partner,Central,Proposal,3212.19,11/10/2025,
OPP02627,REP008,PRD15,Inbound,E.,Proposal,744.33,05/21/2026,
OPP02628,REP003,PRD09,Inbound,E.,Closed Lost,290.69,21-Jul-2026,2026-09-01
OPP02629,REP029,PRD14,Outbound,W.,Proposal,30.09,04/24/2026,
OPP02630,REP011,PRD13,Partner,WEST,Proposal,147.69,02-Apr-2026,
OPP02631,REP001,PRD08,Partner,W.,Qualified,3525.28,09/01/2026,
OPP02632,REP016,PRD14,Inbound,south,Qualified,68.67,04/21/2026,
OPP02633,REP003,PRD02,Outbound,EAST,Closed Lost,79.6,2025-09-20,07-Aug-2026
OPP02634,REP018,PRD13,Referral,Centrl,Lead,74.41,2026-07-11,
OPP02635,REP003,PRD10,Web Signup,East,Lead,21.59,26-Dec-2025,
OPP02636,REP018,PRD04,Inbound,Central ,Qualified,124.39,2025-11-07,
OPP02637,REP012,PRD10,Referral,East,Lead,16.93,06/19/2026,
OPP02638,REP004,PRD09,Inbound,central,Proposal,5.81,2025-08-30,
OPP02639,REP031,PRD10,Partner,East,Lead,72.07,2025-07-29,
OPP02640,REP015,PRD01,Web Signup,west,Closed Lost,26.35,02/18/2026,2026-02-25
OPP02641,REP033,PRD01,Outbound,W.,Qualified,77.83,2026-03-08,
OPP02642,REP027,PRD10,Web Signup,East,Proposal,60.72,2026-01-22,
OPP02643,REP012,PRD03,Inbound,East,Closed Won,94.02,2025-09-23,2025-10-21
OPP02644,REP025,PRD06,Outbound,NORTH,Qualified,203.75,03/26/2026,
OPP02645,REP038,PRD10,Inbound,Central ,Closed Lost,75.83,11/13/2025,2026-04-07
OPP02646,REP009,PRD04,Referral,E.,Closed Lost,96.82,2025-11-05,16-Aug-2026
OPP02647,REP010,PRD10,Inbound,central,Closed Won,49.68,2025-08-31,2026-03-31
OPP02648,REP036,PRD14,Inbound,Central ,Lead,34.95,2025-09-14,
OPP02649,REP022,PRD03,Referral,Centrl,Lead,371.4,2026-03-23,
OPP02650,REP040,PRD07,Referral,S.,Qualified,259.05,2026-07-13,
OPP02651,REP008,PRD11,Partner,EAST,Qualified,924.26,2025-07-28,
OPP02652,REP023,PRD02,Referral,west,Lead,219.56,04-Jun-2026,
OPP02653,REP037,PRD11,Web Signup,E.,Lead,2005.1,2025-11-09,
OPP02654,REP032,PRD09,Inbound,West,Lead,294.77,2026-06-06,
OPP02655,REP019,PRD03,Partner,North,Lead,838.0,2025-11-03,
OPP02656,REP012,PRD03,Partner,E.,Proposal,126.47,08/14/2025,
OPP02657,REP030,PRD15,Outbound,West,Lead,1135.82,09/20/2025,
OPP02658,REP022,PRD15,Inbound,central,Lead,2556.76,03/18/2026,
OPP02659,REP007,PRD04,Outbound,east,Proposal,78.89,12/10/2025,
OPP02660,REP013,PRD04,Referral,Centrl,Closed Won,235.13,11/28/2025,05/05/2026
OPP02661,REP033,PRD01,Inbound,West,Qualified,14.78,2026-08-27,
OPP02662,REP028,PRD07,Inbound,south,Closed Won,37.16,01/26/2026,2026-05-15
OPP02663,REP001,PRD11,Inbound,WEST,Qualified,3779.31,2026-02-19,
OPP02664,REP016,PRD13,Web Signup,S.,Lead,172.3,2026-01-04,
OPP02665,REP005,PRD10,Inbound,Central ,Qualified,66.91,16-Sep-2025,
OPP02666,REP029,PRD01,Web Signup,W.,Closed Won,38.8,2025-08-11,01/10/2026
OPP02667,REP026,PRD13,Outbound,East,Lead,191.88,2026-07-20,
OPP02668,REP015,PRD08,Outbound,west ,Proposal,543.74,2025-10-31,
OPP02669,REP020,PRD01,Inbound,west,Qualified,34.89,2025-08-15,
OPP02670,REP034,PRD02,Outbound,N.,Lead,94.94,2026-04-10,
OPP02671,REP013,PRD14,Referral,Central ,Lead,13.17,06-Jul-2025,
OPP02672,REP011,PRD06,Inbound,WEST,Qualified,420.37,06/01/2026,
OPP02673,REP039,PRD06,Inbound, North,Proposal,196.89,2025-09-10,
OPP02674,REP030,PRD08,Inbound,west,Closed Lost,3453.22,2026-02-17,08/22/2026
OPP02675,REP003,PRD14,Partner,EAST,Closed Lost,146.5,2025-12-06,2026-01-12
OPP02676,REP021,PRD06,Inbound,south,Closed Won,518.53,2025-07-23,2025-12-30
OPP02677,REP012,PRD12,Partner,E.,Lead,507.82,2025-11-13,
OPP02678,REP023,PRD10,Referral,W.,Qualified,7.59,15-Feb-2026,
OPP02679,REP029,PRD10,Inbound,W.,Lead,35.6,2025-09-05,
OPP02680,REP026,PRD01,Partner,East,Closed Won,72.97,2026-07-06,2026-07-17
OPP02681,REP004,PRD07,Outbound,Central,Closed Won,144.92,2026-02-28,2026-07-30
OPP02682,REP037,PRD05,Outbound,East,Lead,1027.21,08-May-2026,
OPP02683,REP030,PRD12,Outbound,west ,Proposal,43.45,2026-07-04,
OPP02684,REP024,PRD12,Inbound,NORTH,Lead,215.78,2026-07-18,
OPP02685,REP001,PRD13,Inbound,WEST,Lead,52.69,25-Jan-2026,
OPP02686,REP038,PRD14,Partner,,Closed Lost,114.75,2025-09-12,05/19/2026
OPP02687,REP019,PRD05,Outbound, North,Lead,944.79,08/30/2026,
OPP02688,REP030,PRD02,Web Signup,WEST,Lead,194.19,05/01/2026,
OPP02689,REP039,PRD14,Outbound,north,Lead,146.57,2025-11-24,
OPP02690,REP033,PRD03,Referral,West,Proposal,618.81,2026-04-18,
OPP02691,REP003,PRD09,Partner,E.,Qualified,907.95,2026-04-26,
OPP02692,REP039,PRD13,Referral,N.,Qualified,179.67,2026-04-16,
OPP02693,REP026,PRD09,Outbound,E.,Qualified,348.64,2025-11-25,
OPP02694,REP018,PRD03,Outbound,Centrl,Qualified,680.84,06/15/2026,
OPP02695,REP040,PRD05,Outbound,South ,Lead,1430.56,2025-08-07,
OPP02696,REP004,PRD04,Outbound,Central,Lead,40.04,01/24/2026,
OPP02697,REP004,PRD06,Partner,central,Proposal,245.04,2026-06-10,
OPP02698,REP032,PRD10,Outbound,west,Lead,70.34,2026-06-30,
OPP02699,REP033,PRD04,Referral,west ,Lead,64.01,2026-01-24,
OPP02700,REP006,PRD02,Partner,S.,Lead,261.03,2025-12-26,
OPP02701,REP015,PRD06,Inbound,W.,Closed Lost,47.65,28-Jan-2026,2026-02-20
OPP02702,REP012,PRD07,Inbound,EAST,Proposal,168.61,2025-10-29,
OPP02703,REP001,PRD13,Outbound,west ,Closed Won,114.45,2025-09-17,2025-10-20
OPP02704,REP024,PRD13,Partner,north,Proposal,44.75,2026-03-28,
OPP02705,REP022,PRD13,Inbound,Central,Proposal,88.66,2026-08-28,
OPP02706,REP011,PRD14,Inbound,west,Qualified,57.47,21-May-2026,
OPP02707,REP029,PRD05,Inbound,WEST,Lead,719.1,2025-12-27,
OPP02708,REP011,PRD12,Outbound,west ,Proposal,73.82,08/20/2025,
OPP02709,REP019,PRD07,Web Signup,north,Lead,26.4,2026-04-30,
OPP02710,REP025,PRD09,Inbound,North,Closed Won,225.74,08/13/2026,2026-08-23
OPP02711,REP024,PRD09,Inbound,north,Proposal,752.93,2026-08-23,
OPP02712,REP039,PRD12,Outbound,north,Qualified,188.26,2026-07-07,
OPP02713,REP016,PRD09,Outbound,,Closed Lost,549.23,03-Jan-2026,07/06/2026
OPP02714,REP025,PRD03,Outbound,North,Closed Won,172.5,2026-02-21,2026-03-08
OPP02715,REP012,PRD03,Inbound,EAST,Lead,417.16,2026-05-06,
OPP02716,REP020,PRD01,Partner,West,Qualified,61.93,07/30/2025,
OPP02717,REP003,PRD09,Inbound,E.,Lead,140.4,2026-07-28,
OPP02718,REP009,PRD04,Referral,E.,Proposal,90.79,2026-08-09,
OPP02719,REP008,PRD11,Referral,EAST,Proposal,3365.67,10/26/2025,
OPP02720,REP038,PRD05,Partner,CENTRAL,Closed Won,56.83,2025-10-05,2026-07-26
OPP02721,REP023,PRD09,Outbound,west,Lead,117.08,2026-06-17,
OPP02722,REP010,PRD13,Inbound,Centrl,Lead,102.47,2025-11-15,
OPP02723,REP012,PRD08,Inbound,East,Proposal,1936.94,2025-11-10,
OPP02724,REP013,PRD11,Inbound,Central ,Lead,2947.82,12/15/2025,
OPP02725,REP015,PRD11,Outbound,west,Proposal,1350.55,2025-11-30,
OPP02726,REP016,PRD08,Outbound,S.,Qualified,3767.08,2025-10-10,
OPP02727,REP003,PRD13,Referral,E.,Qualified,111.49,06-Aug-2025,
OPP02728,REP002,PRD02,Inbound,Central,Closed Lost,402.73,2026-05-28,2026-06-12
OPP02729,REP001,PRD03,Outbound,W.,Lead,744.01,2026-06-07,
OPP02730,REP018,PRD13,Inbound,Central,Lead,236.51,07-Dec-2025,
OPP02731,REP038,PRD15,Inbound,central,Qualified,507.79,2025-10-26,
OPP02732,REP013,PRD02,Inbound,Central ,Lead,89.69,2026-01-20,
OPP02733,REP021,PRD03,Partner,South,Proposal,489.5,2026-03-09,
OPP02734,REP006,PRD14,Inbound,SOUTH,Lead,18.82,2025-08-25,
OPP02735,REP021,PRD06,Inbound,S.,Lead,186.72,09/09/2025,
OPP02736,REP016,PRD10,Referral,South ,Lead,14.17,05/01/2026,
OPP02737,REP032,PRD02,Inbound,W.,Closed Lost,117.97,2026-05-08,08/23/2026
OPP02738,REP029,PRD14,Referral,west,Closed Lost,25.66,2026-03-14,2026-08-27
OPP02739,REP011,PRD02,Referral,west,Qualified,20.15,2026-02-03,
OPP02740,REP002,PRD03,Referral,central,Qualified,641.37,2026-08-11,
OPP02741,REP015,PRD10,Referral,West,Lead,18.96,2026-06-24,
OPP02742,REP009,PRD08,Web Signup,east,Proposal,1732.74,2025-07-13,
OPP02743,REP012,PRD07,Referral,East,Lead,181.23,08/13/2026,
OPP02744,REP007,PRD15,Outbound,EAST,Lead,1284.9,25-May-2026,
OPP02745,REP020,PRD14,Inbound,WEST,Lead,61.14,09/29/2025,
OPP02746,REP012,PRD08,Web Signup,EAST,Lead,4440.91,05/21/2026,
OPP02747,REP022,PRD12,Outbound,Centrl,Qualified,204.65,2025-10-28,
OPP02748,REP032,PRD03,Outbound,W.,Closed Won,181.52,2025-10-27,2026-06-04
OPP02749,REP032,PRD09,Outbound,west ,Qualified,947.63,2025-09-19,
OPP02750,REP038,PRD07,Web Signup,central,Qualified,61.3,24-Sep-2025,
OPP02751,REP021,PRD04,Partner,S.,Lead,103.03,2025-09-20,
OPP02752,REP034,PRD13,Partner,N.,Proposal,35.17,11-Feb-2026,
OPP02753,REP035,PRD05,Outbound,East,Lead,2918.36,2026-08-24,
OPP02754,REP031,PRD07,Inbound,East,Proposal,180.14,2026-03-28,
OPP02755,REP002,PRD11,Referral,Centrl,Lead,3110.82,19-May-2026,
OPP02756,REP035,PRD09,Outbound,east,Qualified,688.34,2026-01-25,
OPP02757,REP015,PRD15,Inbound,WEST,Closed Lost,941.87,2026-04-27,01-Sep-2026
OPP02758,REP029,PRD12,Inbound,west,Closed Won,225.84,2026-07-16,2026-08-30
OPP02759,REP001,PRD10,Outbound,west,Qualified,22.16,02-Aug-2025,
OPP02760,REP028,PRD08,Outbound,SOUTH,Lead,-6214.13,11/14/2025,
OPP02761,REP029,PRD08,Web Signup,West,Qualified,3084.15,2026-02-02,
OPP02762,REP038,PRD08,Partner,,Qualified,966.07,2026-05-12,
OPP02763,REP026,PRD09,Partner,east,Closed Lost,139.02,10/23/2025,20-Jun-2026
OPP02764,REP032,PRD08,Referral,WEST,Closed Won,3024.67,05/12/2026,2026-05-19
OPP02765,REP027,PRD05,Web Signup,EAST,Qualified,231.3,2026-05-07,
OPP02766,REP037,PRD09,Outbound,east,Lead,513.24,03/18/2026,
OPP02767,REP038,PRD06,Referral,Centrl,Qualified,33.88,01/04/2026,
OPP02768,REP014,PRD13,Inbound,S.,Proposal,281.15,2025-08-11,
OPP02769,REP025,PRD02,Inbound,NORTH,Qualified,184.26,2026-07-08,
OPP02770,REP012,PRD07,Web Signup,,Qualified,53.21,2026-01-28,
OPP02771,REP008,PRD14,Partner,east,Lead,173.71,2026-04-19,
OPP02772,REP017,PRD02,Inbound,west ,Qualified,97.11,2025-07-19,
OPP02773,REP034,PRD04,Outbound, North,Lead,7.97,03/23/2026,
OPP02774,REP015,PRD10,Outbound,West,Lead,96.76,2026-02-24,
OPP02775,REP039,PRD01,Outbound,NORTH,Closed Won,12.05,2026-03-02,04/25/2026
OPP02776,REP037,PRD12,Referral,EAST,Qualified,256.68,2026-07-20,
OPP02777,REP010,PRD03,Outbound,CENTRAL,Lead,504.77,18-Sep-2025,
OPP02778,REP030,PRD03,Outbound,west,Qualified,87.62,28-Dec-2025,
OPP02779,REP022,PRD15,Referral,central,Lead,73.2,2025-10-16,
OPP02780,REP027,PRD01,Outbound,EAST,Lead,40.04,22-Feb-2026,
OPP02781,REP007,PRD03,Inbound,EAST,Lead,720.41,06/13/2026,
OPP02782,REP017,PRD03,Inbound,,Closed Won,369.77,2026-03-10,05/01/2026
OPP02783,REP035,PRD15,Outbound,EAST,Lead,972.13,2026-05-23,
OPP02784,REP009,PRD15,Referral,east,Closed Won,533.3,2025-09-11,22-Nov-2025
OPP02785,REP019,PRD12,Inbound, North,Lead,57.62,2026-06-12,
OPP02786,REP026,PRD03,Inbound,East,Proposal,82.78,2025-12-15,
OPP02787,REP012,PRD10,Outbound,E.,Proposal,34.59,16-May-2026,
OPP02788,REP037,PRD09,Inbound,EAST,Closed Lost,726.38,07/15/2026,2026-08-20
OPP02789,REP037,PRD14,Outbound,east,Proposal,56.97,08/16/2025,
OPP02790,REP030,PRD15,Inbound,,Closed Lost,2021.71,2026-08-08,2026-08-15
OPP02791,REP011,PRD13,Inbound,,Qualified,88.1,2025-08-23,
OPP02792,REP030,PRD07,Outbound,west ,Closed Lost,191.28,02-Mar-2026,2026-07-17
OPP02793,REP040,PRD13,Web Signup,SOUTH,Lead,135.55,08/01/2026,
OPP02794,REP036,PRD04,Outbound,Central ,Qualified,10.4,05/13/2026,
OPP02795,REP027,PRD13,Inbound,E.,Closed Won,209.67,2025-10-17,2026-08-16
OPP02796,REP037,PRD01,Outbound,East,Qualified,19.67,2026-08-15,
OPP02797,REP039,PRD08,Inbound,NORTH,Proposal,1516.78,2025-07-26,
OPP02798,REP026,PRD14,Inbound,E.,Qualified,49.42,2025-11-15,
OPP02799,REP004,PRD06,Inbound,CENTRAL,Qualified,653.49,30-Nov-2025,
OPP02800,REP016,PRD04,Referral,south,Lead,117.09,06-Dec-2025,
OPP02801,REP013,PRD15,Inbound,CENTRAL,Lead,0.0,17-Aug-2025,
OPP02802,REP008,PRD06,Inbound,E.,Lead,431.95,2026-01-13,
OPP02803,REP010,PRD09,Outbound,CENTRAL,Qualified,383.88,07/29/2025,
OPP02804,REP013,PRD05,Inbound,CENTRAL,Lead,559.31,06/23/2026,
OPP02805,REP019,PRD11,Referral,North,Lead,911.31,12-Aug-2025,
OPP02806,REP031,PRD01,Web Signup,east,Proposal,64.98,2026-04-09,
OPP02807,REP009,PRD07,Inbound,,Closed Won,16.22,05-Dec-2025,03/21/2026
OPP02808,REP029,PRD10,Inbound,W.,Qualified,74.17,2026-04-16,
OPP02809,REP035,PRD03,Inbound,East,Lead,22.27,29-Jun-2026,
OPP02810,REP034,PRD07,Partner,N.,Lead,55.59,2026-07-31,
OPP02811,REP016,PRD10,Partner,South,Closed Won,32.01,2026-05-08,2026-06-01
OPP02812,REP010,PRD13,Inbound,CENTRAL,Qualified,313.79,07/27/2025,
OPP02813,REP033,PRD04,Inbound,W.,Lead,164.66,2026-01-07,
OPP02814,REP018,PRD07,Outbound,Central,Lead,50.13,2026-04-19,
OPP02815,REP001,PRD06,Partner,WEST,Qualified,758.41,2026-07-18,
OPP02816,REP012,PRD03,Outbound,east,Lead,292.26,2026-06-15,
OPP02817,REP008,PRD15,Web Signup,East,Proposal,1261.86,18-Nov-2025,
OPP02818,REP022,PRD13,Partner,Centrl,Closed Won,168.26,07-Jul-2026,2026-09-01
OPP02819,REP032,PRD06,Inbound,WEST,Lead,712.55,2026-04-01,
OPP02820,REP021,PRD07,Inbound,,Closed Won,164.93,28-Mar-2026,2026-04-28
OPP02821,REP031,PRD04,Web Signup,East,Lead,188.84,2026-01-20,
OPP02822,REP029,PRD12,Inbound,West,Closed Lost,291.74,2025-09-12,2025-12-31
OPP02823,REP007,PRD01,Partner,East,Proposal,58.69,07/25/2025,
OPP02824,REP028,PRD08,Referral,SOUTH,Proposal,3261.35,30-Apr-2026,
OPP02825,REP007,PRD08,Inbound,East,Proposal,5038.25,2025-08-11,
OPP02826,REP022,PRD09,Outbound,Central,Lead,241.98,2025-11-07,
OPP02827,REP035,PRD12,Inbound,,Qualified,27.57,17-Dec-2025,
OPP02828,REP035,PRD15,Outbound,East,Lead,1422.55,2025-12-22,
OPP02829,REP009,PRD11,Outbound,East,Lead,1599.97,2025-12-25,
OPP02830,REP006,PRD13,Outbound,South,Lead,266.85,12/11/2025,
OPP02831,REP009,PRD03,Outbound,east,Closed Lost,374.04,01/29/2026,07/07/2026
OPP02832,REP022,PRD14,Inbound,Central ,Qualified,21.37,06-Aug-2026,
OPP02833,REP036,PRD13,Outbound,Centrl,Qualified,178.64,2025-07-19,
OPP02834,REP005,PRD04,Inbound,central,Proposal,74.9,07/10/2025,
OPP02835,REP010,PRD14,Partner,Centrl,Lead,42.95,07-Jul-2026,
OPP02836,REP029,PRD11,Web Signup,West,Qualified,3781.15,10/14/2025,
OPP02837,REP015,PRD11,Outbound,,Proposal,974.58,2025-11-15,
OPP02838,REP026,PRD03,Referral,east,Lead,634.98,07/10/2025,
OPP02839,REP022,PRD02,Inbound,Central,Closed Lost,163.25,2025-12-24,2026-04-01
OPP02840,REP016,PRD13,Inbound,south,Lead,223.38,2026-02-26,
OPP02841,REP020,PRD10,Outbound,West,Lead,0.0,02/02/2026,
OPP02842,REP031,PRD03,Inbound,east,Lead,229.8,2026-05-29,
OPP02843,REP010,PRD12,Inbound,Centrl,Proposal,319.05,2026-04-22,
OPP02844,REP027,PRD15,Outbound,east,Qualified,1151.39,2026-03-31,
OPP02845,REP028,PRD11,Outbound,south,Lead,1122.52,2026-06-25,
OPP02846,REP036,PRD05,Partner,Centrl,Qualified,1378.26,2026-01-15,
OPP02847,REP017,PRD07,Outbound,W.,Lead,102.21,2025-12-20,
OPP02848,REP029,PRD07,Outbound,WEST,Proposal,76.43,2026-07-01,
OPP02849,REP035,PRD07,Partner,East,Proposal,75.32,2026-02-23,
OPP02850,REP030,PRD02,Inbound,WEST,Qualified,280.31,08/12/2026,
OPP02851,REP029,PRD07,Referral,W.,Qualified,217.4,08-May-2026,
OPP02852,REP028,PRD04,Inbound,south,Closed Won,55.52,21-Sep-2025,2025-09-23
OPP02853,REP022,PRD07,Outbound,CENTRAL,Qualified,29.64,2026-08-05,
OPP02854,REP024,PRD02,Inbound,NORTH,Qualified,45.96,04/20/2026,
OPP02855,REP022,PRD13,Inbound,central,Proposal,79.54,08-Feb-2026,
OPP02856,REP028,PRD01,Inbound,South ,Qualified,46.58,20-Feb-2026,
OPP02857,REP017,PRD06,Outbound,W.,Lead,227.89,25-Sep-2025,
OPP02858,REP036,PRD09,Inbound,Central ,Qualified,-496.25,2026-07-13,
OPP02859,REP030,PRD06,Partner,WEST,Qualified,801.7,08/22/2025,
OPP02860,REP011,PRD03,Inbound,west,Closed Lost,274.74,03/22/2026,05/14/2026
OPP02861,REP035,PRD15,Inbound,E.,Qualified,286.87,2026-03-13,
OPP02862,REP009,PRD04,Inbound,EAST,Lead,46.96,2026-02-04,
OPP02863,REP014,PRD07,Referral,S.,Lead,79.26,22-Jan-2026,
OPP02864,REP026,PRD14,Web Signup,east,Lead,144.54,2026-02-21,
OPP02865,REP009,PRD12,Outbound,East,Closed Lost,21.36,2025-11-27,24-Jan-2026
OPP02866,REP005,PRD07,Inbound,central,Closed Lost,71.34,2026-08-09,2026-08-20
OPP02867,REP027,PRD06,Outbound,EAST,Proposal,74.73,08/17/2025,
OPP02868,REP023,PRD11,Outbound,west,Lead,755.91,05/13/2026,
OPP02869,REP024,PRD14,Outbound,north,Qualified,106.24,2026-03-09,
OPP02870,REP021,PRD03,Outbound,South,Qualified,386.61,20-Oct-2025,
OPP02871,REP014,PRD06,Outbound,SOUTH,Qualified,480.32,2025-07-23,
OPP02872,REP036,PRD15,Referral,Central,Lead,468.16,2026-07-25,
OPP02873,REP022,PRD06,Outbound,central,Closed Lost,280.82,2026-02-18,2026-05-29
OPP02874,REP001,PRD09,Inbound,west,Proposal,804.59,05/25/2026,
OPP02875,REP014,PRD10,Partner,south,Qualified,15.35,2026-05-14,
OPP02876,REP007,PRD04,Referral,east,Proposal,48.8,2026-05-01,
OPP02877,REP035,PRD11,Partner,EAST,Lead,2949.98,07/31/2025,
OPP02878,REP036,PRD15,Outbound,central,Proposal,990.48,2025-11-28,
OPP02879,REP035,PRD10,Inbound,E.,Qualified,49.53,2026-03-27,
OPP02880,REP003,PRD09,Referral,East,Proposal,353.7,2025-12-23,
OPP02881,REP020,PRD09,Inbound,west ,Closed Lost,182.43,23-Aug-2026,2026-08-30
OPP02882,REP025,PRD13,Referral, North,Proposal,155.35,08-Jul-2026,
OPP02883,REP039,PRD08,Inbound, North,Closed Won,2267.55,04/08/2026,2026-07-15
OPP02884,REP019,PRD02,Inbound,N.,Qualified,127.22,2026-02-22,
OPP02885,REP011,PRD05,Web Signup,West,Closed Won,1326.5,2025-11-13,2026-07-26
OPP02886,REP030,PRD10,Outbound,west ,Qualified,31.21,2025-11-21,
OPP02887,REP014,PRD08,Inbound,South ,Closed Lost,1715.07,17-Feb-2026,2026-03-26
OPP02888,REP023,PRD06,Inbound,west,Lead,67.42,2026-07-04,
OPP02889,REP023,PRD04,Inbound,west,Proposal,11.23,11-Oct-2025,
OPP02890,REP018,PRD05,Inbound,central,Qualified,826.79,2026-01-20,
OPP02891,REP035,PRD03,Referral,EAST,Proposal,401.91,2025-11-23,
OPP02892,REP025,PRD11,Web Signup,north,Qualified,2194.58,2026-03-21,
OPP02893,REP026,PRD03,Outbound,east,Lead,121.38,09/11/2025,
OPP02894,REP026,PRD02,Inbound,EAST,Lead,111.33,2025-12-23,
OPP02895,REP031,PRD15,Partner,East,Qualified,1598.59,04/05/2026,
OPP02896,REP026,PRD10,Outbound,East,Lead,58.54,2025-12-24,
OPP02897,REP033,PRD12,Inbound,West,Lead,157.1,2026-02-27,
OPP02898,REP026,PRD11,Inbound,EAST,Lead,1725.81,2026-05-26,
OPP02899,REP001,PRD07,Inbound,,Lead,105.57,2026-03-18,
OPP02900,REP021,PRD14,Outbound,South ,Lead,44.12,04/18/2026,
OPP02901,REP023,PRD02,Inbound,west,Closed Won,34.79,01/22/2026,2026-05-16
OPP02902,REP035,PRD13,Inbound,East,Proposal,35.44,2026-06-29,
OPP02903,REP012,PRD08,Inbound,East,Lead,486.7,2025-10-03,
OPP02904,REP027,PRD11,Referral,East,Qualified,1109.5,2026-07-04,
OPP02905,REP038,PRD15,Referral,CENTRAL,Closed Won,-790.55,08/14/2025,2026-07-16
OPP02906,REP034,PRD14,Partner,N.,Qualified,67.6,2025-08-28,
OPP02907,REP012,PRD11,Outbound,east,Lead,2488.21,05-Jul-2026,
OPP02908,REP028,PRD04,Inbound,south,Qualified,87.69,12/02/2025,
OPP02909,REP039,PRD03,Partner,N.,Closed Lost,229.03,2026-07-27,2026-08-01
OPP02910,REP005,PRD13,Web Signup,Central ,Closed Lost,211.3,2026-04-26,06-Aug-2026
OPP02911,REP006,PRD10,Outbound,South ,Proposal,41.53,2026-02-20,
OPP02912,REP021,PRD01,Outbound,South,Qualified,54.59,20-May-2026,
OPP02913,REP013,PRD08,Inbound,Central ,Lead,6912.19,08/14/2025,
OPP02914,REP025,PRD15,Referral,north,Lead,3168.39,2025-10-29,
OPP02915,REP005,PRD04,Outbound,central,Closed Lost,86.42,2025-10-18,01/03/2026
OPP02916,REP038,PRD01,Inbound,central,Qualified,16.11,03/27/2026,
OPP02917,REP024,PRD08,Inbound,north,Proposal,2235.28,2026-05-17,
OPP02918,REP016,PRD14,Referral,SOUTH,Lead,36.62,2026-06-24,
OPP02919,REP007,PRD14,Referral,EAST,Proposal,103.38,10/23/2025,
OPP02920,REP011,PRD15,Web Signup,WEST,Lead,1609.96,2026-03-06,
OPP02921,REP020,PRD06,Web Signup,W.,Qualified,395.61,2025-11-21,
OPP02922,REP026,PRD07,Outbound,East,Proposal,41.29,2025-09-04,
OPP02923,REP029,PRD08,Referral,west ,Lead,1325.07,07/17/2026,
OPP02924,REP015,PRD13,Outbound,West,Lead,221.98,03/19/2026,
OPP02925,REP012,PRD15,Inbound,EAST,Lead,1886.31,2025-11-18,
OPP02926,REP003,PRD11,Inbound,East,Lead,1143.75,03/04/2026,
OPP02927,REP019,PRD04,Partner, North,Lead,41.05,2025-08-18,
OPP02928,REP015,PRD02,Referral,west,Qualified,79.62,2025-07-07,
OPP02929,REP039,PRD13,Referral,North,Proposal,211.55,2026-06-20,
OPP02930,REP009,PRD11,Partner,east,Qualified,1951.06,01-Feb-2026,
OPP02931,REP040,PRD09,Web Signup,South ,Lead,327.54,2025-12-13,
OPP02932,REP019,PRD02,Outbound,north,Closed Won,81.02,11/11/2025,06/22/2026
OPP02933,REP030,PRD12,Inbound,W.,Lead,112.51,11/04/2025,
OPP02934,REP013,PRD02,Inbound,central,Closed Won,177.09,2026-07-19,2026-08-26
OPP02935,REP007,PRD02,Inbound,EAST,Proposal,210.28,10-Sep-2025,
OPP02936,REP016,PRD01,Referral,,Proposal,84.68,2025-10-12,
OPP02937,REP011,PRD10,Outbound,W.,Proposal,100.23,06/05/2026,
OPP02938,REP016,PRD15,Referral,South ,Lead,463.51,02-Jun-2026,
OPP02939,REP019,PRD02,Inbound,North,Lead,128.69,2026-05-13,
OPP02940,REP021,PRD15,Inbound,South,Lead,1264.93,2026-06-02,
OPP02941,REP029,PRD10,Partner,west ,Closed Won,42.19,2026-07-09,2026-08-15
OPP02942,REP023,PRD03,Outbound,W.,Lead,473.36,2025-07-07,
OPP02943,REP036,PRD04,Referral,Centrl,Closed Lost,17.58,02-Aug-2025,03-Jan-2026
OPP02944,REP033,PRD14,Web Signup,WEST,Qualified,78.8,2026-04-19,
OPP02945,REP035,PRD10,Inbound,East,Closed Won,36.82,14-Jul-2025,03/21/2026
OPP02946,REP023,PRD05,Outbound,west,Closed Lost,358.69,2026-08-20,2026-08-24
OPP02947,REP022,PRD09,Outbound,Centrl,Lead,426.34,2025-07-17,
OPP02948,REP029,PRD14,Web Signup,west ,Closed Lost,58.51,2025-07-07,2026-01-16
OPP02949,REP008,PRD07,Partner,East,Proposal,83.1,2025-12-26,
OPP02950,REP032,PRD05,Inbound,west,Closed Won,1202.6,2026-03-28,2026-05-27
OPP02951,REP016,PRD11,Inbound,SOUTH,Closed Won,1475.92,2025-10-12,20-Nov-2025
OPP02952,REP006,PRD05,Inbound,South ,Lead,617.62,04/27/2026,
OPP02953,REP015,PRD13,Inbound,West,Closed Lost,82.33,29-Jul-2026,26-Aug-2026
OPP02954,REP024,PRD05,Outbound,NORTH,Lead,1994.08,2026-02-26,
OPP02955,REP001,PRD15,Outbound,West,Lead,303.9,2025-11-10,
OPP02956,REP040,PRD09,Referral,south,Proposal,288.44,2025-08-23,
OPP02957,REP014,PRD06,Inbound,SOUTH,Lead,71.03,2025-08-08,
OPP02958,REP038,PRD13,Referral,Central,Lead,51.91,2026-02-20,
OPP02959,REP009,PRD14,Outbound,east,Proposal,170.2,02/14/2026,
OPP02960,REP007,PRD08,Outbound,East,Proposal,1489.35,2026-06-23,
OPP02961,REP006,PRD04,Partner,S.,Lead,117.68,08/12/2026,
OPP02962,REP006,PRD03,Outbound,South ,Lead,184.78,08/15/2026,
OPP02963,REP008,PRD06,Inbound,EAST,Qualified,165.7,03/23/2026,
OPP02964,REP036,PRD02,Inbound,Central,Closed Won,200.58,06/05/2026,2026-08-30
OPP02965,REP024,PRD04,Inbound,NORTH,Closed Lost,45.86,2025-10-15,2026-02-25
OPP02966,REP026,PRD02,Inbound,east,Lead,78.68,2026-07-19,
OPP02967,REP009,PRD14,Inbound,E.,Lead,32.48,04/09/2026,
OPP02968,REP028,PRD09,Web Signup,SOUTH,Closed Lost,31.58,11/27/2025,01/30/2026
OPP02969,REP009,PRD10,Partner,E.,Lead,58.52,2026-05-13,
OPP02970,REP016,PRD12,Outbound,South ,Lead,192.03,2025-07-18,
OPP02971,REP010,PRD06,Referral,Central,Lead,182.83,2025-12-28,
OPP02972,REP038,PRD08,Referral,central,Lead,73.75,25-Dec-2025,
OPP02973,REP004,PRD15,Inbound,central,Closed Won,704.4,2025-10-13,2026-01-03
OPP02974,REP001,PRD02,Web Signup,West,Proposal,69.61,2025-07-21,
OPP02975,REP005,PRD04,Outbound,Centrl,Closed Lost,98.0,07/30/2026,2026-08-07
OPP02976,REP006,PRD01,Outbound,south,Qualified,129.71,10/07/2025,
OPP02977,REP030,PRD13,Outbound,west ,Qualified,116.84,04/14/2026,
OPP02978,REP019,PRD06,Referral,north,Qualified,297.81,02-Aug-2025,
OPP02979,REP034,PRD07,Partner,North,Closed Won,54.29,04/21/2026,23-Aug-2026
OPP02980,REP031,PRD14,Inbound,East,Qualified,120.06,18-Jan-2026,
OPP02981,REP028,PRD10,Partner,South,Lead,36.95,2026-08-23,
OPP02982,REP037,PRD14,Inbound,EAST,Qualified,119.13,2025-08-10,
OPP02983,REP006,PRD10,Outbound,South ,Closed Lost,34.56,2025-08-10,2025-11-01
OPP02984,REP015,PRD07,Web Signup,West,Closed Won,27.87,2025-07-19,08/25/2025
OPP02985,REP029,PRD05,Web Signup,west,Qualified,1004.32,10/01/2025,
OPP02986,REP027,PRD02,Inbound,East,Closed Lost,136.37,2026-05-23,2026-08-17
OPP02987,REP027,PRD06,Web Signup,EAST,Proposal,430.06,04/25/2026,
OPP02988,REP003,PRD10,Partner,east,Qualified,28.51,2025-10-07,
OPP02989,REP034,PRD03,Partner,N.,Lead,444.46,01/16/2026,
OPP02990,REP038,PRD06,Web Signup,Central,Qualified,137.46,07/07/2026,
OPP02991,REP039,PRD03,Outbound,north,Qualified,703.05,10/30/2025,
OPP02992,REP009,PRD08,Inbound,East,Proposal,1411.01,10-Dec-2025,
OPP02993,REP031,PRD06,Outbound,East,Proposal,313.17,2025-07-11,
OPP02994,REP017,PRD13,Partner,W.,Qualified,87.21,2026-02-22,
OPP02995,REP017,PRD01,Inbound,west ,Qualified,15.42,26-May-2026,
OPP02996,REP009,PRD09,Outbound,EAST,Lead,136.33,2025-09-20,
OPP02997,REP040,PRD04,Outbound,S.,Closed Lost,34.56,2026-08-12,2026-08-18
OPP02998,REP011,PRD12,Inbound,W.,Closed Won,280.36,10/18/2025,2026-03-29
OPP02999,REP002,PRD04,Inbound,,Closed Won,219.92,09/23/2025,04/09/2026
OPP03000,REP032,PRD10,Outbound,W.,Closed Lost,24.27,03-Oct-2025,20-Jan-2026
OPP03001,REP006,PRD02,Outbound,SOUTH,Closed Won,186.89,2025-09-30,31-Jul-2026
OPP03002,REP014,PRD04,Outbound,south,Closed Won,126.79,2025-09-24,2026-04-05
OPP03003,REP021,PRD13,Outbound,south,Closed Lost,171.77,2025-12-05,29-Jul-2026
OPP03004,REP034,PRD02,Outbound,N.,Lead,77.59,2025-12-06,
OPP03005,REP025,PRD13,Partner,North,Lead,242.23,2026-01-24,
OPP03006,REP033,PRD07,Inbound,W.,Lead,182.26,2026-08-14,
OPP03007,REP038,PRD02,Outbound,Centrl,Closed Won,33.2,2025-12-07,25-Apr-2026
OPP03008,REP038,PRD13,Web Signup,Central ,Lead,51.21,2026-05-18,
OPP03009,REP007,PRD14,Web Signup,EAST,Lead,109.17,2026-02-18,
OPP03010,REP038,PRD02,Outbound,Central,Lead,126.09,2025-11-05,
OPP03011,REP025,PRD03,Inbound,NORTH,Closed Lost,308.35,08/03/2025,2026-08-23
OPP03012,REP002,PRD09,Partner,Centrl,Closed Won,349.58,12/12/2025,2026-06-16
OPP03013,REP040,PRD05,Partner,South,Closed Lost,322.68,17-Mar-2026,01-May-2026
OPP03014,REP018,PRD06,Partner,central,Closed Won,28.56,2025-07-06,15-Jul-2025
OPP03015,REP015,PRD08,Inbound,W.,Lead,3285.79,09/11/2025,
OPP03016,REP005,PRD14,Inbound,central,Proposal,82.73,27-Sep-2025,
OPP03017,REP001,PRD11,Outbound,west,Lead,4410.23,2026-07-22,
OPP03018,REP010,PRD13,Outbound,Central ,Proposal,174.39,10/27/2025,
OPP03019,REP014,PRD03,Partner,South ,Lead,7.24,2025-09-11,
OPP03020,REP014,PRD12,Web Signup,South,Qualified,84.45,2026-08-05,
OPP03021,REP022,PRD14,Outbound,central,Qualified,157.93,31-Aug-2025,
OPP03022,REP038,PRD10,Inbound,Central,Lead,199.33,2025-09-20,
OPP03023,REP033,PRD15,Partner,west,Qualified,-235.06,2026-01-18,
OPP03024,REP017,PRD12,Outbound,W.,Closed Won,479.16,12/30/2025,06/25/2026
OPP03025,REP015,PRD11,Outbound,West,Qualified,176.58,02/18/2026,
OPP03026,REP017,PRD08,Web Signup,west,Qualified,152.63,2026-01-25,
OPP03027,REP027,PRD06,Referral,E.,Closed Lost,618.15,06/29/2026,03-Jul-2026
OPP03028,REP037,PRD02,Inbound,east,Lead,47.76,2025-09-19,
OPP03029,REP002,PRD12,Outbound,Central,Qualified,546.28,16-Nov-2025,
OPP03030,REP021,PRD15,Partner,South,Lead,3492.66,03-Aug-2025,
OPP03031,REP009,PRD10,Outbound,E.,Lead,29.43,14-Feb-2026,
OPP03032,REP029,PRD13,Outbound,WEST,Lead,282.87,04/09/2026,
OPP03033,REP002,PRD15,Inbound,Central ,Lead,814.74,2026-03-03,
OPP03034,REP001,PRD12,Outbound,W.,Qualified,26.15,05/30/2026,
OPP03035,REP015,PRD06,Partner,West,Closed Won,309.32,10/02/2025,2025-11-07
OPP03036,REP014,PRD02,Inbound,S.,Qualified,77.39,2025-08-08,
OPP03037,REP035,PRD02,Outbound,east,Lead,46.5,2025-07-11,
OPP03038,REP034,PRD07,Outbound, North,Qualified,272.14,2025-10-19,
OPP03039,REP020,PRD11,Outbound,west ,Lead,2621.01,2025-11-13,
OPP03040,REP038,PRD15,Inbound,Centrl,Lead,362.35,2026-03-16,
OPP03041,REP008,PRD07,Inbound,EAST,Qualified,47.72,2026-04-07,
OPP03042,REP029,PRD15,Referral,,Qualified,1085.33,06/08/2026,
OPP03043,REP010,PRD15,Web Signup,central,Proposal,991.51,01/28/2026,
OPP03044,REP031,PRD03,Inbound,East,Closed Won,757.36,09/14/2025,05-Feb-2026
OPP03045,REP025,PRD14,Partner,NORTH,Lead,100.99,03/27/2026,
OPP03046,REP013,PRD01,Partner,CENTRAL,Closed Won,128.73,23-Nov-2025,2026-01-06
OPP03047,REP035,PRD10,Inbound,east,Lead,60.84,11-May-2026,
OPP03048,REP019,PRD04,Inbound,NORTH,Lead,139.23,05/10/2026,
OPP03049,REP029,PRD05,Inbound,west,Closed Won,87.95,06/23/2026,07/19/2026
OPP03050,REP035,PRD09,Inbound,east,Lead,155.44,29-Apr-2026,
OPP03051,REP031,PRD14,Inbound,East,Proposal,354.2,2026-07-10,
OPP03052,REP035,PRD05,Inbound,EAST,Lead,5151.95,2026-05-27,
OPP03053,REP031,PRD01,Inbound,east,Lead,16.65,10-Nov-2025,
OPP03054,REP007,PRD14,Outbound,E.,Qualified,12.75,29-Sep-2025,
OPP03055,REP023,PRD14,Outbound,west ,Closed Won,155.66,10/14/2025,2026-07-11
OPP03056,REP006,PRD08,Inbound,South ,Lead,5578.14,08/18/2025,
OPP03057,REP011,PRD14,Outbound,west ,Qualified,49.04,2025-11-04,
OPP03058,REP025,PRD14,Inbound, North,Lead,35.64,2025-09-22,
OPP03059,REP025,PRD15,Inbound,north,Proposal,1133.58,2026-05-23,
OPP03060,REP025,PRD10,Partner, North,Lead,31.8,07/13/2026,
OPP03061,REP033,PRD11,Outbound,west ,Lead,1958.98,2026-06-09,
OPP03062,REP004,PRD12,Referral,Central ,Lead,62.12,2025-11-21,
OPP03063,REP023,PRD05,Referral,W.,Qualified,163.69,2026-04-24,
OPP03064,REP007,PRD14,Outbound,EAST,Closed Lost,15.95,2026-04-08,2026-08-04
OPP03065,REP018,PRD10,Outbound,Centrl,Closed Won,4.6,2025-07-26,11/04/2025
OPP03066,REP008,PRD06,Outbound,EAST,Closed Won,89.69,2026-07-14,30-Aug-2026
OPP03067,REP036,PRD02,Outbound,Central,Closed Won,38.93,2025-09-29,03/07/2026
OPP03068,REP013,PRD03,Inbound,Centrl,Closed Lost,718.7,06/11/2026,15-Jun-2026
OPP03069,REP027,PRD09,Web Signup,East,Lead,291.76,08/22/2025,
OPP03070,REP001,PRD09,Outbound,,Proposal,31.59,2026-01-23,
OPP03071,REP025,PRD07,Outbound,NORTH,Proposal,157.34,2026-03-05,
OPP03072,REP019,PRD03,Referral,N.,Qualified,1275.59,2025-07-13,
OPP03073,REP016,PRD15,Referral,S.,Proposal,1019.96,08/15/2026,
OPP03074,REP023,PRD14,Referral,west,Lead,48.28,2025-12-24,
OPP03075,REP015,PRD02,Inbound,WEST,Lead,260.54,2026-03-23,
OPP03076,REP029,PRD08,Referral,WEST,Lead,3598.97,08/11/2026,
OPP03077,REP035,PRD03,Inbound,EAST,Closed Lost,337.11,14-Aug-2026,30-Aug-2026
OPP03078,REP037,PRD07,Inbound,EAST,Proposal,144.19,2025-09-15,
OPP03079,REP014,PRD15,Inbound,,Qualified,150.71,2026-06-05,
OPP03080,REP006,PRD08,Partner,south,Closed Lost,2998.04,2026-01-13,2026-07-19
OPP03081,REP014,PRD04,Inbound,South,Proposal,21.09,03/29/2026,
OPP03082,REP025,PRD09,Web Signup,,Proposal,520.8,2026-04-28,
OPP03083,REP027,PRD03,Partner,east,Lead,211.67,10/27/2025,
OPP03084,REP010,PRD02,Partner,Central ,Lead,346.73,2025-08-15,
OPP03085,REP021,PRD04,Referral,S.,Qualified,111.9,13-Jul-2025,
OPP03086,REP007,PRD03,Partner,E.,Lead,157.45,11/02/2025,
OPP03087,REP026,PRD07,Inbound,east,Closed Lost,77.61,2026-07-31,2026-08-22
OPP03088,REP025,PRD11,Outbound,north,Qualified,1059.44,24-Jul-2026,
OPP03089,REP007,PRD01,Partner,East,Closed Won,47.14,11/09/2025,2025-12-08
OPP03090,REP026,PRD07,Referral,East,Proposal,49.61,07/20/2026,
OPP03091,REP040,PRD01,Web Signup,South,Qualified,51.83,2026-03-10,
OPP03092,REP028,PRD14,Outbound,South ,Qualified,297.57,2026-01-07,
OPP03093,REP007,PRD05,Outbound,East,Closed Won,826.68,03/18/2026,2026-05-11
OPP03094,REP009,PRD06,Web Signup,EAST,Lead,409.28,08/12/2025,
OPP03095,REP014,PRD03,Outbound,S.,Lead,586.73,2026-08-01,
OPP03096,REP016,PRD03,Partner,South,Qualified,91.52,2025-12-23,
OPP03097,REP033,PRD14,Partner,west ,Lead,192.28,2026-04-24,
OPP03098,REP034,PRD08,Referral,N.,Lead,8187.55,13-May-2026,
OPP03099,REP008,PRD02,Referral,east,Closed Won,86.67,2026-01-02,02/01/2026
OPP03100,REP010,PRD13,Inbound,central,Closed Won,154.77,25-Jun-2026,07-Aug-2026
OPP03101,REP031,PRD09,Inbound,east,Lead,544.23,06/17/2026,
OPP03102,REP005,PRD09,Outbound,CENTRAL,Proposal,945.02,09/10/2025,
OPP03103,REP040,PRD10,Inbound,South ,Closed Won,39.16,2026-07-26,16-Aug-2026
OPP03104,REP021,PRD11,Web Signup,South ,Closed Won,820.64,06-Mar-2026,2026-03-29
OPP03105,REP013,PRD07,Referral,Central,Lead,71.06,2026-07-25,
OPP03106,REP037,PRD06,Outbound,east,Qualified,107.86,2025-07-17,
OPP03107,REP036,PRD10,Inbound,,Closed Won,14.11,2025-09-21,24-Feb-2026
OPP03108,REP020,PRD13,Partner,West,Lead,218.0,2026-05-20,
OPP03109,REP013,PRD15,Inbound,Centrl,Closed Won,291.37,2025-07-31,2025-07-31
OPP03110,REP038,PRD04,Partner,Central ,Lead,77.15,2025-09-12,
OPP03111,REP009,PRD08,Outbound,E.,Qualified,388.9,02/25/2026,
OPP03112,REP037,PRD03,Outbound,east,Lead,174.88,2026-08-02,
OPP03113,REP028,PRD14,Referral,south,Closed Lost,51.86,12/11/2025,2026-08-22
OPP03114,REP020,PRD10,Referral,west,Qualified,106.93,2026-06-23,
OPP03115,REP024,PRD09,Inbound,N.,Lead,343.28,2026-03-25,
OPP03116,REP039,PRD07,Referral,north,Proposal,45.79,04/12/2026,
OPP03117,REP019,PRD07,Outbound,NORTH,Qualified,60.67,2025-08-15,
OPP03118,REP001,PRD10,Partner,West,Proposal,41.74,2025-12-24,
OPP03119,REP013,PRD07,Partner,Central,Closed Lost,23.33,06/21/2026,23-Jul-2026
OPP03120,REP007,PRD08,Referral,east,Closed Won,1609.58,06-Jul-2026,10-Aug-2026
OPP03121,REP001,PRD01,Outbound,west,Qualified,90.07,06/20/2026,
OPP03122,REP010,PRD09,Outbound,CENTRAL,Lead,550.49,09/30/2025,
OPP03123,REP035,PRD05,Inbound,east,Qualified,453.85,2025-09-17,
OPP03124,REP010,PRD13,Outbound,Centrl,Proposal,254.66,2025-12-23,
OPP03125,REP012,PRD04,Web Signup,East,Closed Won,74.36,2025-07-05,2026-03-27
OPP03126,REP029,PRD07,Partner,West,Closed Lost,13.86,05-Apr-2026,06-Aug-2026
OPP03127,REP033,PRD07,Partner,west,Qualified,104.74,2026-02-15,
OPP03128,REP021,PRD15,Inbound,South,Qualified,312.97,2026-08-13,
OPP03129,REP007,PRD03,Referral,East,Closed Lost,842.64,2026-04-20,05/10/2026
OPP03130,REP009,PRD06,Outbound,east,Lead,200.99,2025-08-08,
OPP03131,REP004,PRD13,Outbound,,Lead,277.73,2025-11-08,
OPP03132,REP017,PRD06,Outbound,west,Lead,159.44,2026-07-21,
OPP03133,REP003,PRD06,Partner,East,Lead,256.25,2025-10-21,
OPP03134,REP036,PRD15,Referral,Central,Qualified,2088.98,05/17/2026,
OPP03135,REP015,PRD03,Outbound,WEST,Closed Won,248.98,25-Sep-2025,2026-01-01
OPP03136,REP021,PRD05,Outbound,S.,Qualified,1719.11,2025-12-03,
OPP03137,REP014,PRD01,Inbound,SOUTH,Proposal,124.32,26-Nov-2025,
OPP03138,REP029,PRD06,Inbound,West,Lead,302.4,10/05/2025,
OPP03139,REP002,PRD06,Partner,central,Qualified,25.82,05/05/2026,
OPP03140,REP002,PRD10,Partner,central,Qualified,81.38,18-Dec-2025,
OPP03141,REP025,PRD15,Outbound,NORTH,Qualified,1536.56,2026-06-23,
OPP03142,REP011,PRD06,Outbound,west,Lead,400.15,2025-11-29,
OPP03143,REP038,PRD12,Inbound,central,Qualified,392.17,2026-03-23,
OPP03144,REP015,PRD04,Outbound,WEST,Closed Won,144.14,09/25/2025,2026-07-16
OPP03145,REP001,PRD09,Inbound,west ,Proposal,486.05,2026-05-21,
OPP03146,REP011,PRD14,Partner,west ,Qualified,433.15,2025-08-09,
OPP03147,REP003,PRD15,Inbound,East,Qualified,689.05,2025-10-07,
OPP03148,REP023,PRD04,Outbound,West,Qualified,278.36,2026-06-18,
OPP03149,REP015,PRD10,Partner,West,Proposal,50.84,2026-06-24,
OPP03150,REP018,PRD01,Outbound,Central ,Closed Won,192.33,30-Jul-2026,08/05/2026
OPP03151,REP004,PRD13,Outbound,Central,Closed Won,537.44,2026-07-26,2026-07-26
OPP03152,REP040,PRD11,Inbound,south,Proposal,5434.1,19-Aug-2026,
OPP03153,REP013,PRD15,Partner,CENTRAL,Qualified,698.97,2025-08-10,
OPP03154,REP017,PRD04,Partner,West,Closed Won,-132.06,06/05/2026,2026-08-25
OPP03155,REP015,PRD06,Inbound,W.,Closed Won,106.34,2026-07-14,2026-09-01
OPP03156,REP004,PRD05,Referral,central,Lead,530.21,2025-11-18,
OPP03157,REP037,PRD08,Inbound,EAST,Qualified,2211.5,2025-11-15,
OPP03158,REP010,PRD11,Inbound,CENTRAL,Proposal,230.26,10/11/2025,
OPP03159,REP032,PRD07,Outbound,W.,Lead,76.7,2025-09-22,
OPP03160,REP003,PRD04,Outbound,East,Closed Won,36.98,04/30/2026,2026-08-24
OPP03161,REP029,PRD11,Inbound,west,Lead,1714.8,03/10/2026,
OPP03162,REP010,PRD06,Inbound,,Lead,123.86,2026-07-30,
OPP03163,REP028,PRD07,Inbound,SOUTH,Closed Lost,42.3,2026-04-28,07/18/2026
OPP03164,REP016,PRD12,Inbound,South ,Lead,148.41,2026-01-12,
OPP03165,REP037,PRD15,Outbound,east,Qualified,1495.94,02/01/2026,
OPP03166,REP026,PRD15,Inbound,EAST,Lead,2908.25,05/09/2026,
OPP03167,REP010,PRD06,Outbound,CENTRAL,Closed Won,80.5,2026-03-27,2026-05-23
OPP03168,REP017,PRD13,Partner,West,Closed Won,37.91,2026-06-20,2026-07-02
OPP03169,REP005,PRD03,Web Signup,Central ,Qualified,157.79,2025-10-19,
OPP03170,REP017,PRD10,Outbound,W.,Qualified,70.2,05/20/2026,
OPP03171,REP017,PRD08,Referral,,Qualified,2172.16,08/05/2026,
OPP03172,REP026,PRD03,Outbound,East,Proposal,1252.72,02/21/2026,
OPP03173,REP027,PRD02,Web Signup,EAST,Qualified,57.62,2026-03-04,
OPP03174,REP027,PRD04,Outbound,EAST,Lead,19.57,12/19/2025,
OPP03175,REP037,PRD15,Inbound,EAST,Qualified,1360.44,12/07/2025,
OPP03176,REP030,PRD06,Inbound,west ,Lead,266.64,2025-12-13,
OPP03177,REP003,PRD15,Inbound,E.,Lead,1685.98,2026-02-14,
OPP03178,REP025,PRD12,Partner, North,Lead,146.06,03/29/2026,
OPP03179,REP005,PRD15,Outbound,central,Proposal,307.32,2025-10-15,
OPP03180,REP024,PRD15,Outbound,NORTH,Lead,758.23,2025-11-19,
OPP03181,REP017,PRD05,Partner,west,Closed Lost,104.38,07/30/2026,25-Aug-2026
OPP03182,REP035,PRD06,Referral,East,Lead,118.62,11-Mar-2026,
OPP03183,REP018,PRD09,Partner,CENTRAL,Qualified,554.25,2025-10-01,
OPP03184,REP036,PRD01,Referral,Central,Qualified,44.57,2026-04-03,
OPP03185,REP028,PRD11,Web Signup,south,Closed Lost,3966.97,2026-07-12,2026-08-21
OPP03186,REP026,PRD05,Outbound,EAST,Lead,947.62,2026-08-22,
OPP03187,REP036,PRD13,Referral,Central,Qualified,170.62,2026-02-11,
OPP03188,REP027,PRD08,Inbound,E.,Qualified,7706.31,28-May-2026,
OPP03189,REP013,PRD04,Outbound,Central,Proposal,122.87,07/13/2025,
OPP03190,REP018,PRD11,Inbound,Central ,Lead,226.1,2026-08-14,
OPP03191,REP038,PRD09,Referral,Centrl,Qualified,264.58,24-Sep-2025,
OPP03192,REP023,PRD05,Outbound,W.,Lead,728.86,23-Jul-2025,
OPP03193,REP007,PRD08,Inbound,east,Qualified,753.0,2026-04-25,
OPP03194,REP013,PRD13,Partner,Central,Qualified,639.96,2025-10-24,
OPP03195,REP008,PRD06,Outbound,E.,Proposal,365.53,2025-08-14,
OPP03196,REP040,PRD12,Referral,south,Closed Lost,115.54,2025-08-16,2025-11-01
OPP03197,REP019,PRD07,Outbound,North,Qualified,68.37,27-Jan-2026,
OPP03198,REP040,PRD10,Referral,SOUTH,Qualified,50.34,11/06/2025,
OPP03199,REP011,PRD08,Outbound,west,Closed Won,2075.93,2026-02-11,05/19/2026
OPP03200,REP010,PRD04,Outbound,Centrl,Closed Won,94.63,10/25/2025,2025-11-18
OPP03201,REP014,PRD06,Outbound,SOUTH,Proposal,97.82,18-Feb-2026,
OPP03202,REP015,PRD09,Inbound,W.,Proposal,976.25,2025-12-09,
OPP03203,REP015,PRD10,Partner,WEST,Qualified,87.4,08/28/2026,
OPP03204,REP004,PRD09,Web Signup,Centrl,Lead,194.5,2025-07-29,
OPP03205,REP034,PRD09,Inbound,N.,Qualified,155.86,2026-04-08,
OPP03206,REP020,PRD07,Inbound,WEST,Qualified,29.82,06/20/2026,
OPP03207,REP020,PRD04,Outbound,west ,Lead,115.29,2025-09-21,
OPP03208,REP027,PRD10,Web Signup,E.,Closed Lost,3.26,2025-12-25,2026-09-02
OPP03209,REP014,PRD08,Outbound,SOUTH,Qualified,2518.83,2026-05-02,
OPP03210,REP037,PRD06,Partner,east,Qualified,302.14,2026-01-04,
OPP03211,REP017,PRD11,Inbound,WEST,Qualified,5543.59,2026-08-04,
OPP03212,REP030,PRD08,Inbound,W.,Lead,841.64,2026-02-12,
OPP03213,REP016,PRD08,Inbound,South ,Proposal,5005.12,2025-08-09,
OPP03214,REP018,PRD02,Referral,Central,Lead,540.58,2026-04-26,
OPP03215,REP007,PRD05,Partner,east,Qualified,723.33,2026-05-01,
OPP03216,REP024,PRD14,Inbound,north,Closed Won,39.81,05/23/2026,2026-07-22
OPP03217,REP013,PRD08,Inbound,CENTRAL,Lead,1146.93,2025-08-14,
OPP03218,REP022,PRD14,Referral,Central ,Qualified,50.26,2025-07-14,
OPP03219,REP011,PRD12,Outbound,,Lead,180.57,2026-01-15,
OPP03220,REP010,PRD12,Inbound,central,Qualified,397.76,2025-12-08,
OPP03221,REP035,PRD03,Outbound,east,Qualified,114.16,06/13/2026,
OPP03222,REP008,PRD01,Inbound,East,Closed Won,176.61,2025-12-26,08/29/2026
OPP03223,REP038,PRD03,Referral,Central ,Qualified,141.45,2026-04-15,
OPP03224,REP037,PRD15,Web Signup,East,Lead,1286.55,2026-09-01,
OPP03225,REP035,PRD03,Inbound,E.,Qualified,445.55,12/03/2025,
OPP03226,REP034,PRD15,Web Signup,N.,Closed Lost,839.07,2025-12-01,25-Mar-2026
OPP03227,REP034,PRD08,Inbound,N.,Lead,5949.61,06/17/2026,
OPP03228,REP021,PRD04,Web Signup,South ,Qualified,56.06,11/18/2025,
OPP03229,REP020,PRD03,Partner,west ,Closed Won,89.56,2025-08-30,2025-11-10
OPP03230,REP013,PRD01,Referral,Central,Closed Won,61.63,2025-11-15,2026-08-27
OPP03231,REP022,PRD03,Referral,Central,Qualified,540.63,08/07/2026,
OPP03232,REP006,PRD14,Referral,S.,Qualified,194.46,04-Oct-2025,
OPP03233,REP037,PRD05,Outbound,East,Qualified,236.13,2026-04-22,
OPP03234,REP007,PRD13,Partner,East,Lead,167.2,2025-08-04,
OPP03235,REP037,PRD11,Inbound,E.,Qualified,2202.32,2026-06-01,
OPP03236,REP007,PRD06,Inbound,east,Qualified,197.04,2026-02-05,
OPP03237,REP007,PRD07,Outbound,E.,Qualified,168.14,2026-01-25,
OPP03238,REP025,PRD10,Web Signup,NORTH,Proposal,83.37,10/13/2025,
OPP03239,REP015,PRD09,Referral,West,Proposal,733.39,2025-11-05,
OPP03240,REP033,PRD08,Outbound,west ,Closed Won,3194.67,01/18/2026,2026-01-20
OPP03241,REP037,PRD08,Web Signup,east,Lead,2247.98,2026-03-17,
OPP03242,REP023,PRD09,Referral,WEST,Lead,611.62,2026-07-01,
OPP03243,REP006,PRD07,Outbound,,Closed Lost,69.45,2025-11-01,16-Nov-2025
OPP03244,REP004,PRD14,Inbound,Central ,Proposal,175.29,10/31/2025,
OPP03245,REP022,PRD14,Inbound,CENTRAL,Qualified,78.54,2026-03-11,
OPP03246,REP001,PRD01,Outbound,west,Proposal,81.64,08/12/2025,
OPP03247,REP006,PRD12,Partner,SOUTH,Qualified,199.06,02/22/2026,
OPP03248,REP002,PRD05,Web Signup,,Lead,480.45,20-Jul-2026,
OPP03249,REP027,PRD15,Outbound,east,Closed Lost,1188.51,2026-04-08,22-Apr-2026
OPP03250,REP021,PRD07,Referral,S.,Lead,62.86,2026-03-07,
OPP03251,REP003,PRD15,Outbound,East,Lead,1071.9,2026-08-16,
OPP03252,REP003,PRD03,Inbound,EAST,Lead,379.35,21-Dec-2025,
OPP03253,REP010,PRD09,Inbound,Central ,Proposal,692.54,11/23/2025,
OPP03254,REP035,PRD11,Partner,East,Closed Won,2920.34,2026-08-12,2026-08-13
OPP03255,REP002,PRD12,Inbound,Central ,Closed Lost,416.58,2026-07-31,07-Aug-2026
OPP03256,REP016,PRD12,Inbound,S.,Qualified,510.17,23-May-2026,
OPP03257,REP010,PRD06,Outbound,central,Lead,454.03,29-Aug-2026,
OPP03258,REP032,PRD02,Outbound,W.,Closed Lost,44.15,2026-08-25,08/29/2026
OPP03259,REP001,PRD02,Outbound,west,Lead,79.83,09/13/2025,
OPP03260,REP008,PRD09,Outbound,E.,Qualified,159.04,01-Apr-2026,
OPP03261,REP032,PRD01,Outbound,west,Proposal,145.91,2025-12-22,
OPP03262,REP032,PRD08,Outbound,West,Qualified,1177.77,12/16/2025,
OPP03263,REP005,PRD10,Partner,CENTRAL,Qualified,27.76,2026-03-18,
OPP03264,REP003,PRD14,Outbound,E.,Closed Lost,136.62,2026-03-18,05/27/2026
OPP03265,REP007,PRD15,Inbound,east,Proposal,4122.61,02/17/2026,
OPP03266,REP022,PRD09,Inbound,Centrl,Closed Won,398.63,2025-12-20,2026-08-17
OPP03267,REP030,PRD07,Partner,west ,Lead,224.91,08/20/2026,
OPP03268,REP026,PRD05,Web Signup,E.,Lead,882.63,07/07/2026,
OPP03269,REP011,PRD10,Outbound,west,Closed Lost,125.65,2025-07-10,2025-10-07
OPP03270,REP016,PRD14,Inbound,south,Qualified,27.71,03/29/2026,
OPP03271,REP008,PRD06,Referral,,Qualified,314.57,2026-06-15,
OPP03272,REP029,PRD03,Inbound,west,Lead,932.3,01/06/2026,
OPP03273,REP023,PRD09,Referral,W.,Lead,195.15,01/09/2026,
OPP03274,REP023,PRD11,Referral,west ,Lead,724.53,08/03/2025,
OPP03275,REP030,PRD04,Inbound,west,Lead,48.3,10-Mar-2026,
OPP03276,REP017,PRD09,Inbound,West,Proposal,446.29,2026-04-26,
OPP03277,REP018,PRD15,Outbound,CENTRAL,Qualified,1072.9,2025-09-30,
OPP03278,REP016,PRD02,Partner,SOUTH,Qualified,72.65,2026-04-29,
OPP03279,REP008,PRD10,Inbound,E.,Proposal,46.07,2026-01-19,
OPP03280,REP033,PRD04,Inbound,West,Proposal,107.68,2026-08-27,
OPP03281,REP017,PRD05,Referral,West,Lead,1379.23,2026-02-08,
OPP03282,REP008,PRD05,Outbound,EAST,Closed Won,356.3,2025-07-23,2026-08-28
OPP03283,REP028,PRD06,Referral,SOUTH,Lead,36.97,21-Apr-2026,
OPP03284,REP015,PRD10,Inbound,W.,Closed Lost,92.66,07-Aug-2026,2026-08-31
OPP03285,REP022,PRD03,Partner,Central ,Lead,129.9,2026-06-15,
OPP03286,REP018,PRD10,Inbound,central,Lead,118.51,07/17/2026,
OPP03287,REP010,PRD14,Outbound,CENTRAL,Qualified,61.65,2025-08-07,
OPP03288,REP040,PRD11,Inbound,South ,Proposal,2409.13,2026-02-19,
OPP03289,REP038,PRD02,Outbound,central,Lead,97.25,30-Nov-2025,
OPP03290,REP026,PRD14,Inbound,east,Lead,20.33,2026-03-09,
OPP03291,REP040,PRD14,Outbound,South,Proposal,128.92,07-Aug-2026,
OPP03292,REP012,PRD15,Outbound,east,Qualified,301.64,05-Sep-2025,
OPP03293,REP014,PRD02,Outbound,South ,Qualified,82.8,16-Sep-2025,
OPP03294,REP031,PRD09,Referral,east,Qualified,197.01,2025-11-11,
OPP03295,REP027,PRD06,Inbound,East,Qualified,164.84,2026-08-25,
OPP03296,REP022,PRD06,Outbound,Central,Proposal,184.62,2026-08-22,
OPP03297,REP008,PRD05,Inbound,E.,Lead,1300.67,07/09/2025,
OPP03298,REP019,PRD15,Referral,north,Lead,726.51,2025-08-23,
OPP03299,REP022,PRD12,Outbound,central,Proposal,66.29,14-Dec-2025,
OPP03300,REP031,PRD04,Outbound,East,Proposal,23.81,2025-12-16,
OPP03301,REP023,PRD12,Outbound,west ,Qualified,220.8,05/29/2026,
OPP03302,REP034,PRD12,Partner, North,Qualified,218.47,2025-09-22,
OPP03303,REP024,PRD05,Referral,,Qualified,1333.68,12/10/2025,
OPP03304,REP020,PRD15,Web Signup,west,Qualified,317.69,2026-08-25,
OPP03305,REP035,PRD12,Partner,E.,Proposal,209.86,2026-06-07,
OPP03306,REP036,PRD03,Outbound,Centrl,Qualified,763.57,2025-08-29,
OPP03307,REP037,PRD12,Outbound,East,Qualified,124.61,2025-10-31,
OPP03308,REP021,PRD05,Referral,South,Qualified,1180.54,07/22/2025,
OPP03309,REP013,PRD15,Referral,CENTRAL,Proposal,421.31,2026-06-25,
OPP03310,REP032,PRD14,Outbound,west ,Lead,311.6,2026-03-18,
OPP03311,REP005,PRD09,Partner,CENTRAL,Qualified,168.68,08/02/2025,
OPP03312,REP013,PRD02,Partner,CENTRAL,Closed Won,331.82,2025-09-09,2025-10-07
OPP03313,REP024,PRD11,Outbound,N.,Proposal,631.82,08/15/2025,
OPP03314,REP011,PRD03,Outbound,west ,Qualified,341.2,2025-11-19,
OPP03315,REP020,PRD05,Outbound,W.,Lead,96.8,01/15/2026,
OPP03316,REP010,PRD13,Inbound,Centrl,Proposal,78.41,2025-08-27,
OPP03317,REP020,PRD15,Inbound,W.,Lead,1185.16,2025-12-27,
OPP03318,REP003,PRD12,Outbound,east,Closed Won,321.94,2026-01-20,06/27/2026
OPP03319,REP011,PRD02,Outbound,west ,Proposal,189.13,2026-05-01,
OPP03320,REP003,PRD07,Outbound,,Qualified,50.46,19-Jun-2026,
OPP03321,REP018,PRD05,Web Signup,Central ,Lead,3296.25,2026-05-14,
OPP03322,REP013,PRD13,Partner,CENTRAL,Lead,259.47,2026-06-05,
OPP03323,REP026,PRD09,Inbound,EAST,Lead,481.18,03/06/2026,
OPP03324,REP001,PRD06,Outbound,west ,Closed Won,167.29,2025-07-17,2026-05-15
OPP03325,REP030,PRD02,Outbound,west,Qualified,86.19,2025-10-03,
OPP03326,REP016,PRD05,Inbound,S.,Closed Won,1248.28,2026-08-23,2026-08-23
OPP03327,REP025,PRD15,Inbound,North,Lead,249.77,2025-08-22,
OPP03328,REP001,PRD05,Partner,WEST,Qualified,814.35,08/08/2025,
OPP03329,REP011,PRD10,Inbound,west ,Proposal,50.02,2025-08-29,
OPP03330,REP006,PRD09,Partner,SOUTH,Qualified,513.85,2026-04-07,
OPP03331,REP002,PRD05,Inbound,central,Lead,0.0,07/29/2026,
OPP03332,REP033,PRD07,Partner,West,Lead,54.29,24-Sep-2025,
OPP03333,REP001,PRD13,Inbound,WEST,Closed Won,202.95,2026-02-14,11-Jun-2026
OPP03334,REP008,PRD08,Referral,E.,Closed Won,5420.12,09-Sep-2025,2025-12-27
OPP03335,REP028,PRD04,Web Signup,SOUTH,Proposal,39.7,2026-06-08,
OPP03336,REP013,PRD09,Referral,Central ,Proposal,48.48,2026-04-26,
OPP03337,REP020,PRD02,Inbound,west,Proposal,25.7,06-May-2026,
OPP03338,REP026,PRD04,Inbound,EAST,Qualified,24.55,2025-07-27,
OPP03339,REP030,PRD14,Outbound,West,Qualified,113.39,2026-07-07,
OPP03340,REP015,PRD15,Web Signup,W.,Qualified,1317.11,02-Nov-2025,
OPP03341,REP026,PRD02,Outbound,east,Qualified,77.45,2026-08-22,
OPP03342,REP020,PRD14,Outbound,W.,Qualified,105.9,2025-12-21,
OPP03343,REP008,PRD12,Outbound,,Closed Won,131.47,2025-10-17,2026-08-03
OPP03344,REP001,PRD06,Referral,WEST,Proposal,288.04,03-May-2026,
OPP03345,REP013,PRD05,Outbound,Central ,Qualified,1497.97,08/31/2026,
OPP03346,REP007,PRD11,Inbound,east,Closed Won,674.94,02/18/2026,2026-04-14
OPP03347,REP011,PRD03,Partner,W.,Closed Won,367.25,2026-02-20,2026-07-14
OPP03348,REP009,PRD04,Outbound,East,Closed Won,121.51,12-Jul-2025,10/29/2025
OPP03349,REP026,PRD14,Inbound,EAST,Lead,68.37,10/07/2025,
OPP03350,REP012,PRD11,Web Signup,East,Qualified,3094.96,2025-08-05,
OPP03351,REP021,PRD03,Referral,South ,Qualified,216.37,2025-07-07,
OPP03352,REP018,PRD15,Web Signup,central,Proposal,1166.87,06-May-2026,
OPP03353,REP037,PRD10,Outbound,east,Lead,37.9,2026-08-25,
OPP03354,REP013,PRD11,Outbound,CENTRAL,Proposal,1143.37,08-Sep-2025,
OPP03355,REP027,PRD14,Referral,east,Qualified,160.44,25-Feb-2026,
OPP03356,REP015,PRD04,Outbound,west ,Closed Won,7.23,2025-12-14,2026-04-26
OPP03357,REP030,PRD15,Inbound,WEST,Closed Lost,1013.91,2025-12-15,2026-05-24
OPP03358,REP018,PRD07,Web Signup,Centrl,Qualified,38.18,06-Aug-2026,
OPP03359,REP009,PRD01,Inbound,EAST,Proposal,25.49,2025-10-22,
OPP03360,REP017,PRD02,Referral,west,Lead,322.42,11/06/2025,
OPP03361,REP030,PRD11,Inbound,WEST,Closed Won,1027.04,2025-11-23,2026-02-16
OPP03362,REP010,PRD11,Inbound,Central ,Qualified,1418.82,2026-01-16,
OPP03363,REP033,PRD13,Partner,W.,Qualified,161.44,12/01/2025,
OPP03364,REP006,PRD12,Web Signup,South,Lead,915.27,2025-10-01,
OPP03365,REP015,PRD02,Referral,W.,Lead,468.8,2025-11-21,
OPP03366,REP034,PRD03,Outbound,,Qualified,154.42,08/15/2025,
OPP03367,REP037,PRD11,Outbound,EAST,Proposal,482.05,06/27/2026,
OPP03368,REP027,PRD15,Referral,,Closed Lost,591.54,2025-08-29,2025-12-19
OPP03369,REP001,PRD01,Outbound,west ,Proposal,14.2,2025-08-25,
OPP03370,REP010,PRD15,Outbound,Central,Closed Lost,1362.4,2026-01-14,2026-02-21
OPP03371,REP036,PRD10,Outbound,CENTRAL,Qualified,36.51,04-Dec-2025,
OPP03372,REP036,PRD07,Inbound,Central ,Proposal,56.78,2026-07-17,
OPP03373,REP039,PRD02,Inbound,North,Proposal,235.73,03/17/2026,
OPP03374,REP003,PRD11,Inbound,East,Lead,2784.95,07-Apr-2026,
OPP03375,REP032,PRD07,Partner,West,Qualified,31.28,11-Oct-2025,
OPP03376,REP040,PRD06,Web Signup,S.,Lead,93.1,2026-01-02,
OPP03377,REP017,PRD10,Referral,West,Lead,55.31,2025-09-19,
OPP03378,REP013,PRD12,Inbound,central,Qualified,479.37,10-Feb-2026,
OPP03379,REP007,PRD11,Inbound,EAST,Qualified,2431.59,2025-08-27,
OPP03380,REP017,PRD05,Partner,west,Closed Won,656.41,01-Dec-2025,2026-04-03
OPP03381,REP019,PRD11,Outbound,NORTH,Lead,2430.68,2026-07-16,
OPP03382,REP024,PRD15,Outbound,NORTH,Lead,1699.87,2026-06-19,
OPP03383,REP030,PRD10,Inbound,W.,Closed Won,35.1,2026-03-16,2026-07-13
OPP03384,REP001,PRD12,Inbound,west ,Lead,79.44,2026-02-26,
OPP03385,REP032,PRD14,Inbound,West,Qualified,219.22,10/30/2025,
OPP03386,REP018,PRD01,Inbound,central,Qualified,27.16,04/13/2026,
OPP03387,REP013,PRD07,Outbound,CENTRAL,Qualified,154.36,2026-03-06,
OPP03388,REP006,PRD09,Referral,South,Qualified,134.01,2026-06-01,
OPP03389,REP018,PRD07,Referral,central,Lead,120.77,2025-11-11,
OPP03390,REP035,PRD11,Outbound,East,Proposal,903.34,2025-07-07,
OPP03391,REP035,PRD13,Referral,E.,Closed Lost,289.56,2026-03-04,2026-04-20
OPP03392,REP037,PRD15,Referral,east,Qualified,2186.05,12/23/2025,
OPP03393,REP038,PRD08,Referral,central,Lead,605.68,2026-06-07,
OPP03394,REP010,PRD06,Partner,Central,Qualified,499.29,2026-02-03,
OPP03395,REP029,PRD10,Outbound,West,Closed Lost,14.49,2026-04-09,2026-05-05
OPP03396,REP039,PRD03,Outbound, North,Qualified,117.54,2026-03-18,
OPP03397,REP001,PRD03,Inbound,W.,Lead,189.88,2026-07-11,
OPP03398,REP002,PRD02,Referral,CENTRAL,Closed Lost,273.54,28-Jun-2026,2026-08-10
OPP03399,REP033,PRD06,Partner,west ,Qualified,1058.11,2026-04-08,
OPP03400,REP017,PRD03,Partner,west,Lead,561.02,2026-02-26,
OPP03401,REP036,PRD07,Referral,central,Qualified,136.17,2026-07-17,
OPP03402,REP014,PRD05,Referral,south,Closed Lost,830.14,09/26/2025,03-Dec-2025
OPP03403,REP040,PRD13,Referral,South,Proposal,195.86,2025-09-05,
OPP03404,REP026,PRD11,Outbound,east,Proposal,807.4,2026-02-06,
OPP03405,REP032,PRD11,Inbound,west,Lead,1512.1,2025-10-20,
OPP03406,REP025,PRD06,Inbound,north,Lead,396.42,2026-08-26,
OPP03407,REP028,PRD10,Outbound,SOUTH,Qualified,26.41,03-Dec-2025,
OPP03408,REP014,PRD08,Referral,S.,Qualified,599.79,01/24/2026,
OPP03409,REP023,PRD01,Referral,West,Proposal,63.44,2025-09-01,
OPP03410,REP040,PRD13,Outbound,South,Proposal,23.05,08/31/2025,
OPP03411,REP016,PRD02,Inbound,S.,Closed Won,127.86,2025-07-18,08/15/2026
OPP03412,REP016,PRD08,Inbound,SOUTH,Lead,232.37,28-Jul-2025,
OPP03413,REP006,PRD13,Web Signup,south,Proposal,88.34,2026-05-14,
OPP03414,REP016,PRD04,Web Signup,South ,Closed Lost,117.66,2025-12-16,2025-12-30
OPP03415,REP033,PRD06,Web Signup,West,Lead,386.67,01/22/2026,
OPP03416,REP034,PRD07,Outbound,N.,Closed Won,69.13,2026-08-30,2026-09-02
OPP03417,REP033,PRD04,Inbound,west,Qualified,47.66,2026-07-05,
OPP03418,REP037,PRD13,Inbound,EAST,Proposal,213.14,2025-10-27,
OPP03419,REP026,PRD14,Partner,East,Lead,44.07,2026-04-14,
OPP03420,REP036,PRD08,Web Signup,central,Lead,6391.56,05/04/2026,
OPP03421,REP039,PRD09,Inbound,north,Closed Won,515.93,2025-12-24,2026-08-09
OPP03422,REP002,PRD06,Inbound,central,Proposal,910.78,15-Feb-2026,
OPP03423,REP004,PRD13,Inbound,central,Proposal,302.36,10/15/2025,
OPP03424,REP012,PRD06,Partner,east,Lead,1060.81,2026-06-29,
OPP03425,REP028,PRD13,Outbound,S.,Closed Lost,30.6,2026-07-28,08/21/2026
OPP03426,REP035,PRD15,Inbound,east,Qualified,1239.55,12-Sep-2025,
OPP03427,REP037,PRD13,Inbound,East,Lead,210.91,05/08/2026,
OPP03428,REP034,PRD07,Referral,north,Qualified,8.91,12-Apr-2026,
OPP03429,REP014,PRD06,Partner,South,Proposal,70.33,2026-07-29,
OPP03430,REP003,PRD05,Referral,east,Lead,777.27,2025-07-12,
OPP03431,REP003,PRD09,Web Signup,East,Qualified,364.77,2026-01-05,
OPP03432,REP025,PRD04,Inbound,North,Lead,194.79,11/09/2025,
OPP03433,REP010,PRD11,Outbound,central,Proposal,439.52,07-Aug-2026,
OPP03434,REP019,PRD01,Inbound,N.,Proposal,6.56,2025-10-21,
OPP03435,REP016,PRD13,Outbound,S.,Lead,194.1,2026-06-15,
OPP03436,REP026,PRD14,Web Signup,E.,Closed Won,103.03,04-Nov-2025,2026-01-12
OPP03437,REP011,PRD08,Outbound,WEST,Qualified,627.05,2025-10-25,
OPP03438,REP037,PRD04,Partner,East,Lead,49.19,2026-07-14,
OPP03439,REP014,PRD14,Inbound,South ,Proposal,28.11,04/08/2026,
OPP03440,REP010,PRD15,Outbound,CENTRAL,Qualified,1817.81,08/04/2025,
OPP03441,REP029,PRD03,Web Signup,west,Qualified,479.07,2025-12-20,
OPP03442,REP001,PRD15,Outbound,west,Lead,167.91,2026-07-17,
OPP03443,REP030,PRD05,Web Signup,WEST,Proposal,2413.26,31-Dec-2025,
OPP03444,REP004,PRD14,Outbound,Central,Proposal,248.17,08/21/2025,
OPP03445,REP011,PRD11,Inbound,west ,Proposal,650.62,01/25/2026,
OPP03446,REP021,PRD14,Outbound,South,Qualified,117.93,04/16/2026,
OPP03447,REP001,PRD14,Inbound,WEST,Proposal,60.94,01-Jan-2026,
OPP03448,REP023,PRD01,Outbound,W.,Qualified,63.11,2025-08-06,
OPP03449,REP003,PRD06,Inbound,east,Qualified,634.67,12/11/2025,
OPP03450,REP027,PRD12,Web Signup,east,Closed Lost,534.86,10-Aug-2026,09/01/2026
OPP03451,REP032,PRD15,Web Signup,west,Closed Lost,1211.78,10-Apr-2026,2026-06-24
OPP03452,REP007,PRD07,Web Signup,EAST,Closed Won,107.42,07/03/2026,2026-08-16
OPP03453,REP008,PRD06,Outbound,EAST,Closed Lost,37.41,09-Aug-2025,09/08/2025
OPP03454,REP039,PRD02,Outbound,N.,Proposal,73.97,2026-03-12,
OPP03455,REP008,PRD10,Inbound,EAST,Qualified,130.88,09/22/2025,
OPP03456,REP025,PRD05,Inbound,north,Proposal,746.23,2026-08-12,
OPP03457,REP009,PRD08,Inbound,EAST,Qualified,1467.79,2026-02-01,
OPP03458,REP032,PRD11,Outbound,West,Proposal,2244.18,2026-01-24,
OPP03459,REP019,PRD11,Inbound,NORTH,Qualified,963.12,2026-08-30,
OPP03460,REP006,PRD11,Partner,South ,Lead,384.92,16-Nov-2025,
OPP03461,REP027,PRD04,Partner,E.,Qualified,46.6,2026-04-22,
OPP03462,REP031,PRD12,Referral,E.,Closed Won,312.44,2026-04-24,2026-07-03
OPP03463,REP016,PRD01,Referral,,Closed Lost,58.63,02-Sep-2025,2026-03-21
OPP03464,REP023,PRD01,Inbound,West,Proposal,42.08,2026-01-15,
OPP03465,REP030,PRD05,Inbound,WEST,Lead,526.01,04/22/2026,
OPP03466,REP031,PRD11,Inbound,E.,Qualified,2320.19,12/24/2025,
OPP03467,REP040,PRD10,Outbound,South,Lead,49.88,2026-08-09,
OPP03468,REP033,PRD01,Referral,West,Qualified,88.9,15-May-2026,
OPP03469,REP033,PRD05,Referral,West,Lead,876.21,2026-04-04,
OPP03470,REP001,PRD01,Inbound,West,Closed Won,20.72,2026-03-28,06/30/2026
OPP03471,REP023,PRD03,Outbound,WEST,Lead,1530.21,2026-07-13,
OPP03472,REP015,PRD01,Inbound,west,Lead,107.25,2025-07-09,
OPP03473,REP036,PRD05,Inbound,Centrl,Qualified,451.19,2026-07-28,
OPP03474,REP021,PRD04,Outbound,South,Closed Won,46.09,10/19/2025,2026-04-07
OPP03475,REP032,PRD04,Partner,W.,Closed Won,7.16,2025-11-09,2026-02-06
OPP03476,REP034,PRD15,Outbound,north,Closed Lost,2943.78,2025-09-01,2026-03-19
OPP03477,REP031,PRD10,Inbound,EAST,Qualified,15.0,02/07/2026,
OPP03478,REP024,PRD14,Outbound,NORTH,Lead,107.99,2025-12-15,
OPP03479,REP032,PRD08,Web Signup,,Lead,1212.34,28-Oct-2025,
OPP03480,REP031,PRD08,Web Signup,East,Proposal,964.23,2025-11-26,
OPP03481,REP008,PRD04,Partner,East,Lead,76.2,2025-11-03,
OPP03482,REP018,PRD09,Inbound,Central,Lead,467.75,04/11/2026,
OPP03483,REP036,PRD07,Outbound,Central,Proposal,41.11,2025-10-03,
OPP03484,REP025,PRD15,Referral,N.,Proposal,1720.85,12/29/2025,
OPP03485,REP029,PRD02,Inbound,west,Lead,29.32,22-May-2026,
OPP03486,REP016,PRD02,Inbound,S.,Proposal,32.46,03/17/2026,
OPP03487,REP034,PRD14,Outbound,NORTH,Qualified,89.19,09/30/2025,
OPP03488,REP022,PRD10,Inbound,central,Lead,30.96,2026-07-13,
OPP03489,REP013,PRD11,Inbound,Central ,Lead,2830.46,2026-07-10,
OPP03490,REP008,PRD14,Web Signup,,Proposal,87.29,2026-07-11,
OPP03491,REP001,PRD04,Inbound,west,Lead,14.78,12/14/2025,
OPP03492,REP018,PRD05,Partner,Central ,Closed Won,282.58,2025-11-06,2026-07-15
OPP03493,REP017,PRD07,Outbound,W.,Qualified,83.35,2026-05-19,
OPP03494,REP022,PRD05,Inbound,Central,Qualified,332.88,07/21/2025,
OPP03495,REP001,PRD14,Inbound,West,Closed Won,73.46,2026-01-09,2026-01-25
OPP03496,REP025,PRD15,Outbound, North,Lead,3716.51,2025-10-11,
OPP03497,REP036,PRD15,Partner,central,Qualified,892.83,11/06/2025,
OPP03498,REP025,PRD06,Referral,N.,Qualified,220.19,16-Oct-2025,
OPP03499,REP014,PRD03,Referral,S.,Closed Lost,1240.47,2026-08-06,2026-08-07
OPP03500,REP029,PRD04,Web Signup,west,Closed Won,167.55,26-Oct-2025,16-Nov-2025
OPP03501,REP031,PRD05,Inbound,East,Proposal,2282.85,11/10/2025,
OPP03502,REP003,PRD08,Web Signup,EAST,Lead,5145.9,2026-01-20,
OPP03503,REP008,PRD03,Web Signup,east,Lead,286.43,2025-11-20,
OPP03504,REP036,PRD15,Outbound,Central ,Qualified,49.63,09-Aug-2026,
OPP03505,REP039,PRD07,Partner,N.,Lead,253.81,2026-05-14,
OPP03506,REP011,PRD13,Outbound,west,Proposal,192.27,2025-07-18,
OPP03507,REP013,PRD14,Referral,Centrl,Closed Won,63.47,2026-02-09,03/14/2026
OPP03508,REP006,PRD11,Inbound,South ,Proposal,1981.86,19-Dec-2025,
OPP03509,REP030,PRD05,Inbound,West,Lead,945.33,17-Jun-2026,
OPP03510,REP030,PRD15,Referral,West,Lead,1315.43,2026-07-05,
OPP03511,REP021,PRD02,Referral,S.,Closed Lost,106.86,07/13/2026,2026-07-29
OPP03512,REP010,PRD08,Inbound,CENTRAL,Proposal,1295.66,2025-12-21,
OPP03513,REP024,PRD11,Web Signup,North,Qualified,946.57,2026-05-19,
OPP03514,REP010,PRD07,Outbound,Central ,Lead,138.36,10/22/2025,
OPP03515,REP037,PRD12,Web Signup,East,Proposal,234.67,2025-11-22,
OPP03516,REP004,PRD03,Inbound,Centrl,Proposal,682.85,2026-08-04,
OPP03517,REP031,PRD04,Inbound,East,Lead,151.17,01/25/2026,
OPP03518,REP027,PRD10,Outbound,East,Proposal,20.54,2025-11-11,
OPP03519,REP028,PRD02,Outbound,South,Proposal,302.18,2026-03-27,
OPP03520,REP026,PRD15,Referral,E.,Closed Lost,538.04,21-Jun-2026,08/17/2026
OPP03521,REP001,PRD01,Outbound,West,Proposal,35.54,2025-08-26,
OPP03522,REP007,PRD01,Inbound,E.,Lead,73.99,29-Dec-2025,
OPP03523,REP001,PRD04,Outbound,west,Qualified,71.3,2026-04-23,
OPP03524,REP003,PRD02,Referral,,Qualified,50.43,29-Apr-2026,
OPP03525,REP033,PRD08,Outbound,W.,Closed Lost,946.94,10/14/2025,2025-11-25
OPP03526,REP021,PRD10,Inbound,South ,Proposal,11.07,16-Jul-2025,
OPP03527,REP007,PRD11,Referral,East,Proposal,1688.61,12/08/2025,
OPP03528,REP010,PRD10,Outbound,,Lead,79.05,2026-08-14,
OPP03529,REP014,PRD05,Outbound,south,Qualified,1773.73,2026-07-30,
OPP03530,REP011,PRD10,Outbound,West,Lead,50.71,05/26/2026,
OPP03531,REP026,PRD15,Inbound,E.,Proposal,2700.53,10/28/2025,
OPP03532,REP038,PRD05,Inbound,central,Proposal,1046.17,2025-09-16,
OPP03533,REP017,PRD14,Outbound,W.,Lead,198.51,2025-11-18,
OPP03534,REP032,PRD07,Outbound,WEST,Closed Lost,39.36,08-Jul-2026,2026-07-11
OPP03535,REP004,PRD12,Outbound,Central,Proposal,185.51,2026-08-20,
OPP03536,REP037,PRD09,Web Signup,EAST,Closed Won,351.47,07/29/2026,2026-08-03
OPP03537,REP022,PRD06,Outbound,Central ,Proposal,393.9,2025-09-14,
OPP03538,REP006,PRD06,Partner,South ,Qualified,117.31,07/13/2026,
OPP03539,REP037,PRD10,Outbound,east,Qualified,59.85,2025-10-13,
OPP03540,REP019,PRD03,Partner,,Qualified,196.18,2026-08-26,
OPP03541,REP003,PRD10,Partner,east,Lead,42.31,2025-07-04,
OPP03542,REP033,PRD08,Inbound,WEST,Closed Lost,2739.33,04-Jun-2026,07/24/2026
OPP03543,REP010,PRD03,Partner,Centrl,Lead,1033.33,2026-05-26,
OPP03544,REP030,PRD05,Partner,WEST,Lead,1815.09,04/17/2026,
OPP03545,REP009,PRD08,Outbound,east,Lead,2844.85,2025-08-06,
OPP03546,REP023,PRD14,Web Signup,west ,Lead,88.87,2026-08-19,
OPP03547,REP023,PRD02,Inbound,west ,Closed Lost,76.03,2026-06-02,06/24/2026
OPP03548,REP014,PRD15,Inbound,south,Qualified,198.99,2026-07-13,
OPP03549,REP010,PRD13,Outbound,,Lead,111.07,04/26/2026,
OPP03550,REP013,PRD05,Partner,central,Qualified,806.33,2026-04-02,
OPP03551,REP028,PRD04,Inbound,S.,Qualified,35.39,09/17/2025,
OPP03552,REP008,PRD07,Inbound,EAST,Qualified,393.78,2026-05-30,
OPP03553,REP011,PRD04,Partner,west ,Proposal,3.59,2025-10-15,
OPP03554,REP013,PRD13,Outbound,Central,Closed Lost,150.86,2026-01-17,2026-07-21
OPP03555,REP030,PRD06,Inbound,W.,Qualified,500.33,2025-12-31,
OPP03556,REP029,PRD10,Partner,west,Lead,32.4,2025-09-07,
OPP03557,REP026,PRD01,Referral,EAST,Proposal,102.82,2026-02-09,
OPP03558,REP001,PRD04,Inbound,West,Qualified,58.11,08/30/2026,
OPP03559,REP007,PRD04,Inbound,east,Lead,4.76,05/17/2026,
OPP03560,REP004,PRD13,Outbound,Centrl,Closed Won,269.5,20-Jan-2026,2026-04-03
OPP03561,REP024,PRD04,Outbound,N.,Proposal,140.38,08-Jul-2025,
OPP03562,REP007,PRD04,Referral,east,Proposal,303.73,09-Jul-2025,
OPP03563,REP032,PRD04,Partner,WEST,Lead,68.79,08/13/2026,
OPP03564,REP026,PRD10,Partner,EAST,Proposal,105.83,2025-10-03,
OPP03565,REP020,PRD05,Inbound,W.,Closed Won,326.12,2026-08-11,08/11/2026
OPP03566,REP007,PRD03,Web Signup,E.,Proposal,534.18,2026-04-21,
OPP03567,REP015,PRD11,Outbound,WEST,Lead,677.86,2025-12-10,
OPP03568,REP009,PRD01,Outbound,E.,Lead,62.59,03/06/2026,
OPP03569,REP024,PRD09,Partner,NORTH,Qualified,291.92,05/17/2026,
OPP03570,REP025,PRD01,Outbound, North,Qualified,74.0,11-Apr-2026,
OPP03571,REP021,PRD05,Inbound,S.,Closed Lost,555.88,2025-09-24,2025-11-23
OPP03572,REP029,PRD11,Web Signup,,Closed Won,59.14,2026-05-30,2026-08-01
OPP03573,REP011,PRD12,Inbound,WEST,Lead,302.61,17-Jan-2026,
OPP03574,REP017,PRD11,Inbound,WEST,Closed Lost,2008.72,2026-01-22,2026-08-18
OPP03575,REP024,PRD14,Partner,north,Proposal,82.59,2026-05-28,
OPP03576,REP029,PRD04,Web Signup,west,Qualified,112.45,2026-04-14,
OPP03577,REP002,PRD15,Outbound,Central,Lead,350.28,2026-02-03,
OPP03578,REP035,PRD15,Inbound,EAST,Qualified,2240.83,2026-05-08,
OPP03579,REP009,PRD11,Outbound,E.,Closed Lost,1514.64,12/09/2025,2026-05-18
OPP03580,REP039,PRD07,Inbound,N.,Lead,114.04,07/13/2026,
OPP03581,REP003,PRD13,Outbound,East,Proposal,43.14,2025-11-19,
OPP03582,REP023,PRD10,Web Signup,west,Qualified,46.8,17-Apr-2026,
OPP03583,REP011,PRD11,Referral,W.,Qualified,2213.17,2026-07-14,
OPP03584,REP017,PRD11,Outbound,west,Proposal,2277.56,2026-01-17,
OPP03585,REP040,PRD07,Web Signup,South ,Closed Won,35.42,02/27/2026,06/19/2026
OPP03586,REP031,PRD12,Referral,east,Proposal,609.95,28-Mar-2026,
OPP03587,REP025,PRD03,Web Signup,NORTH,Lead,1190.2,2026-05-09,
OPP03588,REP007,PRD03,Inbound,EAST,Closed Lost,293.0,10/19/2025,2026-07-02
OPP03589,REP039,PRD15,Outbound,N.,Qualified,2537.35,10/04/2025,
OPP03590,REP009,PRD12,Inbound,East,Lead,825.56,12/29/2025,
OPP03591,REP018,PRD11,Inbound,CENTRAL,Lead,305.12,2026-06-15,
OPP03592,REP016,PRD04,Inbound,S.,Closed Lost,27.14,2025-11-06,12/14/2025
OPP03593,REP028,PRD09,Inbound,South,Proposal,218.55,2025-12-17,
OPP03594,REP036,PRD07,Partner,CENTRAL,Lead,37.81,2026-08-02,
OPP03595,REP004,PRD04,Referral,Central ,Qualified,40.17,05/11/2026,
OPP03596,REP040,PRD13,Outbound,south,Lead,66.42,2026-03-23,
OPP03597,REP002,PRD14,Inbound,central,Proposal,65.65,2025-08-13,
OPP03598,REP012,PRD11,Inbound,East,Qualified,707.85,2025-11-05,
OPP03599,REP022,PRD05,Referral,Central ,Qualified,613.11,2026-05-02,
OPP03600,REP027,PRD07,Inbound,East,Lead,116.09,08-Jul-2025,
OPP03601,REP013,PRD13,Web Signup,central,Lead,183.95,2025-09-12,
OPP03602,REP035,PRD10,Web Signup,EAST,Proposal,44.57,10/24/2025,
OPP03603,REP038,PRD08,Outbound,Central,Qualified,3583.92,2026-07-05,
OPP03604,REP024,PRD13,Outbound,N.,Qualified,143.97,06/07/2026,
OPP03605,REP007,PRD14,Inbound,East,Lead,207.17,2025-09-10,
OPP03606,REP006,PRD14,Partner,S.,Proposal,71.04,08/22/2025,
OPP03607,REP028,PRD05,Inbound,S.,Closed Lost,929.38,01/24/2026,2026-04-20
OPP03608,REP031,PRD03,Outbound,east,Qualified,127.84,2026-04-18,
OPP03609,REP012,PRD02,Inbound,East,Lead,127.08,2025-09-04,
OPP03610,REP026,PRD15,Outbound,EAST,Closed Won,231.33,2025-08-02,2026-05-27
OPP03611,REP006,PRD10,Referral,S.,Proposal,22.14,05/11/2026,
OPP03612,REP018,PRD14,Outbound,CENTRAL,Lead,194.96,2026-08-12,
OPP03613,REP017,PRD01,Outbound,west,Lead,69.54,2026-02-11,
OPP03614,REP021,PRD08,Web Signup,South ,Lead,201.96,08/17/2025,
OPP03615,REP008,PRD14,Inbound,E.,Proposal,52.44,2025-11-17,
OPP03616,REP017,PRD04,Inbound,west,Lead,41.2,2026-07-22,
OPP03617,REP032,PRD10,Web Signup,west,Qualified,6.71,06/09/2026,
OPP03618,REP018,PRD11,Outbound,central,Closed Won,1528.18,2025-07-12,2025-12-15
OPP03619,REP010,PRD05,Inbound,Centrl,Lead,1406.58,2026-08-10,
OPP03620,REP021,PRD09,Outbound,South ,Lead,101.23,2026-02-11,
OPP03621,REP035,PRD13,Inbound,east,Closed Lost,90.02,12/02/2025,2025-12-15
OPP03622,REP011,PRD03,Inbound,west,Lead,53.23,2026-08-04,
OPP03623,REP023,PRD02,Referral,west ,Lead,65.73,2026-08-08,
OPP03624,REP031,PRD13,Partner,East,Lead,170.56,2025-12-30,
OPP03625,REP007,PRD01,Inbound,east,Lead,44.6,11/12/2025,
OPP03626,REP037,PRD08,Inbound,east,Lead,3204.78,2025-08-01,
OPP03627,REP008,PRD11,Outbound,EAST,Closed Lost,206.4,2026-04-09,25-May-2026
OPP03628,REP026,PRD15,Partner,E.,Lead,2359.49,2025-07-04,
OPP03629,REP022,PRD05,Partner,Central,Closed Won,717.52,2025-11-03,2025-12-06
OPP03630,REP038,PRD03,Referral,Centrl,Closed Lost,268.16,2026-02-03,2026-07-08
OPP03631,REP025,PRD04,Web Signup,,Lead,50.73,04/04/2026,
OPP03632,REP003,PRD11,Inbound,E.,Proposal,414.27,2026-05-06,
OPP03633,REP024,PRD09,Outbound,NORTH,Lead,296.25,05/14/2026,
OPP03634,REP029,PRD12,Inbound,W.,Lead,243.36,12/06/2025,
OPP03635,REP013,PRD06,Inbound,central,Lead,258.43,2026-08-10,
OPP03636,REP030,PRD08,Inbound,W.,Qualified,1556.55,07/15/2025,
OPP03637,REP011,PRD08,Inbound,,Closed Lost,818.29,08/26/2025,2026-08-17
OPP03638,REP037,PRD07,Outbound,East,Closed Won,248.37,2025-09-12,2026-04-13
OPP03639,REP031,PRD13,Referral,East,Qualified,92.84,2026-02-09,
OPP03640,REP006,PRD02,Outbound,S.,Lead,212.07,2026-03-31,
OPP03641,REP019,PRD15,Partner, North,Lead,1573.52,2026-03-30,
OPP03642,REP021,PRD06,Inbound,South ,Lead,279.3,2026-02-03,
OPP03643,REP032,PRD14,Inbound,west,Lead,44.12,12/26/2025,
OPP03644,REP013,PRD10,Inbound,central,Lead,16.94,2025-12-02,
OPP03645,REP004,PRD15,Web Signup,Central,Lead,853.05,2026-06-22,
OPP03646,REP016,PRD12,Web Signup,South ,Lead,35.32,13-May-2026,
OPP03647,REP016,PRD01,Inbound,south,Qualified,0.0,07-Jul-2025,
OPP03648,REP016,PRD07,Inbound,South ,Closed Lost,77.05,01/22/2026,2026-03-30
OPP03649,REP017,PRD12,Outbound,W.,Qualified,48.26,05/16/2026,
OPP03650,REP015,PRD11,Inbound,west ,Qualified,153.3,01-Aug-2026,
OPP03651,REP013,PRD12,Web Signup,Centrl,Closed Won,518.3,09/24/2025,28-Apr-2026
OPP03652,REP013,PRD07,Inbound,Central,Lead,23.07,2025-08-29,
OPP03653,REP016,PRD10,Inbound,S.,Lead,27.01,2026-07-29,
OPP03654,REP005,PRD05,Partner,Central,Proposal,826.86,2026-02-17,
OPP03655,REP023,PRD09,Outbound,west,Lead,320.16,2026-03-25,
OPP03656,REP011,PRD14,Web Signup,west ,Qualified,150.78,10/02/2025,
OPP03657,REP016,PRD06,Inbound,S.,Qualified,596.34,08/06/2026,
OPP03658,REP023,PRD15,Referral,West,Lead,2975.89,2026-01-20,
OPP03659,REP033,PRD05,Web Signup,West,Qualified,2886.52,2026-08-25,
OPP03660,REP032,PRD12,Outbound,West,Qualified,426.72,01/14/2026,
OPP03661,REP003,PRD02,Partner,EAST,Qualified,26.09,2026-06-12,
OPP03662,REP018,PRD08,Partner,Centrl,Proposal,191.14,2026-04-22,
OPP03663,REP024,PRD07,Web Signup, North,Closed Lost,23.0,2026-07-14,06-Aug-2026
OPP03664,REP038,PRD13,Outbound,Centrl,Qualified,137.94,2026-03-24,
OPP03665,REP017,PRD12,Outbound,west,Proposal,496.92,06/25/2026,
OPP03666,REP027,PRD11,Inbound,E.,Qualified,595.72,06/26/2026,
OPP03667,REP018,PRD06,Referral,central,Lead,368.44,2025-07-25,
OPP03668,REP030,PRD04,Referral,west,Qualified,32.48,2026-07-13,
OPP03669,REP037,PRD11,Outbound,East,Lead,1574.53,10/02/2025,
OPP03670,REP034,PRD10,Inbound, North,Qualified,124.46,2026-01-20,
OPP03671,REP018,PRD07,Inbound,Centrl,Proposal,66.11,2025-08-25,
OPP03672,REP015,PRD10,Partner,west ,Proposal,57.49,04/27/2026,
OPP03673,REP009,PRD08,Referral,E.,Qualified,3776.16,2025-12-22,
OPP03674,REP014,PRD05,Partner,South ,Proposal,336.75,29-Dec-2025,
OPP03675,REP032,PRD12,Inbound,west,Proposal,67.97,03/06/2026,
OPP03676,REP003,PRD15,Inbound,E.,Qualified,2172.07,2026-05-20,
OPP03677,REP001,PRD07,Inbound,west,Qualified,242.98,2026-04-04,
OPP03678,REP028,PRD14,Inbound,S.,Closed Lost,32.42,2026-08-09,2026-08-09
OPP03679,REP029,PRD03,Partner,,Closed Won,47.47,01/24/2026,04/30/2026
OPP03680,REP035,PRD02,Inbound,,Qualified,264.07,12-Feb-2026,
OPP03681,REP026,PRD10,Inbound,,Qualified,126.43,2025-09-14,
OPP03682,REP011,PRD09,Outbound,west ,Proposal,842.22,05/09/2026,
OPP03683,REP040,PRD10,Partner,South ,Qualified,76.31,03/26/2026,
OPP03684,REP008,PRD02,Outbound,east,Closed Lost,270.12,01-Sep-2025,04/04/2026
OPP03685,REP025,PRD01,Referral, North,Closed Won,178.39,2025-11-19,2026-05-23
OPP03686,REP034,PRD03,Outbound,North,Lead,367.01,2026-03-04,
OPP03687,REP009,PRD13,Inbound,,Proposal,75.98,04-Apr-2026,
OPP03688,REP008,PRD11,Referral,,Closed Lost,375.85,2025-12-20,2026-07-30
OPP03689,REP013,PRD02,Inbound,Central,Lead,63.4,2026-01-28,
OPP03690,REP012,PRD08,Outbound,East,Lead,1212.64,22-Nov-2025,
OPP03691,REP029,PRD05,Outbound,WEST,Lead,234.84,11/28/2025,
OPP03692,REP014,PRD01,Partner,SOUTH,Closed Won,64.48,2026-07-26,2026-08-30
OPP03693,REP009,PRD04,Outbound,East,Qualified,168.92,12/06/2025,
OPP03694,REP022,PRD01,Referral,Central,Closed Lost,56.58,2026-01-02,04/06/2026
OPP03695,REP002,PRD02,Outbound,Central,Closed Won,143.27,2026-01-26,16-Apr-2026
OPP03696,REP022,PRD06,Partner,Central ,Qualified,533.9,29-Dec-2025,
OPP03697,REP033,PRD15,Inbound,W.,Qualified,773.63,2025-12-08,
OPP03698,REP037,PRD14,Inbound,EAST,Proposal,66.62,13-Jan-2026,
OPP03699,REP006,PRD07,Partner,SOUTH,Closed Lost,60.91,06-Apr-2026,05/06/2026
OPP03700,REP026,PRD02,Outbound,E.,Proposal,306.63,09/24/2025,
OPP03701,REP011,PRD09,Outbound,West,Qualified,305.07,2025-10-05,
OPP03702,REP014,PRD02,Partner,S.,Lead,21.8,09/02/2025,
OPP03703,REP013,PRD09,Outbound,CENTRAL,Closed Lost,314.55,2026-07-21,08/19/2026
OPP03704,REP001,PRD03,Inbound,WEST,Lead,482.41,2025-07-09,
OPP03705,REP029,PRD15,Inbound,WEST,Qualified,253.94,2026-08-28,
OPP03706,REP009,PRD05,Outbound,EAST,Qualified,983.85,2025-08-05,
OPP03707,REP003,PRD03,Web Signup,East,Qualified,489.16,2026-07-13,
OPP03708,REP001,PRD09,Inbound,West,Qualified,97.27,18-Apr-2026,
OPP03709,REP008,PRD07,Partner,east,Lead,216.17,03/05/2026,
OPP03710,REP022,PRD15,Outbound,Central ,Proposal,1339.74,07/21/2026,
OPP03711,REP009,PRD06,Partner,EAST,Lead,338.02,2026-02-02,
OPP03712,REP026,PRD09,Inbound,EAST,Lead,228.0,2026-07-20,
OPP03713,REP015,PRD01,Outbound,west ,Closed Won,23.73,2025-11-23,2026-06-09
OPP03714,REP039,PRD04,Partner,North,Lead,34.74,2026-02-06,
OPP03715,REP036,PRD04,Inbound,CENTRAL,Closed Won,26.27,2026-05-09,2026-06-21
OPP03716,REP013,PRD10,Outbound,CENTRAL,Closed Lost,15.53,10/11/2025,2025-11-01
OPP03717,REP011,PRD13,Web Signup,WEST,Lead,212.33,2026-08-16,
OPP03718,REP021,PRD04,Referral,SOUTH,Closed Won,108.05,05/28/2026,28-Aug-2026
OPP03719,REP015,PRD07,Partner,west ,Proposal,206.66,2026-08-28,
OPP03720,REP029,PRD06,Inbound,west,Closed Lost,65.71,2025-07-29,2026-08-23
OPP03721,REP031,PRD12,Referral,east,Qualified,99.92,2026-03-30,
OPP03722,REP014,PRD09,Referral,S.,Lead,58.58,05-May-2026,
OPP03723,REP012,PRD10,Referral,East,Proposal,26.08,2025-11-16,
OPP03724,REP031,PRD10,Referral,EAST,Closed Won,4.28,06/24/2026,2026-07-05
OPP03725,REP033,PRD09,Referral,W.,Qualified,398.05,08/10/2026,
OPP03726,REP023,PRD04,Inbound,WEST,Lead,55.77,06/26/2026,
OPP03727,REP028,PRD02,Outbound,South,Closed Lost,51.39,2026-03-06,17-Jul-2026
OPP03728,REP021,PRD10,Web Signup,SOUTH,Qualified,79.7,10-Jul-2025,
OPP03729,REP013,PRD11,Outbound,Centrl,Closed Won,821.01,13-Jul-2025,2025-12-23
OPP03730,REP032,PRD10,Partner,west,Lead,59.06,2026-04-24,
OPP03731,REP005,PRD08,Web Signup,Centrl,Closed Won,704.16,09/20/2025,2026-01-24
OPP03732,REP035,PRD08,Outbound,East,Proposal,2550.54,04/10/2026,
OPP03733,REP018,PRD10,Inbound,Centrl,Lead,50.91,2026-01-21,
OPP03734,REP026,PRD05,Referral,EAST,Lead,1598.45,2025-11-26,
OPP03735,REP038,PRD05,Web Signup,Central ,Qualified,348.16,2026-01-24,
OPP03736,REP038,PRD12,Outbound,Central ,Closed Won,458.18,01/04/2026,2026-04-18
OPP03737,REP025,PRD08,Inbound,N.,Qualified,887.86,2026-07-05,
OPP03738,REP001,PRD08,Inbound,W.,Qualified,2232.79,2026-03-27,
OPP03739,REP018,PRD12,Web Signup,Central ,Lead,35.19,04/14/2026,
OPP03740,REP018,PRD13,Outbound,Centrl,Qualified,151.61,11/23/2025,
OPP03741,REP025,PRD09,Referral,North,Lead,543.71,07/26/2026,
OPP03742,REP001,PRD10,Partner,W.,Qualified,37.46,29-May-2026,
OPP03743,REP022,PRD14,Partner,Central ,Closed Won,84.33,2025-12-14,25-May-2026
OPP03744,REP006,PRD04,Inbound,south,Closed Won,310.96,2026-04-19,06/28/2026
OPP03745,REP016,PRD10,Inbound,South,Qualified,37.27,2026-05-11,
OPP03746,REP036,PRD07,Web Signup,Central ,Lead,372.1,2026-02-06,
OPP03747,REP022,PRD01,Inbound,Central ,Qualified,145.03,2026-06-19,
OPP03748,REP025,PRD09,Web Signup,NORTH,Lead,67.16,20-Nov-2025,
OPP03749,REP040,PRD08,Inbound,South ,Lead,5965.34,10/13/2025,
OPP03750,REP034,PRD06,Inbound,north,Closed Won,329.35,12/28/2025,2026-02-04
OPP03751,REP038,PRD01,Web Signup,Centrl,Qualified,51.24,29-Jan-2026,
OPP03752,REP004,PRD14,Referral,Central,Closed Won,37.54,01/03/2026,08/06/2026
OPP03753,REP037,PRD12,Outbound,,Qualified,65.37,06/04/2026,
OPP03754,REP014,PRD02,Inbound,SOUTH,Lead,63.94,2026-04-25,
OPP03755,REP026,PRD04,Inbound,East,Qualified,66.69,2025-12-03,
OPP03756,REP026,PRD15,Web Signup,east,Closed Won,2173.64,25-Oct-2025,31-Aug-2026
OPP03757,REP019,PRD06,Partner,North,Lead,275.89,2025-10-28,
OPP03758,REP028,PRD11,Web Signup,SOUTH,Lead,2777.54,07/06/2026,
OPP03759,REP001,PRD08,Outbound,West,Proposal,3503.81,2025-07-11,
OPP03760,REP017,PRD12,Web Signup,W.,Lead,318.97,2025-11-18,
OPP03761,REP016,PRD03,Referral,South ,Closed Lost,607.02,2026-05-27,2026-09-01
OPP03762,REP026,PRD08,Referral,EAST,Lead,2223.24,2025-10-16,
OPP03763,REP027,PRD04,Referral,east,Proposal,37.95,08/09/2026,
OPP03764,REP024,PRD02,Referral,NORTH,Proposal,64.36,22-Aug-2026,
OPP03765,REP020,PRD10,Web Signup,WEST,Proposal,32.43,03/06/2026,
OPP03766,REP020,PRD07,Inbound,WEST,Lead,155.06,16-Jul-2026,
OPP03767,REP022,PRD10,Outbound,central,Closed Lost,100.4,2026-02-22,04/11/2026
OPP03768,REP024,PRD01,Outbound, North,Proposal,51.86,2025-08-10,
OPP03769,REP021,PRD15,Referral,S.,Lead,1493.34,2026-05-09,
OPP03770,REP024,PRD08,Outbound,N.,Qualified,1299.86,2025-09-18,
OPP03771,REP034,PRD04,Inbound,North,Lead,34.77,2025-11-07,
OPP03772,REP004,PRD03,Web Signup,Centrl,Qualified,752.28,2025-08-19,
OPP03773,REP028,PRD05,Referral,SOUTH,Proposal,301.09,12/18/2025,
OPP03774,REP013,PRD11,Referral,CENTRAL,Lead,1848.29,2026-01-17,
OPP03775,REP037,PRD08,Inbound,East,Proposal,1495.02,2026-07-09,
OPP03776,REP009,PRD04,Outbound,east,Lead,0.0,2025-09-16,
OPP03777,REP001,PRD14,Outbound,west ,Lead,91.2,18-Jun-2026,
OPP03778,REP022,PRD07,Inbound,Central,Lead,37.34,2026-03-20,
OPP03779,REP013,PRD04,Inbound,Central,Lead,14.13,2026-01-21,
OPP03780,REP019,PRD06,Outbound,NORTH,Qualified,325.54,04/10/2026,
OPP03781,REP031,PRD11,Inbound,East,Closed Won,5709.09,2026-04-09,2026-07-26
OPP03782,REP032,PRD06,Inbound,west ,Proposal,151.93,2026-01-20,
OPP03783,REP019,PRD09,Inbound,North,Proposal,507.49,28-Mar-2026,
OPP03784,REP023,PRD09,Outbound,W.,Qualified,279.55,2025-07-19,
OPP03785,REP029,PRD11,Inbound,West,Qualified,1439.26,05/19/2026,
OPP03786,REP037,PRD13,Outbound,East,Lead,93.73,10/06/2025,
OPP03787,REP036,PRD05,Inbound,Central,Lead,77.61,2026-04-02,
OPP03788,REP022,PRD01,Inbound,Central,Closed Lost,43.85,2025-12-05,2026-07-17
OPP03789,REP025,PRD15,Inbound, North,Closed Lost,1857.5,2026-08-26,2026-08-28
OPP03790,REP010,PRD12,Inbound,CENTRAL,Qualified,53.49,2026-02-10,
OPP03791,REP011,PRD01,Inbound,West,Closed Won,70.81,05-Apr-2026,2026-06-07
OPP03792,REP012,PRD01,Referral,East,Qualified,29.32,2026-08-04,
OPP03793,REP019,PRD07,Referral,north,Qualified,124.96,17-Jul-2026,
OPP03794,REP006,PRD15,Web Signup,south,Closed Won,1282.84,16-Jun-2026,06/23/2026
OPP03795,REP030,PRD02,Inbound,West,Qualified,20.64,2026-04-25,
OPP03796,REP012,PRD01,Inbound,E.,Closed Lost,76.86,02/11/2026,08/10/2026
OPP03797,REP017,PRD07,Outbound,WEST,Lead,147.87,24-Oct-2025,
OPP03798,REP031,PRD04,Web Signup,E.,Qualified,39.14,11/11/2025,
OPP03799,REP008,PRD10,Partner,east,Closed Lost,41.01,03/23/2026,2026-06-12
OPP03800,REP010,PRD05,Web Signup,Centrl,Lead,709.25,2026-05-14,
OPP03801,REP028,PRD04,Inbound,S.,Lead,46.56,2025-08-28,
OPP03802,REP025,PRD03,Inbound,NORTH,Qualified,274.19,09/03/2025,
OPP03803,REP013,PRD13,Outbound,central,Lead,363.15,2025-11-06,
OPP03804,REP002,PRD07,Outbound,Central,Qualified,218.95,2026-03-27,
OPP03805,REP019,PRD09,Outbound,north,Proposal,294.73,2025-12-28,
OPP03806,REP007,PRD08,Inbound,east,Lead,4407.75,2026-03-04,
OPP03807,REP018,PRD03,Partner,,Lead,610.91,2026-03-07,
OPP03808,REP012,PRD04,Outbound,east,Lead,49.76,2026-02-15,
OPP03809,REP036,PRD13,Inbound,Central,Qualified,181.26,2026-01-27,
OPP03810,REP018,PRD07,Outbound,,Closed Won,73.63,2026-05-07,2026-06-28
OPP03811,REP028,PRD01,Inbound,South,Closed Lost,45.96,06/14/2026,2026-08-28
OPP03812,REP002,PRD10,Outbound,Centrl,Closed Won,10.2,2026-04-12,2026-08-03
OPP03813,REP006,PRD03,Referral,South ,Closed Won,646.05,2026-08-12,2026-08-22
OPP03814,REP025,PRD08,Inbound,NORTH,Qualified,7410.32,2026-05-21,
OPP03815,REP022,PRD04,Outbound,Central,Proposal,52.4,10-Nov-2025,
OPP03816,REP002,PRD13,Referral,Central,Lead,144.68,2025-11-23,
OPP03817,REP018,PRD08,Inbound,Central,Lead,1548.58,21-Jul-2025,
OPP03818,REP015,PRD07,Outbound,west,Lead,204.29,2025-10-09,
OPP03819,REP018,PRD13,Outbound,,Lead,97.95,2026-01-02,
OPP03820,REP003,PRD13,Inbound,east,Lead,719.01,15-Jan-2026,
OPP03821,REP029,PRD04,Partner,,Lead,42.13,2025-09-04,
OPP03822,REP026,PRD14,Referral,east,Qualified,52.75,2025-12-14,
OPP03823,REP026,PRD15,Referral,EAST,Lead,1834.06,2025-11-10,
OPP03824,REP026,PRD10,Partner,E.,Qualified,33.69,05/08/2026,
OPP03825,REP034,PRD15,Web Signup,north,Qualified,1322.05,2025-09-22,
OPP03826,REP005,PRD13,Outbound,CENTRAL,Qualified,66.44,2025-09-16,
OPP03827,REP032,PRD02,Referral,West,Lead,125.66,2025-08-22,
OPP03828,REP039,PRD12,Inbound,north,Proposal,31.31,07/06/2026,
OPP03829,REP024,PRD13,Inbound,NORTH,Lead,452.01,08/14/2025,
OPP03830,REP003,PRD06,Partner,E.,Lead,98.81,07/24/2025,
OPP03831,REP005,PRD08,Outbound,central,Lead,1686.05,2026-05-08,
OPP03832,REP033,PRD12,Referral,WEST,Lead,261.66,2026-08-14,
OPP03833,REP024,PRD07,Outbound, North,Proposal,175.79,06-Sep-2025,
OPP03834,REP021,PRD09,Referral,,Qualified,222.05,2025-09-22,
OPP03835,REP036,PRD11,Referral,Central,Lead,746.7,2026-01-23,
OPP03836,REP030,PRD12,Outbound,west,Qualified,492.59,2025-11-01,
OPP03837,REP019,PRD06,Partner,NORTH,Lead,403.73,07-Sep-2025,
OPP03838,REP012,PRD06,Referral,E.,Lead,517.62,02-May-2026,
OPP03839,REP033,PRD13,Referral,west ,Proposal,135.13,2026-03-01,
OPP03840,REP007,PRD12,Web Signup,East,Closed Won,106.05,2025-12-29,04-Apr-2026
OPP03841,REP038,PRD05,Partner,central,Qualified,1231.02,09-Feb-2026,
OPP03842,REP007,PRD03,Referral,east,Closed Won,525.24,2026-06-13,2026-08-12
OPP03843,REP038,PRD08,Inbound,Centrl,Lead,1933.06,2025-10-10,
OPP03844,REP007,PRD06,Outbound,,Proposal,96.7,2025-10-13,
OPP03845,REP031,PRD14,Outbound,EAST,Lead,169.29,2026-08-17,
OPP03846,REP028,PRD06,Partner,South,Lead,319.46,2025-11-13,
OPP03847,REP020,PRD12,Inbound,west,Proposal,120.18,07/26/2025,
OPP03848,REP036,PRD12,Referral,Central ,Lead,568.68,31-Jul-2025,
OPP03849,REP012,PRD13,Outbound,East,Lead,138.15,2026-04-07,
OPP03850,REP020,PRD10,Inbound,West,Qualified,56.69,13-Mar-2026,
OPP03851,REP004,PRD15,Referral,CENTRAL,Lead,1283.64,2026-07-08,
OPP03852,REP031,PRD11,Referral,EAST,Lead,823.88,07/01/2026,
OPP03853,REP017,PRD14,Inbound,west,Qualified,76.76,27-Aug-2026,
OPP03854,REP031,PRD08,Partner,EAST,Qualified,1854.16,2026-01-31,
OPP03855,REP033,PRD11,Inbound,WEST,Lead,3132.85,2026-06-14,
OPP03856,REP009,PRD04,Outbound,East,Closed Lost,36.6,2025-10-16,2026-07-13
OPP03857,REP019,PRD15,Referral,NORTH,Lead,1451.0,08/26/2026,
OPP03858,REP032,PRD06,Inbound,W.,Closed Won,147.01,18-Nov-2025,07/05/2026
OPP03859,REP021,PRD03,Partner,S.,Lead,121.67,2026-06-23,
OPP03860,REP015,PRD14,Outbound,west,Closed Won,203.77,2026-06-06,07/26/2026
OPP03861,REP007,PRD05,Partner,East,Qualified,702.74,08/22/2026,
OPP03862,REP007,PRD12,Inbound,E.,Proposal,221.4,2026-03-01,
OPP03863,REP011,PRD05,Partner,W.,Qualified,521.75,2026-03-30,
OPP03864,REP035,PRD14,Outbound,EAST,Closed Lost,146.92,07/13/2026,04-Aug-2026
OPP03865,REP032,PRD03,Referral,west,Closed Won,142.54,2025-09-11,2026-03-01
OPP03866,REP017,PRD11,Outbound,West,Lead,1549.48,2026-02-28,
OPP03867,REP036,PRD03,Web Signup,central,Qualified,247.66,2026-04-14,
OPP03868,REP026,PRD14,Inbound,East,Closed Won,110.35,05/20/2026,07/09/2026
OPP03869,REP017,PRD09,Outbound,,Proposal,420.21,11/01/2025,
OPP03870,REP012,PRD01,Referral,,Proposal,43.48,2026-02-24,
OPP03871,REP026,PRD09,Inbound,East,Proposal,341.61,2025-07-12,
OPP03872,REP019,PRD04,Outbound,North,Qualified,84.25,2025-07-04,
OPP03873,REP001,PRD01,Outbound,west,Closed Lost,51.86,2026-08-14,02-Sep-2026
OPP03874,REP027,PRD10,Inbound,East,Lead,41.51,10/17/2025,
OPP03875,REP020,PRD01,Partner,W.,Closed Won,3.7,03/28/2026,2026-05-22
OPP03876,REP015,PRD06,Inbound,WEST,Closed Lost,90.24,2026-07-03,08/23/2026
OPP03877,REP037,PRD05,Partner,east,Lead,834.15,10-Jul-2025,
OPP03878,REP032,PRD09,Inbound,W.,Qualified,234.34,07/21/2026,
OPP03879,REP002,PRD03,Web Signup,Central,Qualified,117.87,2026-07-09,
OPP03880,REP024,PRD03,Referral,NORTH,Qualified,716.75,2026-02-21,
OPP03881,REP015,PRD08,Partner,W.,Closed Won,1942.52,2025-07-11,10-Jun-2026
OPP03882,REP010,PRD03,Referral,Central,Lead,998.8,02/16/2026,
OPP03883,REP039,PRD05,Partner,N.,Closed Lost,1413.4,2025-12-30,2026-01-01
OPP03884,REP009,PRD04,Inbound,EAST,Closed Won,104.14,20-Apr-2026,05/26/2026
OPP03885,REP026,PRD11,Inbound,East,Qualified,3281.53,19-May-2026,
OPP03886,REP014,PRD02,Inbound,South ,Closed Lost,116.76,2026-06-08,16-Jul-2026
OPP03887,REP005,PRD13,Outbound,Central,Qualified,98.0,01/14/2026,
OPP03888,REP036,PRD02,Web Signup,Central,Qualified,92.06,2025-11-07,
OPP03889,REP027,PRD09,Referral,E.,Lead,365.67,02-May-2026,
OPP03890,REP026,PRD02,Outbound,EAST,Qualified,29.03,04/23/2026,
OPP03891,REP012,PRD09,Referral,E.,Qualified,996.98,2025-12-22,
OPP03892,REP014,PRD12,Web Signup,S.,Lead,56.8,01/24/2026,
OPP03893,REP030,PRD09,Inbound,WEST,Closed Lost,559.5,2025-09-03,2026-02-13
OPP03894,REP020,PRD09,Outbound,WEST,Closed Lost,297.91,01/06/2026,2026-07-25
OPP03895,REP008,PRD08,Outbound,east,Closed Won,4787.89,2026-01-31,2026-05-21
OPP03896,REP030,PRD11,Referral,W.,Lead,885.56,2026-08-21,
OPP03897,REP024,PRD05,Inbound, North,Lead,221.01,28-Jan-2026,
OPP03898,REP018,PRD03,Inbound,Central ,Lead,301.68,2026-05-20,
OPP03899,REP024,PRD08,Web Signup,N.,Closed Won,899.15,2025-11-27,12/23/2025
OPP03900,REP001,PRD12,Inbound,West,Proposal,307.38,2025-11-22,
OPP03901,REP023,PRD10,Outbound,WEST,Closed Lost,92.86,2025-10-18,02/07/2026
OPP03902,REP002,PRD09,Referral,Central,Qualified,479.08,2025-09-27,
OPP03903,REP023,PRD15,Outbound,,Proposal,829.8,22-Jun-2026,
OPP03904,REP025,PRD06,Web Signup, North,Closed Won,241.56,2026-06-20,16-Jul-2026
OPP03905,REP018,PRD15,Web Signup,Central,Proposal,719.78,2026-07-21,
OPP03906,REP006,PRD11,Inbound,South,Proposal,1698.16,2025-11-26,
OPP03907,REP027,PRD02,Outbound,,Lead,30.09,2026-03-10,
OPP03908,REP008,PRD14,Inbound,E.,Closed Won,70.09,07/19/2025,2025-11-14
OPP03909,REP010,PRD12,Inbound,Central,Lead,522.86,11-Aug-2025,
OPP03910,REP016,PRD07,Web Signup,SOUTH,Proposal,294.17,08/23/2026,
OPP03911,REP026,PRD05,Outbound,EAST,Closed Won,280.78,2025-07-21,12/12/2025
OPP03912,REP040,PRD04,Referral,SOUTH,Closed Won,15.65,21-Sep-2025,08-Jan-2026
OPP03913,REP004,PRD05,Outbound,CENTRAL,Closed Lost,507.04,2026-01-29,2026-03-18
OPP03914,REP014,PRD10,Outbound,South ,Proposal,46.23,2026-06-09,
OPP03915,REP024,PRD14,Inbound,N.,Proposal,43.9,2025-07-10,
OPP03916,REP008,PRD06,Referral,E.,Closed Won,202.94,2025-12-31,2026-02-04
OPP03917,REP022,PRD12,Inbound,Central ,Qualified,235.87,2025-10-29,
OPP03918,REP002,PRD02,Outbound,Central ,Lead,696.77,15-Jul-2025,
OPP03919,REP001,PRD09,Partner,W.,Qualified,137.38,07/22/2026,
OPP03920,REP025,PRD09,Partner,North,Qualified,592.04,2025-12-19,
OPP03921,REP021,PRD06,Inbound,South,Proposal,370.7,2026-03-26,
OPP03922,REP005,PRD04,Outbound,Central ,Lead,50.28,2026-05-26,
OPP03923,REP018,PRD12,Outbound,Central,Proposal,175.71,2026-03-03,
OPP03924,REP038,PRD10,Inbound,central,Proposal,7.55,2026-07-26,
OPP03925,REP022,PRD08,Outbound,Central,Proposal,2635.43,2026-04-18,
OPP03926,REP018,PRD09,Inbound,Centrl,Proposal,150.03,2026-06-29,
OPP03927,REP032,PRD12,Referral,West,Qualified,213.5,2025-07-28,
OPP03928,REP019,PRD11,Outbound, North,Lead,2136.35,03/17/2026,
OPP03929,REP003,PRD04,Partner,EAST,Lead,51.13,09/04/2025,
OPP03930,REP017,PRD02,Referral,West,Proposal,137.96,10/25/2025,
OPP03931,REP013,PRD05,Inbound,Centrl,Qualified,537.47,2025-08-16,
OPP03932,REP026,PRD15,Inbound,East,Proposal,1705.12,26-Jan-2026,
OPP03933,REP035,PRD11,Inbound,east,Closed Won,4409.33,2026-05-04,2026-05-17
OPP03934,REP037,PRD12,Referral,east,Lead,125.33,2026-08-29,
OPP03935,REP002,PRD12,Inbound,central,Proposal,384.3,2026-07-04,
OPP03936,REP032,PRD01,Web Signup,West,Qualified,76.88,11/22/2025,
OPP03937,REP005,PRD14,Inbound,CENTRAL,Qualified,111.24,30-Nov-2025,
OPP03938,REP011,PRD02,Inbound,west ,Lead,651.12,14-Jan-2026,
OPP03939,REP039,PRD02,Referral,north,Closed Won,59.55,04/26/2026,28-Apr-2026
OPP03940,REP004,PRD06,Inbound,Central,Lead,532.55,2025-10-06,
OPP03941,REP009,PRD15,Outbound,E.,Qualified,3183.44,2026-01-13,
OPP03942,REP037,PRD07,Inbound,E.,Qualified,103.59,28-Apr-2026,
OPP03943,REP030,PRD04,Partner,WEST,Lead,61.2,06/13/2026,
OPP03944,REP019,PRD04,Inbound,North,Proposal,62.49,11-Jan-2026,
OPP03945,REP001,PRD13,Web Signup,west,Closed Lost,242.39,2025-07-30,12/31/2025
OPP03946,REP019,PRD13,Inbound,north,Qualified,105.93,2026-06-26,
OPP03947,REP020,PRD05,Web Signup,west ,Lead,1909.19,2025-09-14,
OPP03948,REP003,PRD06,Referral,EAST,Proposal,421.75,2026-08-12,
OPP03949,REP037,PRD03,Partner,E.,Closed Lost,277.21,12/12/2025,2026-06-13
OPP03950,REP002,PRD07,Outbound,Centrl,Closed Lost,43.94,2026-05-02,07/01/2026
OPP03951,REP024,PRD11,Outbound,N.,Qualified,472.54,2026-03-11,
OPP03952,REP039,PRD07,Inbound,North,Qualified,50.84,2025-11-04,
OPP03953,REP005,PRD10,Inbound,Central,Lead,29.08,08/05/2025,
OPP03954,REP013,PRD09,Referral,CENTRAL,Lead,411.55,2026-08-12,
OPP03955,REP012,PRD06,Inbound,East,Lead,239.49,2025-10-06,
OPP03956,REP004,PRD03,Inbound,Central ,Qualified,128.1,2026-01-16,
OPP03957,REP037,PRD11,Inbound,EAST,Proposal,6102.52,12-Jul-2026,
OPP03958,REP005,PRD15,Outbound,Centrl,Closed Won,651.98,02/21/2026,2026-03-31
OPP03959,REP036,PRD06,Inbound,central,Lead,83.0,09-Apr-2026,
OPP03960,REP038,PRD04,Referral,Centrl,Lead,247.51,2025-08-13,
OPP03961,REP036,PRD14,Inbound,Central ,Qualified,33.81,2025-12-20,
OPP03962,REP013,PRD07,Outbound,Central,Proposal,190.94,09/29/2025,
OPP03963,REP002,PRD14,Outbound,Central ,Lead,76.06,01/03/2026,
OPP03964,REP021,PRD01,Web Signup,south,Lead,54.4,2026-06-06,
OPP03965,REP030,PRD14,Outbound,west ,Lead,50.62,03/13/2026,
OPP03966,REP023,PRD12,Outbound,WEST,Closed Lost,256.75,2025-07-15,2025-11-21
OPP03967,REP010,PRD08,Web Signup,CENTRAL,Lead,1192.01,2026-02-03,
OPP03968,REP026,PRD09,Partner,E.,Qualified,40.09,2025-10-04,
OPP03969,REP007,PRD15,Partner,East,Lead,225.38,2026-05-07,
OPP03970,REP001,PRD13,Inbound,WEST,Closed Won,92.84,2026-01-08,2026-01-11
OPP03971,REP038,PRD06,Web Signup,Centrl,Qualified,559.45,08/05/2025,
OPP03972,REP023,PRD14,Partner,west,Closed Won,138.82,2026-07-08,2026-07-23
OPP03973,REP005,PRD06,Outbound,Centrl,Proposal,115.97,2026-04-18,
OPP03974,REP027,PRD08,Web Signup,East,Closed Lost,3147.32,09/11/2025,2025-12-16
OPP03975,REP006,PRD15,Outbound,South ,Closed Lost,781.14,2025-11-03,2026-05-16
OPP03976,REP014,PRD04,Outbound,S.,Proposal,33.33,12-Sep-2025,
OPP03977,REP024,PRD08,Web Signup,north,Lead,3057.18,2026-03-23,
OPP03978,REP038,PRD13,Outbound,Central ,Qualified,267.02,08/19/2025,
OPP03979,REP021,PRD10,Inbound,south,Lead,196.07,08/19/2025,
OPP03980,REP021,PRD04,Inbound,South ,Proposal,145.42,2026-04-06,
OPP03981,REP026,PRD02,Referral,East,Qualified,147.28,31-Oct-2025,
OPP03982,REP007,PRD04,Outbound,E.,Proposal,33.61,24-Aug-2026,
OPP03983,REP036,PRD05,Outbound,,Lead,176.88,2025-09-25,
OPP03984,REP017,PRD07,Outbound,W.,Proposal,321.8,2025-10-09,
OPP03985,REP019,PRD11,Inbound,North,Closed Lost,792.8,17-Jul-2026,2026-07-28
OPP03986,REP022,PRD07,Outbound,central,Closed Lost,19.74,07-Mar-2026,2026-06-23
OPP03987,REP015,PRD14,Partner,WEST,Qualified,116.06,2026-03-30,
OPP03988,REP023,PRD11,Referral,west ,Lead,667.92,2026-06-09,
OPP03989,REP013,PRD13,Referral,central,Lead,136.63,2025-11-30,
OPP03990,REP001,PRD04,Partner,West,Closed Lost,113.53,2025-07-20,2026-05-09
OPP03991,REP034,PRD11,Inbound,NORTH,Proposal,3571.73,08-Apr-2026,
OPP03992,REP004,PRD13,Outbound,Centrl,Lead,139.29,10/16/2025,
OPP03993,REP026,PRD10,Referral,E.,Lead,58.2,14-Jan-2026,
OPP03994,REP009,PRD05,Web Signup,E.,Closed Lost,961.52,2025-08-03,08/14/2026
OPP03995,REP005,PRD11,Inbound,Central ,Qualified,3970.24,08-Jun-2026,
OPP03996,REP008,PRD15,Outbound,E.,Qualified,932.89,17-Feb-2026,
OPP03997,REP021,PRD02,Partner,,Closed Won,104.52,2026-08-29,2026-09-02
OPP03998,REP032,PRD15,Outbound,west,Lead,5933.72,2026-07-19,
OPP03999,REP007,PRD12,Inbound,EAST,Qualified,346.91,28-Nov-2025,
OPP04000,REP016,PRD07,Outbound,South ,Closed Lost,218.55,25-Nov-2025,2026-06-24
OPP04001,REP024,PRD15,Partner,north,Lead,1228.73,2026-03-31,
OPP04002,REP019,PRD15,Outbound,North,Lead,993.2,2026-03-12,
OPP04003,REP002,PRD13,Outbound,Central,Closed Lost,102.49,2026-07-02,28-Jul-2026
OPP04004,REP033,PRD14,Partner,West,Qualified,56.49,2025-11-05,
OPP04005,REP021,PRD15,Outbound,South ,Closed Lost,1930.61,2025-08-26,03/20/2026
OPP04006,REP034,PRD07,Web Signup,north,Closed Lost,93.02,2025-11-01,2026-04-24
OPP04007,REP027,PRD01,Inbound,East,Closed Lost,7.87,2026-02-18,05/31/2026
OPP04008,REP028,PRD10,Referral,SOUTH,Closed Lost,64.29,08/28/2026,2026-08-30
OPP04009,REP015,PRD04,Outbound,west ,Qualified,102.83,2026-06-21,
OPP04010,REP013,PRD09,Outbound,Central,Proposal,289.81,2025-07-04,
OPP04011,REP015,PRD06,Partner,W.,Proposal,202.53,2026-07-31,
OPP04012,REP024,PRD03,Outbound,North,Lead,388.53,2026-04-24,
OPP04013,REP018,PRD10,Web Signup,Central ,Qualified,11.97,2025-11-25,
OPP04014,REP022,PRD01,Web Signup,Central ,Proposal,77.91,2025-07-18,
OPP04015,REP026,PRD09,Web Signup,E.,Closed Won,773.34,2026-04-12,08/10/2026
OPP04016,REP030,PRD09,Referral,W.,Lead,375.15,2026-01-05,
OPP04017,REP010,PRD09,Referral,CENTRAL,Closed Lost,797.47,2026-03-10,28-Jul-2026
OPP04018,REP036,PRD08,Inbound,Central,Lead,3880.98,2025-08-22,
OPP04019,REP034,PRD09,Outbound,north,Proposal,639.05,08/26/2026,
OPP04020,REP035,PRD06,Referral,east,Lead,123.68,2026-04-30,
OPP04021,REP018,PRD15,Inbound,central,Qualified,908.03,28-Nov-2025,
OPP04022,REP003,PRD11,Outbound,east,Proposal,3865.51,2026-08-15,
OPP04023,REP026,PRD03,Outbound,East,Lead,11.99,2026-07-25,
OPP04024,REP031,PRD15,Referral,east,Proposal,1833.72,2025-10-31,
OPP04025,REP015,PRD08,Outbound,WEST,Lead,3048.4,08-Feb-2026,
OPP04026,REP012,PRD05,Partner,EAST,Lead,2156.38,03/11/2026,
OPP04027,REP035,PRD09,Outbound,East,Closed Won,592.7,2026-05-18,07/19/2026
OPP04028,REP030,PRD02,Outbound,W.,Lead,237.45,2025-09-27,
OPP04029,REP023,PRD05,Outbound,west,Qualified,807.4,16-Sep-2025,
OPP04030,REP035,PRD07,Inbound,E.,Lead,55.75,2026-08-14,
OPP04031,REP034,PRD04,Inbound,NORTH,Lead,4.58,2025-08-24,
OPP04032,REP016,PRD15,Outbound,South,Lead,3115.25,07-Aug-2025,
OPP04033,REP030,PRD08,Referral,west ,Qualified,1759.29,2025-10-12,
OPP04034,REP013,PRD10,Partner,CENTRAL,Closed Won,2.48,11/19/2025,12/01/2025
OPP04035,REP006,PRD03,Inbound,South ,Closed Won,269.79,2025-12-07,2026-01-17
OPP04036,REP008,PRD09,Outbound,east,Qualified,485.66,15-Jul-2026,
OPP04037,REP017,PRD02,Partner,west ,Qualified,218.13,2025-11-29,
OPP04038,REP022,PRD13,Outbound,Central,Closed Won,128.63,09/18/2025,2025-09-30
OPP04039,REP037,PRD02,Inbound,E.,Qualified,181.28,2026-05-01,
OPP04040,REP014,PRD02,Referral,S.,Proposal,70.78,2026-07-19,
OPP04041,REP033,PRD03,Outbound,West,Lead,224.05,16-Aug-2026,
OPP04042,REP025,PRD04,Inbound,North,Closed Lost,42.11,2026-01-18,2026-02-06
OPP04043,REP020,PRD05,Outbound,W.,Lead,1230.22,2026-04-14,
OPP04044,REP018,PRD10,Inbound,Centrl,Qualified,37.45,2025-12-22,
OPP04045,REP011,PRD14,Outbound,West,Proposal,114.03,28-Aug-2025,
OPP04046,REP001,PRD15,Inbound,WEST,Lead,2242.02,07/14/2025,
OPP04047,REP001,PRD02,Outbound,West,Closed Lost,49.68,2025-12-13,2026-08-24
OPP04048,REP011,PRD09,Inbound,west,Qualified,169.24,2026-07-20,
OPP04049,REP038,PRD03,Inbound,Centrl,Lead,1151.56,04-Sep-2025,
OPP04050,REP038,PRD10,Outbound,,Qualified,54.86,2026-07-02,
OPP04051,REP036,PRD13,Partner,CENTRAL,Closed Won,417.25,2025-08-20,07-Jan-2026
OPP04052,REP005,PRD03,Outbound,Centrl,Lead,272.64,23-May-2026,
OPP04053,REP013,PRD10,Inbound,CENTRAL,Closed Lost,42.29,2026-04-16,2026-08-31
OPP04054,REP002,PRD14,Partner,Central,Qualified,98.27,2025-08-18,
OPP04055,REP032,PRD15,Inbound,West,Lead,831.82,2026-01-26,
OPP04056,REP025,PRD11,Inbound,North,Lead,2332.88,08/18/2026,
OPP04057,REP032,PRD09,Partner,W.,Closed Lost,163.07,2025-08-04,27-Sep-2025
OPP04058,REP037,PRD08,Outbound,EAST,Qualified,4299.79,2026-02-25,
OPP04059,REP031,PRD15,Inbound,E.,Qualified,202.54,2025-09-02,
OPP04060,REP039,PRD13,Outbound,North,Lead,400.9,2025-12-18,
OPP04061,REP025,PRD13,Inbound,north,Qualified,379.28,08/11/2026,
OPP04062,REP004,PRD12,Inbound,Central,Qualified,259.33,2025-09-17,
OPP04063,REP034,PRD02,Inbound,North,Proposal,647.67,20-Sep-2025,
OPP04064,REP026,PRD14,Web Signup,east,Proposal,102.0,2025-12-30,
OPP04065,REP012,PRD08,Web Signup,east,Qualified,2088.52,2026-08-20,
OPP04066,REP033,PRD14,Referral,west,Lead,53.98,2026-04-29,
OPP04067,REP029,PRD10,Outbound,west ,Proposal,23.2,11/28/2025,
OPP04068,REP025,PRD05,Inbound,North,Lead,794.83,2025-12-01,
OPP04069,REP040,PRD15,Outbound,south,Lead,993.0,2026-08-16,
OPP04070,REP032,PRD06,Outbound,WEST,Closed Won,302.19,01/13/2026,2026-08-22
OPP04071,REP033,PRD12,Web Signup,West,Closed Lost,253.67,19-Nov-2025,2026-06-23
OPP04072,REP014,PRD15,Inbound,SOUTH,Lead,502.75,2026-05-22,
OPP04073,REP003,PRD14,Outbound,EAST,Lead,253.41,2025-09-23,
OPP04074,REP023,PRD10,Outbound,West,Proposal,57.74,2026-04-08,
OPP04075,REP005,PRD06,Web Signup,Centrl,Closed Won,219.26,2026-06-25,2026-09-01
OPP04076,REP025,PRD07,Web Signup,north,Lead,39.96,2026-05-31,
OPP04077,REP014,PRD06,Partner,S.,Proposal,107.05,2025-09-22,
OPP04078,REP002,PRD05,Outbound,CENTRAL,Proposal,796.41,10-Nov-2025,
OPP04079,REP017,PRD01,Inbound,W.,Lead,11.68,11/21/2025,
OPP04080,REP008,PRD06,Referral,East,Lead,365.08,2026-05-11,
OPP04081,REP018,PRD09,Partner,Central ,Closed Lost,321.42,07/31/2026,2026-08-16
OPP04082,REP040,PRD10,Outbound,south,Closed Won,28.67,2025-11-03,2026-05-29
OPP04083,REP003,PRD14,Outbound,E.,Lead,55.2,06/13/2026,
OPP04084,REP025,PRD07,Inbound,north,Qualified,51.41,2026-04-03,
OPP04085,REP009,PRD11,Outbound,East,Lead,2484.97,2026-03-05,
OPP04086,REP004,PRD08,Web Signup,Central ,Qualified,2008.1,2026-03-13,
OPP04087,REP035,PRD04,Partner,east,Lead,23.85,2026-04-18,
OPP04088,REP018,PRD07,Inbound,Central,Qualified,134.66,2026-05-20,
OPP04089,REP022,PRD10,Inbound,Centrl,Lead,39.07,03-Jun-2026,
OPP04090,REP009,PRD10,Outbound,E.,Lead,28.13,2026-03-12,
OPP04091,REP036,PRD04,Referral,CENTRAL,Closed Won,124.76,01/06/2026,08/12/2026
OPP04092,REP004,PRD13,Referral,Centrl,Qualified,208.02,2026-08-31,
OPP04093,REP002,PRD07,Inbound,Central ,Closed Lost,149.07,17-Dec-2025,2026-05-11
OPP04094,REP036,PRD08,Inbound,CENTRAL,Lead,3547.81,01/17/2026,
OPP04095,REP015,PRD10,Referral,WEST,Qualified,13.47,2026-04-09,
OPP04096,REP012,PRD06,Outbound,EAST,Qualified,360.54,06/20/2026,
OPP04097,REP003,PRD10,Outbound,E.,Qualified,87.85,06/16/2026,
OPP04098,REP015,PRD02,Partner,West,Qualified,233.32,05/08/2026,
OPP04099,REP018,PRD09,Outbound,Central,Qualified,168.76,2025-07-04,
OPP04100,REP031,PRD15,Outbound,East,Proposal,1668.77,07/30/2025,
OPP04101,REP012,PRD12,Inbound,East,Lead,512.58,2026-02-09,
OPP04102,REP031,PRD13,Inbound,east,Lead,241.99,07/16/2025,
OPP04103,REP004,PRD04,Web Signup,Central,Lead,51.19,2026-08-10,
OPP04104,REP016,PRD07,Inbound,S.,Qualified,41.63,2025-10-16,
OPP04105,REP031,PRD05,Outbound,east,Lead,1295.1,23-Feb-2026,
OPP04106,REP004,PRD15,Inbound,CENTRAL,Proposal,1259.91,07/09/2025,
OPP04107,REP013,PRD12,Partner,CENTRAL,Qualified,124.16,02/22/2026,
OPP04108,REP016,PRD10,Inbound,,Lead,34.74,2025-12-23,
OPP04109,REP036,PRD06,Outbound,Centrl,Qualified,182.33,2025-12-17,
OPP04110,REP013,PRD12,Inbound,CENTRAL,Closed Won,102.94,2026-03-05,09-Mar-2026
OPP04111,REP012,PRD14,Referral,East,Closed Lost,121.63,02/03/2026,08/20/2026
OPP04112,REP026,PRD03,Outbound,East,Proposal,355.04,2025-11-01,
OPP04113,REP037,PRD07,Partner,E.,Qualified,211.57,15-Sep-2025,
OPP04114,REP036,PRD01,Outbound,Central ,Closed Won,80.86,2025-08-02,07/25/2026
OPP04115,REP040,PRD15,Web Signup,SOUTH,Lead,780.67,06-Apr-2026,
OPP04116,REP018,PRD05,Partner,Central ,Qualified,1070.75,2025-11-02,
OPP04117,REP039,PRD07,Web Signup,North,Qualified,-8.34,2025-10-19,
OPP04118,REP018,PRD15,Referral,CENTRAL,Closed Won,2416.48,2026-01-25,16-Jun-2026
OPP04119,REP009,PRD11,Referral,East,Closed Lost,2426.65,2026-01-14,2026-04-14
OPP04120,REP022,PRD02,Inbound,central,Closed Lost,190.52,01/19/2026,05/15/2026
OPP04121,REP020,PRD08,Outbound,West,Qualified,4745.55,09/13/2025,
OPP04122,REP001,PRD01,Referral,west ,Proposal,72.37,10-May-2026,
OPP04123,REP012,PRD07,Partner,EAST,Lead,23.09,2025-12-19,
OPP04124,REP031,PRD10,Outbound,East,Lead,0.0,09/01/2025,
OPP04125,REP032,PRD07,Outbound,W.,Proposal,204.21,2026-03-13,
OPP04126,REP007,PRD12,Outbound,East,Proposal,281.4,2026-07-13,
OPP04127,REP001,PRD02,Partner,west,Qualified,31.07,15-Nov-2025,
OPP04128,REP007,PRD11,Inbound,EAST,Lead,1436.39,2026-07-18,
OPP04129,REP015,PRD14,Partner,west,Closed Lost,25.41,09/16/2025,2026-05-05
OPP04130,REP002,PRD05,Partner,Central,Proposal,518.5,2026-02-22,
OPP04131,REP035,PRD09,Inbound,east,Proposal,184.69,2025-08-02,
OPP04132,REP013,PRD06,Referral,Central,Closed Lost,16.81,2026-04-26,11-May-2026
OPP04133,REP015,PRD13,Inbound,West,Qualified,97.13,2025-08-16,
OPP04134,REP031,PRD08,Inbound,East,Proposal,2171.14,2026-03-20,
OPP04135,REP024,PRD10,Inbound,,Closed Lost,45.55,31-Mar-2026,2026-06-23
OPP04136,REP034,PRD01,Inbound,NORTH,Closed Lost,18.5,2026-05-23,2026-06-15
OPP04137,REP027,PRD02,Partner,East,Closed Lost,50.99,12/27/2025,08/17/2026
OPP04138,REP018,PRD14,Outbound,Central,Qualified,72.36,12-Jul-2025,
OPP04139,REP007,PRD06,Outbound,east,Qualified,89.95,2026-04-27,
OPP04140,REP007,PRD03,Partner,east,Closed Won,822.4,2025-08-15,2025-12-11
OPP04141,REP029,PRD02,Outbound,west,Closed Lost,82.25,2026-08-15,2026-08-15
OPP04142,REP019,PRD03,Referral, North,Closed Lost,1046.11,2026-03-09,2026-06-21
OPP04143,REP010,PRD05,Outbound,Centrl,Lead,492.91,28-Oct-2025,
OPP04144,REP023,PRD03,Web Signup,West,Closed Lost,355.14,14-Mar-2026,2026-06-19
OPP04145,REP040,PRD03,Inbound,South ,Closed Won,1380.13,12/22/2025,2026-02-19
OPP04146,REP012,PRD12,Partner,E.,Proposal,74.8,2025-08-12,
OPP04147,REP011,PRD02,Partner,west ,Closed Won,376.98,05/05/2026,2026-07-30
OPP04148,REP017,PRD13,Referral,west ,Closed Lost,87.52,2026-07-31,2026-08-04
OPP04149,REP001,PRD09,Outbound,west ,Proposal,508.8,2025-12-23,
OPP04150,REP039,PRD11,Partner,N.,Qualified,1930.7,2026-06-04,
OPP04151,REP002,PRD02,Referral,Central ,Closed Won,181.87,14-Feb-2026,07/17/2026
OPP04152,REP021,PRD05,Inbound,south,Proposal,1517.22,10/26/2025,
OPP04153,REP036,PRD14,Referral,central,Lead,70.87,14-Oct-2025,
OPP04154,REP036,PRD07,Outbound,CENTRAL,Qualified,80.27,2026-03-22,
OPP04155,REP036,PRD08,Referral,Centrl,Closed Lost,2288.44,2025-09-06,03/09/2026
OPP04156,REP015,PRD06,Outbound,west,Closed Won,133.96,11-Aug-2025,11-Mar-2026
OPP04157,REP008,PRD02,Outbound,East,Closed Won,66.39,2026-05-10,2026-06-29
OPP04158,REP031,PRD11,Inbound,E.,Closed Won,544.43,2025-09-08,2026-02-09
OPP04159,REP009,PRD15,Outbound,E.,Qualified,1804.15,2026-07-28,
OPP04160,REP021,PRD11,Inbound,SOUTH,Proposal,2004.98,06-Jun-2026,
OPP04161,REP004,PRD07,Referral,Central,Lead,274.36,2025-10-13,
OPP04162,REP021,PRD03,Inbound,,Qualified,444.52,16-Oct-2025,
OPP04163,REP033,PRD08,Partner,West,Closed Lost,3761.47,07/12/2026,2026-07-31
OPP04164,REP006,PRD01,Inbound,South ,Proposal,68.38,17-Jul-2026,
OPP04165,REP003,PRD08,Outbound,East,Qualified,1450.21,05/07/2026,
OPP04166,REP022,PRD03,Outbound,Central,Closed Won,356.39,2025-12-03,07/08/2026
OPP04167,REP007,PRD13,Partner,E.,Proposal,245.28,2026-08-15,
OPP04168,REP006,PRD12,Inbound,S.,Qualified,33.2,2026-01-11,
OPP04169,REP008,PRD06,Inbound,EAST,Closed Lost,881.38,01/08/2026,2026-02-04
OPP04170,REP032,PRD07,Partner,West,Qualified,186.12,01/26/2026,
OPP04171,REP032,PRD06,Outbound,W.,Lead,683.62,06/03/2026,
OPP04172,REP009,PRD04,Inbound,,Proposal,40.25,2026-03-12,
OPP04173,REP008,PRD08,Partner,EAST,Proposal,793.37,2025-09-11,
OPP04174,REP023,PRD11,Referral,west,Qualified,5005.08,29-Sep-2025,
OPP04175,REP030,PRD01,Outbound,west ,Qualified,56.31,2026-05-21,
OPP04176,REP035,PRD15,Referral,east,Qualified,1320.63,2026-05-28,
OPP04177,REP024,PRD01,Outbound,NORTH,Qualified,34.37,2026-04-13,
OPP04178,REP003,PRD12,Web Signup,,Closed Won,137.91,2026-03-31,2026-05-06
OPP04179,REP003,PRD02,Inbound,east,Lead,80.24,03/10/2026,
OPP04180,REP024,PRD10,Inbound,North,Closed Lost,50.27,03/28/2026,2026-07-21
OPP04181,REP035,PRD02,Partner,E.,Lead,95.23,07/22/2025,
OPP04182,REP027,PRD04,Outbound,EAST,Lead,43.1,2026-02-25,
OPP04183,REP001,PRD11,Outbound,west ,Qualified,1413.1,2025-11-12,
OPP04184,REP039,PRD04,Outbound,NORTH,Lead,53.17,2026-04-01,
OPP04185,REP038,PRD03,Web Signup,Central,Lead,530.67,2026-06-12,
OPP04186,REP022,PRD02,Web Signup,Central,Closed Lost,71.06,2025-10-25,04/14/2026
OPP04187,REP025,PRD02,Outbound,NORTH,Qualified,267.3,2025-08-07,
OPP04188,REP021,PRD09,Referral,S.,Qualified,197.91,01/01/2026,
OPP04189,REP025,PRD04,Partner,North,Lead,-191.0,12/06/2025,
OPP04190,REP007,PRD13,Partner,East,Qualified,235.55,20-Apr-2026,
OPP04191,REP022,PRD05,Partner,central,Closed Lost,244.49,2025-11-02,08/23/2026
OPP04192,REP003,PRD09,Outbound,east,Lead,489.13,09/08/2025,
OPP04193,REP002,PRD03,Inbound,Central ,Proposal,186.5,2025-09-29,
OPP04194,REP012,PRD08,Outbound,East,Closed Lost,545.34,08/15/2025,2025-11-17
OPP04195,REP018,PRD06,Outbound,CENTRAL,Qualified,58.33,2025-10-26,
OPP04196,REP023,PRD15,Referral,west ,Qualified,1235.13,2026-02-12,
OPP04197,REP031,PRD15,Partner,east,Qualified,1261.09,2025-07-14,
OPP04198,REP005,PRD05,Inbound,CENTRAL,Qualified,209.91,27-Mar-2026,
OPP04199,REP018,PRD06,Referral,Centrl,Lead,636.56,2025-09-28,
OPP04200,REP023,PRD14,Partner,West,Qualified,49.79,2026-02-25,
OPP04201,REP002,PRD15,Outbound,Central ,Proposal,1155.22,2026-06-18,
OPP04202,REP028,PRD10,Inbound,SOUTH,Qualified,27.35,04-Jul-2026,
OPP04203,REP013,PRD06,Inbound,central,Qualified,120.91,07/21/2025,
OPP04204,REP040,PRD13,Outbound,South ,Lead,120.07,2026-03-18,
OPP04205,REP028,PRD04,Partner,south,Qualified,89.17,12/13/2025,
OPP04206,REP032,PRD10,Referral,,Qualified,67.16,25-Aug-2026,
OPP04207,REP015,PRD05,Outbound,West,Qualified,574.21,2025-12-15,
OPP04208,REP001,PRD12,Referral,,Lead,192.63,2025-12-09,
OPP04209,REP028,PRD04,Outbound,South,Lead,54.42,01-Sep-2026,
OPP04210,REP011,PRD13,Outbound,west,Proposal,85.57,2026-08-14,
OPP04211,REP009,PRD15,Inbound,EAST,Qualified,680.93,01/20/2026,
OPP04212,REP033,PRD04,Inbound,W.,Closed Lost,156.88,14-Jul-2026,2026-07-27
OPP04213,REP023,PRD14,Partner,west ,Lead,44.82,2025-07-18,
OPP04214,REP030,PRD09,Partner,,Qualified,-89.05,04/22/2026,
OPP04215,REP018,PRD12,Referral,,Lead,274.08,2026-08-17,
OPP04216,REP029,PRD04,Inbound,,Qualified,54.3,06-Aug-2025,
OPP04217,REP004,PRD05,Inbound,Central,Lead,1308.84,2026-01-18,
OPP04218,REP026,PRD07,Partner,East,Proposal,138.73,2025-11-13,
OPP04219,REP013,PRD04,Inbound,Centrl,Closed Lost,140.39,2025-08-19,2025-12-07
OPP04220,REP032,PRD09,Referral,west ,Proposal,578.22,2025-12-06,
OPP04221,REP023,PRD13,Referral,west,Qualified,54.42,01/30/2026,
OPP04222,REP001,PRD01,Partner,WEST,Qualified,22.63,2025-08-14,
OPP04223,REP005,PRD12,Outbound,Central ,Lead,177.45,2026-06-30,
OPP04224,REP027,PRD05,Referral,east,Closed Won,1291.77,10-Jul-2025,2025-08-30
OPP04225,REP035,PRD15,Inbound,E.,Proposal,846.05,2026-05-01,
OPP04226,REP036,PRD14,Outbound,CENTRAL,Lead,83.06,2026-01-30,
OPP04227,REP006,PRD12,Partner,South,Qualified,206.48,2026-04-09,
OPP04228,REP039,PRD01,Partner,NORTH,Closed Won,62.96,25-Sep-2025,2025-10-02
OPP04229,REP012,PRD05,Partner,East,Qualified,744.34,02/16/2026,
OPP04230,REP001,PRD06,Outbound,west,Qualified,347.9,2026-04-30,
OPP04231,REP030,PRD08,Partner,W.,Lead,4183.3,2025-12-30,
OPP04232,REP015,PRD04,Referral,West,Qualified,86.6,2026-04-25,
OPP04233,REP020,PRD15,Referral,West,Closed Won,1307.36,2026-08-02,08/06/2026
OPP04234,REP006,PRD02,Referral,South ,Lead,195.43,2026-03-06,
OPP04235,REP040,PRD07,Partner,south,Proposal,230.38,07/15/2026,
OPP04236,REP032,PRD06,Inbound,WEST,Lead,232.17,08/20/2026,
OPP04237,REP015,PRD14,Referral,,Closed Lost,30.07,2025-09-10,2025-11-21
OPP04238,REP002,PRD08,Referral,Central,Qualified,-1376.72,2025-12-05,
OPP04239,REP017,PRD07,Partner,west ,Qualified,74.49,2026-07-27,
OPP04240,REP004,PRD02,Inbound,Central,Qualified,497.94,2026-06-24,
OPP04241,REP013,PRD03,Referral,Central,Qualified,471.81,07/20/2025,
OPP04242,REP011,PRD10,Web Signup,West,Lead,38.78,08/03/2025,
OPP04243,REP027,PRD12,Outbound,East,Lead,150.07,2026-01-12,
OPP04244,REP001,PRD14,Partner,west ,Qualified,25.51,08/19/2026,
OPP04245,REP025,PRD09,Web Signup,NORTH,Qualified,327.35,02/25/2026,
OPP04246,REP005,PRD12,Inbound,Central,Closed Lost,391.43,2026-03-20,2026-06-23
OPP04247,REP032,PRD11,Partner,west ,Lead,653.25,2026-05-05,
OPP04248,REP035,PRD04,Outbound,East,Lead,23.96,11/02/2025,
OPP04249,REP012,PRD06,Outbound,E.,Proposal,130.57,07/18/2025,
OPP04250,REP032,PRD13,Inbound,West,Qualified,47.39,2026-03-30,
OPP04251,REP007,PRD02,Referral,east,Proposal,185.96,2026-04-03,
OPP04252,REP038,PRD02,Web Signup,Centrl,Qualified,28.56,2026-04-06,
OPP04253,REP039,PRD10,Outbound,N.,Qualified,68.77,2026-02-23,
OPP04254,REP008,PRD09,Inbound,EAST,Closed Won,433.47,2026-01-03,2026-07-16
OPP04255,REP040,PRD01,Referral,S.,Proposal,123.76,02/03/2026,
OPP04256,REP024,PRD06,Partner,N.,Lead,317.42,21-Aug-2025,
OPP04257,REP019,PRD10,Inbound, North,Qualified,117.97,20-Jan-2026,
OPP04258,REP014,PRD15,Inbound,south,Qualified,853.2,2026-04-30,
OPP04259,REP005,PRD03,Partner,,Closed Lost,382.31,2025-07-26,2026-02-28
OPP04260,REP011,PRD15,Partner,west,Lead,936.47,2025-12-26,
OPP04261,REP030,PRD03,Outbound,west ,Lead,646.64,2025-10-29,
OPP04262,REP028,PRD14,Web Signup,SOUTH,Closed Lost,51.13,26-Mar-2026,2026-06-10
OPP04263,REP016,PRD03,Inbound,South,Closed Lost,879.8,18-Oct-2025,2025-11-21
OPP04264,REP033,PRD13,Inbound,west,Closed Won,265.77,2026-04-26,2026-08-05
OPP04265,REP020,PRD07,Outbound,WEST,Proposal,77.27,27-Dec-2025,
OPP04266,REP025,PRD13,Outbound,N.,Proposal,12.35,24-May-2026,
OPP04267,REP030,PRD01,Referral,W.,Lead,29.45,2026-01-06,
OPP04268,REP024,PRD04,Referral, North,Qualified,32.29,10/30/2025,
OPP04269,REP030,PRD12,Referral,W.,Closed Lost,156.96,2026-05-31,09/02/2026
OPP04270,REP017,PRD05,Web Signup,W.,Closed Lost,-1285.54,03/03/2026,2026-08-26
OPP04271,REP014,PRD10,Inbound,south,Lead,53.99,03/16/2026,
OPP04272,REP013,PRD13,Outbound,CENTRAL,Lead,87.41,06/17/2026,
OPP04273,REP013,PRD15,Referral,,Closed Won,944.78,08/29/2026,2026-08-29
OPP04274,REP009,PRD08,Outbound,E.,Qualified,1192.76,2025-12-11,
OPP04275,REP038,PRD08,Referral,Centrl,Closed Lost,2156.45,10/19/2025,2026-06-01
OPP04276,REP029,PRD01,Inbound,west ,Closed Won,62.7,08/28/2026,2026-09-01
OPP04277,REP025,PRD15,Web Signup,NORTH,Closed Won,386.43,08-Dec-2025,01/30/2026
OPP04278,REP022,PRD01,Web Signup,Centrl,Qualified,7.03,03/01/2026,
OPP04279,REP009,PRD06,Outbound,E.,Lead,583.35,08/14/2026,
OPP04280,REP024,PRD06,Referral, North,Qualified,219.11,10/17/2025,
OPP04281,REP002,PRD14,Outbound,Central,Lead,40.64,2026-06-03,
OPP04282,REP002,PRD09,Outbound,CENTRAL,Qualified,500.99,2025-10-24,
OPP04283,REP039,PRD12,Inbound,N.,Closed Lost,149.36,2025-11-03,2026-03-06
OPP04284,REP009,PRD01,Web Signup,E.,Lead,13.36,2025-08-25,
OPP04285,REP010,PRD15,Partner,Central ,Qualified,2293.54,08/21/2026,
OPP04286,REP016,PRD06,Outbound,South ,Lead,211.92,2025-10-03,
OPP04287,REP004,PRD07,Outbound,,Lead,173.9,11/24/2025,
OPP04288,REP015,PRD02,Partner,west,Closed Lost,109.14,2026-03-07,2026-08-17
OPP04289,REP020,PRD14,Outbound,W.,Lead,55.76,2025-10-25,
OPP04290,REP032,PRD04,Referral,W.,Proposal,132.36,07/26/2025,
OPP04291,REP012,PRD03,Inbound,east,Lead,540.84,08-Mar-2026,
OPP04292,REP017,PRD07,Referral,W.,Lead,231.65,2026-05-21,
OPP04293,REP032,PRD11,Partner,W.,Closed Won,4917.76,2026-05-19,2026-07-16
OPP04294,REP012,PRD07,Outbound,EAST,Closed Won,131.6,2026-06-13,2026-08-24
OPP04295,REP036,PRD05,Referral,Central ,Qualified,1534.03,01-Feb-2026,
OPP04296,REP014,PRD04,Outbound,SOUTH,Lead,62.35,2025-10-30,
OPP04297,REP037,PRD01,Partner,E.,Lead,165.72,2025-11-26,
OPP04298,REP008,PRD03,Outbound,,Lead,1024.7,09/24/2025,
OPP04299,REP010,PRD03,Inbound,Central,Qualified,247.26,2025-10-14,
OPP04300,REP005,PRD04,Referral,Central,Qualified,60.42,2025-11-24,
OPP04301,REP022,PRD15,Web Signup,CENTRAL,Closed Lost,1836.98,07/24/2025,02/16/2026
OPP04302,REP026,PRD04,Outbound,E.,Qualified,95.34,2025-12-30,
OPP04303,REP018,PRD11,Outbound,Central,Qualified,1018.28,31-Dec-2025,
OPP04304,REP020,PRD05,Referral,West,Qualified,975.17,2025-12-30,
OPP04305,REP005,PRD01,Outbound,Centrl,Proposal,85.09,07/24/2025,
OPP04306,REP022,PRD11,Inbound,Central,Qualified,1143.02,2026-04-09,
OPP04307,REP037,PRD10,Inbound,EAST,Proposal,29.87,03-Sep-2025,
OPP04308,REP019,PRD09,Referral,N.,Qualified,248.16,09-Jul-2026,
OPP04309,REP012,PRD07,Referral,east,Closed Lost,-78.59,2025-10-16,29-Apr-2026
OPP04310,REP027,PRD10,Inbound,EAST,Qualified,98.93,07/03/2026,
OPP04311,REP001,PRD11,Inbound,west,Proposal,1152.73,2026-04-20,
OPP04312,REP023,PRD01,Inbound,WEST,Closed Lost,61.86,2025-11-23,2026-04-22
OPP04313,REP004,PRD10,Referral,CENTRAL,Qualified,53.37,07/20/2026,
OPP04314,REP021,PRD02,Outbound,South ,Lead,306.75,07/07/2026,
OPP04315,REP006,PRD10,Partner,South ,Proposal,14.86,2025-10-18,
OPP04316,REP007,PRD03,Outbound,E.,Qualified,218.44,2025-11-08,
OPP04317,REP018,PRD07,Inbound,Centrl,Qualified,210.55,2025-12-01,
OPP04318,REP017,PRD02,Inbound,West,Closed Lost,145.11,2025-12-26,2026-01-07
OPP04319,REP012,PRD03,Partner,East,Proposal,251.28,2026-05-17,
OPP04320,REP032,PRD13,Outbound,W.,Closed Won,236.16,2025-07-15,2026-02-09
OPP04321,REP009,PRD04,Web Signup,east,Lead,98.72,2026-05-20,
OPP04322,REP015,PRD15,Outbound,west ,Lead,326.54,2025-12-23,
OPP04323,REP030,PRD09,Referral,west ,Lead,149.52,2025-12-08,
OPP04324,REP035,PRD04,Referral,east,Lead,86.24,09-Dec-2025,
OPP04325,REP036,PRD12,Partner,central,Proposal,180.56,2025-08-24,
OPP04326,REP009,PRD02,Inbound,,Proposal,110.35,2025-11-18,
OPP04327,REP019,PRD05,Outbound,N.,Qualified,968.56,06/10/2026,
OPP04328,REP006,PRD03,Outbound,South ,Qualified,294.78,2026-07-19,
OPP04329,REP018,PRD12,Inbound,Centrl,Lead,59.16,03/13/2026,
OPP04330,REP004,PRD09,Inbound,central,Qualified,939.03,2026-06-24,
OPP04331,REP037,PRD06,Outbound,EAST,Proposal,289.72,01/11/2026,
OPP04332,REP029,PRD05,Web Signup,WEST,Qualified,652.04,2026-06-01,
OPP04333,REP015,PRD10,Outbound,west,Lead,35.0,14-May-2026,
OPP04334,REP009,PRD05,Outbound,E.,Proposal,1247.37,08/05/2025,
OPP04335,REP030,PRD03,Outbound,W.,Qualified,114.18,2026-04-25,
OPP04336,REP027,PRD01,Referral,east,Qualified,53.88,03/04/2026,
OPP04337,REP019,PRD06,Referral,North,Proposal,325.63,2026-05-06,
OPP04338,REP011,PRD08,Inbound,West,Qualified,2779.56,2026-08-24,
OPP04339,REP013,PRD01,Web Signup,Centrl,Qualified,49.29,08/15/2026,
OPP04340,REP010,PRD15,Outbound,Central ,Lead,956.19,2025-08-02,
OPP04341,REP011,PRD07,Inbound,west,Qualified,56.52,2026-08-12,
OPP04342,REP035,PRD01,Inbound,East,Lead,37.91,26-Sep-2025,
OPP04343,REP010,PRD03,Outbound,Central ,Proposal,744.46,2026-06-19,
OPP04344,REP033,PRD01,Inbound,WEST,Lead,102.28,06/23/2026,
OPP04345,REP012,PRD10,Outbound,E.,Qualified,86.29,2025-08-05,
OPP04346,REP011,PRD11,Referral,W.,Qualified,545.56,2026-01-10,
OPP04347,REP015,PRD04,Partner,W.,Closed Won,100.43,2026-08-10,2026-08-23
OPP04348,REP040,PRD13,Outbound,South ,Closed Lost,224.57,2026-05-07,05/14/2026
OPP04349,REP034,PRD10,Inbound,North,Closed Lost,19.97,2026-04-30,2026-08-08
OPP04350,REP035,PRD01,Referral,EAST,Closed Won,14.93,2025-08-11,10/23/2025
OPP04351,REP018,PRD08,Outbound,Central ,Proposal,2673.66,2026-02-15,
OPP04352,REP012,PRD01,Inbound,East,Qualified,53.95,10-Jun-2026,
OPP04353,REP002,PRD04,Outbound,central,Proposal,181.66,2026-05-09,
OPP04354,REP028,PRD05,Inbound,South ,Qualified,875.43,2026-02-25,
OPP04355,REP008,PRD02,Partner,East,Closed Won,346.94,2026-02-11,2026-08-09
OPP04356,REP036,PRD13,Outbound,Central,Proposal,85.82,2025-11-10,
OPP04357,REP015,PRD09,Outbound,W.,Lead,214.75,2026-05-28,
OPP04358,REP035,PRD01,Partner,East,Qualified,45.47,17-Feb-2026,
OPP04359,REP020,PRD12,Web Signup,west,Qualified,407.21,2025-08-15,
OPP04360,REP037,PRD12,Inbound,east,Lead,210.53,2026-08-09,
OPP04361,REP016,PRD07,Outbound,SOUTH,Lead,151.99,10/22/2025,
OPP04362,REP003,PRD02,Outbound,East,Lead,397.54,2026-06-29,
OPP04363,REP022,PRD13,Inbound,Central ,Closed Won,338.32,06/19/2026,27-Jun-2026
OPP04364,REP025,PRD11,Outbound,N.,Proposal,560.6,2026-07-27,
OPP04365,REP009,PRD09,Web Signup,east,Lead,172.03,09/29/2025,
OPP04366,REP004,PRD05,Referral,CENTRAL,Qualified,2982.42,2025-11-20,
OPP04367,REP026,PRD01,Outbound,East,Closed Lost,94.61,2026-09-01,09/01/2026
OPP04368,REP005,PRD13,Referral,central,Closed Won,56.41,2026-05-05,07/24/2026
OPP04369,REP003,PRD12,Outbound,east,Qualified,498.16,2026-03-12,
OPP04370,REP003,PRD11,Inbound,East,Qualified,885.95,06/19/2026,
OPP04371,REP026,PRD13,Outbound,EAST,Qualified,69.01,23-Jul-2025,
OPP04372,REP013,PRD06,Inbound,CENTRAL,Lead,436.94,11/19/2025,
OPP04373,REP035,PRD03,Referral,East,Qualified,305.44,06/21/2026,
OPP04374,REP011,PRD01,Outbound,west ,Lead,8.18,2025-12-07,
OPP04375,REP011,PRD12,Web Signup,WEST,Closed Won,108.36,06/22/2026,06/30/2026
OPP04376,REP008,PRD07,Partner,E.,Closed Won,252.59,2026-01-14,2026-05-19
OPP04377,REP012,PRD05,Partner,E.,Closed Lost,284.18,11/08/2025,2026-08-13
OPP04378,REP003,PRD15,Inbound,east,Proposal,1368.63,10/07/2025,
OPP04379,REP029,PRD07,Partner,west,Lead,55.41,12-Sep-2025,
OPP04380,REP038,PRD13,Partner,central,Qualified,392.93,09/30/2025,
OPP04381,REP016,PRD01,Partner,South,Proposal,8.84,2026-06-18,
OPP04382,REP034,PRD15,Inbound,North,Qualified,1086.42,2026-04-11,
OPP04383,REP040,PRD09,Partner,SOUTH,Qualified,996.87,09/08/2025,
OPP04384,REP012,PRD09,Outbound,East,Qualified,554.41,2026-08-14,
OPP04385,REP009,PRD13,Partner,EAST,Proposal,137.65,2026-04-28,
OPP04386,REP016,PRD05,Referral,,Lead,186.58,2026-08-05,
OPP04387,REP023,PRD09,Inbound,W.,Proposal,283.5,11/05/2025,
OPP04388,REP002,PRD02,Outbound,Central ,Closed Lost,137.33,2026-04-24,2026-08-08
OPP04389,REP019,PRD10,Inbound, North,Lead,29.03,2026-04-25,
OPP04390,REP037,PRD01,Referral,,Qualified,0.0,2025-08-07,
OPP04391,REP021,PRD13,Referral,South ,Lead,207.61,2025-11-13,
OPP04392,REP019,PRD10,Inbound,North,Qualified,13.68,2026-03-21,
OPP04393,REP019,PRD13,Partner,N.,Qualified,231.48,10/28/2025,
OPP04394,REP018,PRD07,Outbound,central,Proposal,84.22,11/06/2025,
OPP04395,REP039,PRD01,Outbound,north,Qualified,34.26,2025-10-24,
OPP04396,REP031,PRD07,Outbound,east,Lead,29.91,19-Nov-2025,
OPP04397,REP036,PRD15,Outbound,CENTRAL,Qualified,203.85,12-Aug-2025,
OPP04398,REP017,PRD14,Outbound,W.,Qualified,125.26,05/25/2026,
OPP04399,REP029,PRD02,Inbound,W.,Qualified,72.23,2026-02-28,
OPP04400,REP022,PRD11,Outbound,Centrl,Lead,2084.37,2026-03-01,
OPP04401,REP033,PRD12,Partner,W.,Lead,542.33,15-Jun-2026,
OPP04402,REP014,PRD07,Inbound,south,Closed Lost,88.57,02/13/2026,04/24/2026
OPP04403,REP019,PRD01,Outbound, North,Qualified,59.02,2025-10-03,
OPP04404,REP003,PRD09,Outbound,E.,Qualified,292.51,14-Oct-2025,
OPP04405,REP023,PRD06,Inbound,west ,Qualified,194.91,12/08/2025,
OPP04406,REP040,PRD06,Referral,SOUTH,Qualified,121.26,2025-07-06,
OPP04407,REP018,PRD12,Outbound,CENTRAL,Proposal,31.37,2026-01-16,
OPP04408,REP004,PRD03,Inbound,Central,Lead,245.24,2025-07-13,
OPP04409,REP010,PRD02,Partner,CENTRAL,Lead,88.03,2026-06-25,
OPP04410,REP015,PRD04,Web Signup,W.,Closed Lost,64.58,2026-07-25,08/18/2026
OPP04411,REP040,PRD08,Partner,SOUTH,Lead,3653.45,08/30/2026,
OPP04412,REP016,PRD09,Web Signup,SOUTH,Lead,286.37,2025-07-08,
OPP04413,REP019,PRD09,Referral,N.,Proposal,263.09,22-Jul-2026,
OPP04414,REP019,PRD05,Referral,North,Proposal,168.33,2026-01-04,
OPP04415,REP005,PRD10,Inbound,CENTRAL,Qualified,20.54,2025-12-19,
OPP04416,REP016,PRD02,Inbound,south,Qualified,83.27,07/08/2026,
OPP04417,REP036,PRD04,Partner,CENTRAL,Lead,93.56,21-Jun-2026,
OPP04418,REP032,PRD08,Referral,west ,Lead,2376.72,2026-05-18,
OPP04419,REP034,PRD03,Web Signup,north,Lead,-1237.22,2026-06-12,
OPP04420,REP021,PRD01,Inbound,South,Lead,207.09,2025-09-03,
OPP04421,REP007,PRD09,Outbound,EAST,Closed Won,141.33,2025-07-09,2026-01-15
OPP04422,REP025,PRD08,Referral, North,Lead,2115.48,02/05/2026,
OPP04423,REP028,PRD03,Referral,SOUTH,Closed Won,99.94,2025-12-12,2025-12-30
OPP04424,REP009,PRD11,Inbound,East,Qualified,197.36,2025-11-24,
OPP04425,REP013,PRD03,Referral,Central,Closed Won,644.66,2025-10-27,11/17/2025
OPP04426,REP016,PRD07,Web Signup,south,Qualified,107.02,2026-04-01,
OPP04427,REP040,PRD15,Web Signup,S.,Lead,1806.17,2025-08-01,
OPP04428,REP033,PRD01,Referral,West,Lead,17.07,2025-10-24,
OPP04429,REP036,PRD05,Inbound,Central ,Proposal,334.07,07/29/2025,
OPP04430,REP040,PRD05,Inbound,SOUTH,Qualified,760.6,02/20/2026,
OPP04431,REP016,PRD08,Referral,South,Lead,2046.21,2026-03-18,
OPP04432,REP040,PRD15,Inbound,South,Closed Won,1005.0,2025-09-10,2025-09-29
OPP04433,REP017,PRD12,Outbound,West,Closed Lost,364.21,2025-09-26,2026-03-06
OPP04434,REP015,PRD02,Inbound,WEST,Lead,183.33,19-Nov-2025,
OPP04435,REP002,PRD02,Inbound,central,Qualified,127.27,2025-11-06,
OPP04436,REP009,PRD13,Web Signup,E.,Lead,188.48,2026-02-09,
OPP04437,REP034,PRD03,Referral, North,Closed Lost,343.01,2025-11-18,2026-05-13
OPP04438,REP034,PRD11,Inbound,north,Qualified,589.67,04/09/2026,
OPP04439,REP010,PRD15,Outbound,CENTRAL,Lead,533.51,2025-07-31,
OPP04440,REP006,PRD08,Inbound,south,Lead,3165.35,2025-09-14,
OPP04441,REP012,PRD11,Web Signup,East,Closed Won,3769.52,2026-02-21,04/24/2026
OPP04442,REP001,PRD03,Outbound,west,Qualified,590.99,2026-04-16,
OPP04443,REP007,PRD10,Outbound,east,Proposal,39.76,04/24/2026,
OPP04444,REP006,PRD13,Referral,South,Proposal,257.1,08/25/2025,
OPP04445,REP021,PRD08,Inbound,S.,Lead,740.23,05/31/2026,
OPP04446,REP005,PRD14,Outbound,Centrl,Closed Won,66.73,2025-08-23,12/14/2025
OPP04447,REP034,PRD03,Referral,,Proposal,533.68,2026-07-04,
OPP04448,REP027,PRD06,Referral,East,Lead,140.18,10/16/2025,
OPP04449,REP027,PRD13,Outbound,E.,Closed Won,174.2,10/06/2025,2026-07-02
OPP04450,REP011,PRD05,Web Signup,west ,Qualified,2168.74,2026-02-02,
OPP04451,REP034,PRD08,Inbound,north,Qualified,703.82,2026-03-16,
OPP04452,REP009,PRD01,Inbound,E.,Closed Won,38.69,17-Aug-2026,2026-08-27
OPP04453,REP016,PRD03,Partner,S.,Lead,497.82,08/15/2026,
OPP04454,REP019,PRD03,Partner, North,Proposal,814.64,2025-12-13,
OPP04455,REP030,PRD06,Outbound,W.,Proposal,158.52,12/13/2025,
OPP04456,REP001,PRD10,Inbound,WEST,Qualified,15.42,2025-08-18,
OPP04457,REP034,PRD14,Web Signup,N.,Qualified,189.24,2025-09-26,
OPP04458,REP027,PRD03,Web Signup,E.,Closed Lost,155.48,2026-08-18,08/20/2026
OPP04459,REP033,PRD03,Inbound,west,Qualified,544.31,2026-07-14,
OPP04460,REP022,PRD13,Inbound,Centrl,Closed Lost,190.6,2026-02-12,2026-07-27
OPP04461,REP016,PRD11,Inbound,S.,Qualified,1555.87,06-Mar-2026,
OPP04462,REP030,PRD05,Web Signup,west ,Qualified,459.34,21-Jan-2026,
OPP04463,REP039,PRD02,Partner,N.,Lead,181.28,2026-08-16,
OPP04464,REP040,PRD05,Web Signup,South,Qualified,798.74,2026-04-04,
OPP04465,REP028,PRD03,Inbound,South ,Closed Lost,1118.35,2025-10-12,06/07/2026
OPP04466,REP029,PRD15,Inbound,West,Closed Won,1329.91,2026-07-24,2026-08-18
OPP04467,REP038,PRD09,Outbound,Centrl,Closed Won,102.7,25-Jul-2026,2026-08-17
OPP04468,REP025,PRD04,Inbound,,Proposal,103.55,2025-11-20,
OPP04469,REP013,PRD02,Outbound,Centrl,Qualified,198.46,12/31/2025,
OPP04470,REP028,PRD01,Outbound,SOUTH,Proposal,79.07,2026-02-14,
OPP04471,REP015,PRD02,Inbound,West,Closed Won,5.66,2025-12-01,2025-12-01
OPP04472,REP025,PRD08,Web Signup,North,Qualified,3082.78,03-Oct-2025,
OPP04473,REP005,PRD10,Partner,Centrl,Proposal,6.75,2025-07-22,
OPP04474,REP040,PRD03,Inbound,South ,Qualified,102.23,30-Jun-2026,
OPP04475,REP002,PRD13,Referral,CENTRAL,Closed Lost,54.75,10/03/2025,2026-07-16
OPP04476,REP024,PRD02,Inbound, North,Lead,264.8,12-Dec-2025,
OPP04477,REP036,PRD06,Web Signup,,Lead,183.67,2026-05-22,
OPP04478,REP031,PRD07,Outbound,East,Lead,60.95,2026-05-21,
OPP04479,REP016,PRD02,Referral,South ,Qualified,47.81,2025-08-08,
OPP04480,REP036,PRD05,Inbound,Centrl,Proposal,1165.71,03/20/2026,
OPP04481,REP014,PRD05,Web Signup,South,Lead,819.13,2026-04-01,
OPP04482,REP022,PRD08,Outbound,Central ,Lead,793.33,2025-12-15,
OPP04483,REP039,PRD06,Outbound,NORTH,Qualified,168.57,07/12/2025,
OPP04484,REP039,PRD13,Outbound,north,Qualified,85.47,2025-12-07,
OPP04485,REP003,PRD03,Inbound,E.,Qualified,151.85,02/07/2026,
OPP04486,REP001,PRD04,Partner,West,Proposal,40.64,2026-01-17,
OPP04487,REP036,PRD10,Outbound,Central,Qualified,34.49,08/25/2025,
OPP04488,REP038,PRD06,Partner,central,Qualified,562.94,2026-02-28,
OPP04489,REP014,PRD05,Inbound,S.,Qualified,1873.37,2026-02-22,
OPP04490,REP028,PRD08,Partner,South,Closed Won,7662.3,08/01/2026,2026-08-27
OPP04491,REP037,PRD01,Referral,East,Lead,168.4,2026-03-12,
OPP04492,REP025,PRD13,Referral,North,Proposal,386.04,2025-07-08,
OPP04493,REP034,PRD05,Outbound, North,Closed Won,596.66,09/30/2025,2026-06-23
OPP04494,REP038,PRD11,Inbound,CENTRAL,Qualified,1166.29,2026-03-19,
OPP04495,REP032,PRD13,Inbound,west,Qualified,141.3,26-Mar-2026,
OPP04496,REP022,PRD15,Partner,Centrl,Lead,780.17,2026-05-07,
OPP04497,REP040,PRD04,Referral,South ,Lead,78.2,2025-07-26,
OPP04498,REP032,PRD11,Outbound,W.,Closed Won,1945.87,2025-11-17,01/31/2026
OPP04499,REP012,PRD09,Inbound,east,Lead,435.73,03/17/2026,
OPP04500,REP019,PRD15,Outbound,North,Proposal,608.91,23-Mar-2026,
OPP04501,REP033,PRD08,Referral,west,Qualified,700.44,11-Jul-2026,
OPP04502,REP037,PRD04,Partner,East,Lead,21.95,2026-07-07,
OPP04503,REP025,PRD04,Outbound,NORTH,Proposal,36.43,2025-07-31,
OPP04504,REP038,PRD01,Outbound,Central ,Lead,70.39,2025-10-17,
OPP04505,REP010,PRD10,Partner,Centrl,Lead,21.66,2026-07-12,
OPP04506,REP002,PRD01,Inbound,Central,Qualified,64.02,2025-11-01,
OPP04507,REP029,PRD11,Partner,W.,Qualified,835.02,2026-06-26,
OPP04508,REP010,PRD08,Outbound,central,Closed Won,2832.02,2026-08-25,2026-08-29
OPP04509,REP008,PRD10,Referral,EAST,Lead,40.8,2026-06-28,
OPP04510,REP001,PRD12,Inbound,west,Qualified,349.97,2026-05-21,
OPP04511,REP004,PRD08,Inbound,central,Lead,2278.24,16-Aug-2025,
OPP04512,REP037,PRD08,Inbound,East,Lead,1855.35,2026-08-12,
OPP04513,REP037,PRD11,Referral,East,Lead,1375.78,21-Feb-2026,
OPP04514,REP031,PRD03,Inbound,EAST,Lead,554.07,2026-03-06,
OPP04515,REP021,PRD08,Inbound,SOUTH,Proposal,842.98,2026-08-24,
OPP04516,REP030,PRD10,Partner,West,Proposal,21.18,2025-07-18,
OPP04517,REP036,PRD15,Partner,Centrl,Lead,1217.08,2025-12-12,
OPP04518,REP015,PRD12,Inbound,WEST,Qualified,100.25,03/18/2026,
OPP04519,REP011,PRD10,Inbound,W.,Lead,56.59,04/04/2026,
OPP04520,REP035,PRD10,Outbound,EAST,Proposal,44.3,2025-08-24,
OPP04521,REP007,PRD04,Inbound,,Qualified,94.7,2025-10-27,
OPP04522,REP025,PRD13,Outbound,NORTH,Closed Won,247.01,2026-02-06,2026-02-18
OPP04523,REP035,PRD07,Outbound,E.,Proposal,76.59,24-Mar-2026,
OPP04524,REP032,PRD12,Inbound,West,Qualified,252.75,21-Apr-2026,
OPP04525,REP017,PRD10,Outbound,W.,Closed Lost,-48.07,2026-08-22,2026-09-01
OPP04526,REP037,PRD15,Referral,E.,Proposal,258.62,2025-11-09,
OPP04527,REP017,PRD03,Referral,west ,Proposal,241.76,05/02/2026,
OPP04528,REP009,PRD06,Outbound,east,Lead,395.78,2025-11-26,
OPP04529,REP009,PRD15,Web Signup,EAST,Closed Won,4243.9,2025-10-02,2026-09-02
OPP04530,REP004,PRD06,Outbound,Central ,Proposal,408.4,2026-02-28,
OPP04531,REP007,PRD02,Outbound,EAST,Lead,0.0,2026-03-05,
OPP04532,REP029,PRD04,Inbound,West,Qualified,73.59,07/28/2025,
OPP04533,REP016,PRD02,Inbound,,Lead,49.75,30-Jan-2026,
OPP04534,REP016,PRD07,Outbound,S.,Closed Won,44.66,21-May-2026,2026-06-06
OPP04535,REP040,PRD10,Inbound,South,Lead,20.92,07/25/2026,
OPP04536,REP029,PRD14,Outbound,WEST,Qualified,69.91,04-Jan-2026,
OPP04537,REP001,PRD15,Inbound,west ,Lead,1759.86,2026-04-18,
OPP04538,REP035,PRD09,Inbound,East,Closed Lost,496.36,20-Jun-2026,2026-07-19
OPP04539,REP023,PRD08,Inbound,west,Lead,1518.41,2025-12-18,
OPP04540,REP011,PRD15,Outbound,west ,Closed Lost,286.92,08/15/2026,2026-08-22
OPP04541,REP003,PRD02,Outbound,E.,Proposal,99.6,2025-11-16,
OPP04542,REP025,PRD12,Inbound,,Proposal,231.57,2025-09-29,
OPP04543,REP030,PRD06,Outbound,West,Lead,261.8,2026-04-20,
OPP04544,REP026,PRD02,Inbound,East,Proposal,198.59,08/02/2025,
OPP04545,REP040,PRD01,Referral,south,Lead,67.97,2025-12-07,
OPP04546,REP017,PRD13,Outbound,W.,Proposal,70.24,2025-09-13,
OPP04547,REP028,PRD15,Outbound,South ,Qualified,1174.34,2026-06-13,
OPP04548,REP035,PRD15,Outbound,EAST,Proposal,1146.32,01-Aug-2026,
OPP04549,REP017,PRD11,Inbound,West,Closed Lost,3351.36,2025-07-23,2026-08-01
OPP04550,REP017,PRD10,Inbound,west ,Lead,27.7,27-Jul-2026,
OPP04551,REP018,PRD11,Referral,central,Qualified,786.3,2025-10-31,
OPP04552,REP001,PRD09,Inbound,West,Lead,439.89,2025-11-28,
OPP04553,REP031,PRD06,Outbound,EAST,Closed Lost,346.44,2026-03-25,26-Jun-2026
OPP04554,REP031,PRD09,Partner,East,Qualified,921.04,14-Aug-2026,
OPP04555,REP023,PRD12,Referral,west ,Lead,155.9,2026-03-02,
OPP04556,REP024,PRD04,Web Signup,north,Qualified,64.05,2026-03-15,
OPP04557,REP029,PRD04,Referral,W.,Closed Won,58.26,2025-10-23,2026-08-17
OPP04558,REP039,PRD13,Outbound,NORTH,Qualified,170.74,09/18/2025,
OPP04559,REP034,PRD14,Outbound,north,Lead,6.8,08/08/2026,
OPP04560,REP021,PRD08,Inbound,South,Qualified,1036.01,10/15/2025,
OPP04561,REP039,PRD03,Partner,North,Closed Won,682.75,12/10/2025,2025-12-24
OPP04562,REP029,PRD02,Outbound,west ,Lead,142.64,2026-06-25,
OPP04563,REP033,PRD06,Outbound,West,Closed Won,63.2,2026-05-01,08/10/2026
OPP04564,REP010,PRD15,Referral,central,Qualified,650.69,2025-10-01,
OPP04565,REP012,PRD05,Outbound,east,Closed Lost,869.61,07/07/2025,2026-03-05
OPP04566,REP001,PRD13,Referral,West,Qualified,69.9,2025-08-07,
OPP04567,REP033,PRD13,Referral,west,Lead,51.7,2025-09-09,
OPP04568,REP011,PRD14,Web Signup,W.,Closed Won,115.56,2026-03-19,17-Jun-2026
OPP04569,REP035,PRD11,Outbound,E.,Qualified,1868.2,2025-08-08,
OPP04570,REP032,PRD06,Inbound,WEST,Lead,298.45,2025-09-22,
OPP04571,REP023,PRD12,Outbound,West,Proposal,21.56,2026-08-12,
OPP04572,REP025,PRD02,Inbound, North,Proposal,255.34,2026-03-03,
OPP04573,REP006,PRD12,Web Signup,south,Qualified,435.86,07/21/2025,
OPP04574,REP037,PRD15,Referral,east,Closed Lost,2650.29,2026-03-03,2026-07-05
OPP04575,REP037,PRD10,Partner,East,Closed Lost,54.26,2025-12-13,2026-04-16
OPP04576,REP040,PRD10,Inbound,south,Lead,14.44,12/06/2025,
OPP04577,REP037,PRD12,Outbound,E.,Closed Won,414.64,2025-11-30,2026-03-21
OPP04578,REP016,PRD03,Partner,SOUTH,Lead,372.78,2026-02-03,
OPP04579,REP032,PRD13,Outbound,WEST,Lead,92.66,08/21/2026,
OPP04580,REP004,PRD09,Partner,Central ,Qualified,281.51,2026-03-08,
OPP04581,REP025,PRD07,Inbound,north,Qualified,104.67,2026-06-11,
OPP04582,REP013,PRD15,Inbound,central,Lead,3964.82,2025-10-03,
OPP04583,REP040,PRD14,Inbound,S.,Closed Won,69.55,2026-01-31,03/29/2026
OPP04584,REP029,PRD08,Referral,W.,Closed Won,1953.61,11/03/2025,02/17/2026
OPP04585,REP028,PRD08,Referral,SOUTH,Closed Won,1938.4,30-Sep-2025,2025-10-05
OPP04586,REP005,PRD06,Referral,Central,Closed Lost,285.15,08/07/2026,11-Aug-2026
OPP04587,REP038,PRD06,Inbound,Central,Lead,366.09,2025-12-11,
OPP04588,REP001,PRD10,Inbound,West,Closed Lost,53.14,2026-08-29,08/31/2026
OPP04589,REP008,PRD06,Outbound,EAST,Qualified,572.43,2026-03-08,
OPP04590,REP038,PRD09,Outbound,Central ,Closed Lost,414.32,2026-01-30,2026-03-25
OPP04591,REP036,PRD03,Outbound,Central ,Closed Lost,1113.63,02/09/2026,2026-05-15
OPP04592,REP035,PRD11,Inbound,east,Qualified,604.62,2025-11-14,
OPP04593,REP011,PRD14,Inbound,west ,Lead,140.68,2025-08-28,
OPP04594,REP008,PRD04,Outbound,EAST,Proposal,41.26,03/02/2026,
OPP04595,REP007,PRD08,Inbound,East,Qualified,3362.99,2026-03-24,
OPP04596,REP007,PRD10,Partner,,Proposal,87.85,2026-08-27,
OPP04597,REP037,PRD11,Inbound,east,Qualified,524.49,2026-06-13,
OPP04598,REP017,PRD12,Inbound,west,Lead,206.28,08/12/2025,
OPP04599,REP025,PRD06,Partner, North,Lead,412.0,10/13/2025,
OPP04600,REP017,PRD13,Web Signup,west,Lead,529.7,26-Jul-2025,
OPP04601,REP007,PRD12,Outbound,E.,Lead,293.64,07/04/2026,
OPP04602,REP015,PRD04,Outbound,west ,Proposal,49.27,2025-08-12,
OPP04603,REP024,PRD12,Web Signup,north,Closed Won,289.89,2025-09-24,2026-02-19
OPP04604,REP028,PRD03,Partner,SOUTH,Closed Lost,161.21,2025-08-14,2025-09-16
OPP04605,REP040,PRD09,Outbound,south,Qualified,110.76,31-May-2026,
OPP04606,REP039,PRD01,Partner,NORTH,Lead,39.11,2026-05-04,
OPP04607,REP028,PRD02,Outbound,S.,Qualified,168.26,20-Nov-2025,
OPP04608,REP032,PRD04,Referral,W.,Lead,36.05,06/15/2026,
OPP04609,REP001,PRD02,Referral,WEST,Qualified,111.55,2026-04-06,
OPP04610,REP007,PRD08,Inbound,EAST,Qualified,582.39,03/03/2026,
OPP04611,REP036,PRD01,Referral,central,Lead,45.14,2026-03-19,
OPP04612,REP008,PRD10,Outbound,E.,Qualified,14.19,2025-12-04,
OPP04613,REP039,PRD05,Web Signup,North,Lead,1214.06,22-Aug-2026,
OPP04614,REP015,PRD13,Inbound,W.,Proposal,125.09,2025-09-03,
OPP04615,REP003,PRD05,Inbound,E.,Closed Won,2498.45,2026-06-30,2026-08-24
OPP04616,REP034,PRD14,Outbound,north,Closed Lost,55.16,2025-10-14,2025-11-19
OPP04617,REP010,PRD07,Outbound,central,Lead,79.92,2026-07-02,
OPP04618,REP016,PRD06,Inbound,South,Closed Lost,60.31,2025-09-17,2026-03-12
OPP04619,REP030,PRD10,Outbound,west,Qualified,13.21,2026-03-02,
OPP04620,REP039,PRD15,Inbound,N.,Lead,462.65,2026-06-30,
OPP04621,REP015,PRD02,Web Signup,WEST,Lead,218.8,2026-07-04,
OPP04622,REP020,PRD11,Outbound,west,Proposal,630.21,12/30/2025,
OPP04623,REP003,PRD13,Inbound,East,Qualified,210.7,24-Dec-2025,
OPP04624,REP016,PRD12,Outbound,S.,Closed Won,81.37,2025-10-23,06/19/2026
OPP04625,REP004,PRD08,Outbound,central,Lead,1581.38,01/20/2026,
OPP04626,REP012,PRD10,Referral,E.,Qualified,40.46,2026-04-12,
OPP04627,REP026,PRD06,Partner,east,Proposal,117.83,2026-05-04,
OPP04628,REP032,PRD02,Referral,west ,Proposal,45.65,2025-11-23,
OPP04629,REP039,PRD03,Outbound, North,Lead,1288.61,2026-03-17,
OPP04630,REP035,PRD11,Inbound,E.,Lead,2694.07,2026-03-13,
OPP04631,REP036,PRD05,Partner,Central ,Closed Won,292.38,06/21/2026,2026-08-07
OPP04632,REP030,PRD04,Outbound,West,Qualified,152.68,27-Jul-2025,
OPP04633,REP024,PRD02,Web Signup,N.,Closed Lost,56.56,23-Aug-2025,2026-02-23
OPP04634,REP001,PRD04,Inbound,WEST,Lead,28.68,2025-09-29,
OPP04635,REP027,PRD06,Inbound,EAST,Qualified,103.68,04/02/2026,
OPP04636,REP007,PRD09,Web Signup,east,Proposal,845.45,2026-07-10,
OPP04637,REP022,PRD08,Inbound,Central,Lead,3235.08,2026-06-27,
OPP04638,REP028,PRD10,Inbound,South ,Qualified,101.01,11/13/2025,
OPP04639,REP031,PRD01,Outbound,East,Proposal,10.24,2026-02-08,
OPP04640,REP027,PRD02,Partner,East,Closed Lost,240.17,2026-03-31,07/26/2026
OPP04641,REP007,PRD09,Inbound,EAST,Lead,414.8,2025-10-10,
OPP04642,REP034,PRD15,Inbound,NORTH,Lead,2010.28,2026-08-02,
OPP04643,REP035,PRD09,Outbound,east,Qualified,112.6,2025-09-21,
OPP04644,REP023,PRD05,Outbound,West,Qualified,396.5,05/15/2026,
OPP04645,REP037,PRD07,Inbound,EAST,Lead,40.81,2025-09-25,
OPP04646,REP028,PRD02,Outbound,South ,Lead,152.17,2026-03-14,
OPP04647,REP003,PRD04,Partner,,Lead,74.44,28-Aug-2025,
OPP04648,REP007,PRD13,Web Signup,east,Proposal,247.59,2026-02-23,
OPP04649,REP038,PRD04,Web Signup,Centrl,Qualified,5.89,2026-08-21,
OPP04650,REP006,PRD15,Referral,South ,Qualified,2259.77,2026-06-27,
OPP04651,REP002,PRD05,Inbound,Central ,Closed Won,1808.82,2026-05-11,2026-09-02
OPP04652,REP018,PRD14,Partner,CENTRAL,Qualified,51.08,21-May-2026,
OPP04653,REP026,PRD14,Outbound,east,Qualified,86.85,2026-01-05,
OPP04654,REP033,PRD13,Inbound,WEST,Qualified,176.88,2026-01-09,
OPP04655,REP013,PRD09,Inbound,central,Closed Won,805.43,04-Nov-2025,2026-05-10
OPP04656,REP039,PRD04,Inbound,north,Qualified,38.71,2026-04-28,
OPP04657,REP017,PRD13,Referral,W.,Qualified,92.88,2025-08-24,
OPP04658,REP012,PRD06,Inbound,EAST,Proposal,289.37,25-Mar-2026,
OPP04659,REP034,PRD01,Inbound,North,Proposal,64.17,12/12/2025,
OPP04660,REP006,PRD11,Outbound,SOUTH,Proposal,4019.24,2026-06-03,
OPP04661,REP037,PRD15,Partner,E.,Lead,4828.3,2026-06-07,
OPP04662,REP030,PRD10,Outbound,West,Closed Lost,80.67,03/26/2026,07/09/2026
OPP04663,REP019,PRD02,Inbound, North,Qualified,95.58,2026-01-03,
OPP04664,REP026,PRD05,Outbound,E.,Lead,243.78,11/15/2025,
OPP04665,REP017,PRD14,Outbound,W.,Proposal,37.15,2025-09-02,
OPP04666,REP004,PRD03,Inbound,central,Lead,411.12,2026-07-16,
OPP04667,REP038,PRD14,Referral,Centrl,Closed Lost,45.42,2025-09-30,17-May-2026
OPP04668,REP014,PRD15,Web Signup,South ,Lead,303.61,2026-06-28,
OPP04669,REP023,PRD07,Referral,west ,Lead,127.44,13-Mar-2026,
OPP04670,REP028,PRD12,Inbound,S.,Proposal,501.88,17-Sep-2025,
OPP04671,REP016,PRD03,Referral,SOUTH,Qualified,656.82,2026-06-14,
OPP04672,REP039,PRD13,Inbound,North,Lead,492.84,2025-11-17,
OPP04673,REP025,PRD15,Outbound,N.,Proposal,1936.82,28-Feb-2026,
OPP04674,REP002,PRD08,Outbound,Centrl,Lead,1931.2,15-May-2026,
OPP04675,REP031,PRD15,Partner,E.,Qualified,2260.86,2025-08-27,
OPP04676,REP028,PRD04,Inbound,S.,Closed Lost,16.52,2025-09-26,2026-06-19
OPP04677,REP016,PRD07,Inbound,south,Proposal,190.2,2026-04-24,
OPP04678,REP008,PRD15,Referral,EAST,Lead,2030.87,2026-03-15,
OPP04679,REP026,PRD04,Inbound,E.,Qualified,136.0,07/22/2026,
OPP04680,REP012,PRD10,Referral,east,Qualified,28.68,2025-08-20,
OPP04681,REP036,PRD13,Web Signup,Central ,Qualified,103.85,09/12/2025,
OPP04682,REP006,PRD15,Inbound,south,Lead,1421.44,2025-12-20,
OPP04683,REP031,PRD09,Inbound,East,Closed Lost,157.12,2025-10-19,01-Jun-2026
OPP04684,REP027,PRD08,Partner,E.,Closed Won,1244.29,07/04/2025,25-Oct-2025
OPP04685,REP040,PRD07,Referral,,Lead,46.77,2025-10-27,
OPP04686,REP009,PRD02,Partner,E.,Lead,97.85,20-Jun-2026,
OPP04687,REP025,PRD09,Web Signup,north,Qualified,782.95,2026-08-20,
OPP04688,REP035,PRD12,Inbound,E.,Qualified,126.92,15-Feb-2026,
OPP04689,REP033,PRD03,Outbound,W.,Qualified,277.88,2026-05-02,
OPP04690,REP039,PRD09,Referral, North,Closed Won,480.28,16-Jun-2026,04-Jul-2026
OPP04691,REP028,PRD15,Referral,south,Closed Lost,1332.6,2025-12-10,2026-08-31
OPP04692,REP040,PRD05,Outbound,S.,Qualified,1144.61,2026-03-06,
OPP04693,REP015,PRD09,Referral,west ,Qualified,395.76,2026-02-21,
OPP04694,REP003,PRD09,Referral,E.,Closed Won,456.25,02/25/2026,2026-08-22
OPP04695,REP032,PRD03,Inbound,west,Qualified,325.0,2026-06-06,
OPP04696,REP036,PRD14,Referral,Centrl,Qualified,22.31,03/28/2026,
OPP04697,REP012,PRD06,Partner,EAST,Proposal,26.5,2025-09-11,
OPP04698,REP020,PRD06,Outbound,west,Proposal,213.55,07/10/2025,
OPP04699,REP036,PRD14,Outbound,central,Closed Won,57.54,2026-08-04,2026-08-23
OPP04700,REP032,PRD15,Web Signup,west,Closed Won,2039.65,10/11/2025,2026-02-02
OPP04701,REP002,PRD06,Inbound,Central ,Qualified,214.7,08/21/2025,
OPP04702,REP017,PRD04,Outbound,West,Lead,34.44,04/16/2026,
OPP04703,REP018,PRD15,Inbound,Central,Lead,962.74,2025-08-14,
OPP04704,REP016,PRD15,Web Signup,SOUTH,Qualified,520.84,2025-07-04,
OPP04705,REP040,PRD07,Inbound,South ,Qualified,224.05,04/09/2026,
OPP04706,REP008,PRD04,Outbound,east,Closed Won,33.11,09/27/2025,2026-08-27
OPP04707,REP030,PRD03,Outbound,west ,Proposal,233.02,08-Feb-2026,
OPP04708,REP039,PRD02,Inbound,north,Lead,204.29,07/28/2025,
OPP04709,REP016,PRD12,Inbound,South ,Qualified,205.79,2026-01-02,
OPP04710,REP023,PRD02,Referral,W.,Lead,204.13,06/04/2026,
OPP04711,REP024,PRD05,Partner,North,Closed Won,1195.94,2026-05-06,2026-07-06
OPP04712,REP030,PRD09,Outbound,west,Lead,686.93,2026-04-27,
OPP04713,REP012,PRD09,Outbound,E.,Proposal,95.46,05/15/2026,
OPP04714,REP031,PRD03,Outbound,East,Closed Lost,54.07,04/26/2026,2026-07-19
OPP04715,REP025,PRD03,Outbound,NORTH,Lead,777.57,08/31/2026,
OPP04716,REP034,PRD11,Inbound,N.,Qualified,542.64,2025-12-15,
OPP04717,REP005,PRD13,Web Signup,central,Lead,79.92,11/15/2025,
OPP04718,REP013,PRD07,Inbound,central,Proposal,27.63,2026-07-07,
OPP04719,REP005,PRD02,Referral,Central,Qualified,63.79,10/20/2025,
OPP04720,REP002,PRD06,Web Signup,Centrl,Closed Lost,286.75,27-Nov-2025,2026-06-30
OPP04721,REP023,PRD14,Referral,west ,Qualified,88.52,04/28/2026,
OPP04722,REP026,PRD03,Inbound,E.,Closed Won,623.89,04/09/2026,2026-06-29
OPP04723,REP007,PRD02,Partner,East,Qualified,22.23,2025-10-31,
OPP04724,REP014,PRD01,Inbound,South ,Closed Lost,49.45,2026-02-13,2026-04-02
OPP04725,REP012,PRD11,Outbound,EAST,Lead,771.0,16-Oct-2025,
OPP04726,REP031,PRD11,Inbound,,Closed Won,66.61,07/13/2025,06-Sep-2025
OPP04727,REP034,PRD03,Outbound,,Qualified,865.99,2025-07-16,
OPP04728,REP019,PRD02,Referral,North,Closed Won,318.37,10/23/2025,2026-07-30
OPP04729,REP011,PRD09,Outbound,west ,Lead,470.49,2026-07-17,
OPP04730,REP028,PRD10,Outbound,SOUTH,Proposal,47.75,08-Jun-2026,
OPP04731,REP019,PRD04,Outbound,North,Lead,37.41,10/17/2025,
OPP04732,REP024,PRD05,Referral,North,Proposal,1233.19,07-Sep-2025,
OPP04733,REP027,PRD09,Outbound,east,Closed Won,60.08,2025-10-18,2026-06-24
OPP04734,REP030,PRD09,Referral,W.,Closed Lost,263.51,2026-05-23,2026-08-19
OPP04735,REP011,PRD13,Inbound,,Lead,96.92,2026-05-30,
OPP04736,REP003,PRD04,Outbound,east,Closed Won,53.08,2025-11-20,2026-05-15
OPP04737,REP029,PRD06,Outbound,W.,Lead,114.72,2026-08-03,
OPP04738,REP015,PRD13,Web Signup,west ,Closed Lost,271.85,2026-05-29,21-Jul-2026
OPP04739,REP031,PRD08,Partner,east,Lead,2451.26,06/18/2026,
OPP04740,REP011,PRD01,Inbound,West,Qualified,12.62,2026-04-28,
OPP04741,REP029,PRD13,Outbound,,Qualified,191.74,2026-04-05,
OPP04742,REP002,PRD04,Partner,Centrl,Lead,152.07,2025-12-26,
OPP04743,REP010,PRD06,Outbound,Centrl,Lead,221.84,25-Nov-2025,
OPP04744,REP006,PRD10,Referral,,Closed Lost,74.29,05/29/2026,2026-07-26
OPP04745,REP039,PRD08,Web Signup,NORTH,Qualified,1140.73,2025-07-09,
OPP04746,REP030,PRD11,Referral,W.,Qualified,1932.92,07/25/2026,
OPP04747,REP030,PRD13,Referral,west ,Closed Won,146.82,03-Jan-2026,07/16/2026
OPP04748,REP002,PRD07,Outbound,central,Closed Won,100.6,2026-01-29,07/07/2026
OPP04749,REP029,PRD08,Partner,west ,Closed Lost,1522.2,09/01/2026,2026-09-02
OPP04750,REP016,PRD06,Referral,SOUTH,Lead,421.42,2026-04-15,
OPP04751,REP004,PRD04,Outbound,CENTRAL,Lead,51.52,07/29/2025,
OPP04752,REP035,PRD02,Web Signup,E.,Proposal,236.06,2025-08-02,
OPP04753,REP016,PRD12,Outbound,south,Proposal,226.38,2026-07-14,
OPP04754,REP015,PRD15,Outbound,west ,Closed Lost,1734.97,2026-04-16,07-May-2026
OPP04755,REP001,PRD14,Outbound,W.,Lead,71.11,07/13/2026,
OPP04756,REP022,PRD12,Inbound,CENTRAL,Lead,302.79,2025-09-04,
OPP04757,REP035,PRD03,Outbound,EAST,Lead,210.6,22-Oct-2025,
OPP04758,REP017,PRD02,Inbound,WEST,Closed Won,62.33,2026-08-16,2026-08-22
OPP04759,REP023,PRD14,Outbound,WEST,Proposal,68.82,2026-06-30,
OPP04760,REP029,PRD08,Inbound,west,Proposal,2222.62,2026-08-09,
OPP04761,REP015,PRD01,Inbound,west ,Closed Won,28.43,2025-09-02,2026-03-24
OPP04762,REP029,PRD14,Referral,west ,Proposal,97.07,2025-09-10,
OPP04763,REP011,PRD02,Inbound,West,Lead,176.08,2026-01-10,
OPP04764,REP006,PRD04,Inbound,South ,Qualified,56.36,05-Jul-2026,
OPP04765,REP031,PRD13,Inbound,East,Closed Won,106.27,2025-09-02,2026-05-25
OPP04766,REP018,PRD07,Web Signup,central,Closed Won,49.82,2026-08-26,02-Sep-2026
OPP04767,REP037,PRD09,Outbound,east,Proposal,403.15,03/03/2026,
OPP04768,REP025,PRD01,Inbound,NORTH,Closed Lost,19.98,2025-08-13,07/29/2026
OPP04769,REP004,PRD12,Outbound,CENTRAL,Lead,152.12,2026-03-27,
OPP04770,REP008,PRD14,Partner,east,Proposal,134.1,23-Aug-2026,
OPP04771,REP002,PRD06,Partner,Centrl,Closed Won,203.7,12-Jul-2025,07/11/2026
OPP04772,REP017,PRD01,Outbound,W.,Closed Lost,98.88,2026-06-21,2026-08-09
OPP04773,REP008,PRD13,Web Signup,East,Closed Lost,40.34,2026-07-03,08/27/2026
OPP04774,REP029,PRD03,Referral,West,Proposal,171.13,2026-03-18,
OPP04775,REP035,PRD10,Referral,EAST,Qualified,50.63,2026-05-27,
OPP04776,REP037,PRD12,Outbound,E.,Qualified,560.44,04/04/2026,
OPP04777,REP019,PRD14,Referral, North,Lead,93.21,02/17/2026,
OPP04778,REP030,PRD09,Inbound,W.,Closed Won,1143.77,2026-02-13,04/19/2026
OPP04779,REP004,PRD15,Partner,CENTRAL,Closed Lost,1447.72,31-Jul-2025,03/24/2026
OPP04780,REP040,PRD02,Outbound,SOUTH,Closed Lost,67.65,22-Jan-2026,2026-02-14
OPP04781,REP031,PRD02,Partner,E.,Closed Won,151.83,2026-07-06,2026-08-31
OPP04782,REP022,PRD15,Inbound,Central,Qualified,1454.82,11/12/2025,
OPP04783,REP029,PRD09,Outbound,west ,Proposal,420.12,2025-08-13,
OPP04784,REP030,PRD15,Outbound,West,Lead,1585.12,2026-02-15,
OPP04785,REP029,PRD01,Outbound,west ,Lead,61.86,2025-07-25,
OPP04786,REP011,PRD07,Inbound,W.,Proposal,18.71,2026-02-11,
OPP04787,REP038,PRD14,Inbound,central,Closed Lost,136.46,2026-07-15,2026-07-23
OPP04788,REP003,PRD01,Referral,East,Lead,23.74,2025-10-10,
OPP04789,REP040,PRD02,Referral,south,Lead,183.44,2026-07-31,
OPP04790,REP029,PRD02,Partner,WEST,Lead,249.54,2025-09-01,
OPP04791,REP010,PRD04,Outbound,central,Lead,127.17,2026-02-04,
OPP04792,REP014,PRD03,Referral,S.,Qualified,207.02,2026-01-15,
OPP04793,REP018,PRD05,Referral,CENTRAL,Lead,1485.12,2025-10-14,
OPP04794,REP006,PRD10,Outbound,South,Closed Lost,78.99,2026-02-07,05/24/2026
OPP04795,REP023,PRD15,Outbound,WEST,Closed Lost,1312.15,2026-01-19,01/24/2026
OPP04796,REP013,PRD12,Outbound,Central ,Lead,131.09,2025-09-28,
OPP04797,REP022,PRD15,Inbound,Centrl,Lead,1878.94,2025-11-16,
OPP04798,REP033,PRD05,Partner,west ,Lead,329.58,2025-10-29,
OPP04799,REP025,PRD12,Inbound,N.,Lead,108.11,2026-06-15,
OPP04800,REP016,PRD10,Inbound,South ,Lead,22.72,2026-04-17,
OPP04801,REP021,PRD10,Web Signup,South ,Qualified,21.45,2025-11-17,
OPP04802,REP023,PRD15,Inbound,West,Qualified,367.76,01/22/2026,
OPP04803,REP029,PRD12,Outbound,W.,Lead,200.0,2026-01-03,
OPP04804,REP009,PRD04,Partner,E.,Lead,85.8,2026-07-15,
OPP04805,REP024,PRD07,Outbound, North,Proposal,12.09,11/21/2025,
OPP04806,REP024,PRD13,Outbound,NORTH,Closed Lost,90.28,2026-08-17,2026-08-17
OPP04807,REP018,PRD13,Inbound,Centrl,Lead,18.53,03/27/2026,
OPP04808,REP027,PRD11,Outbound,East,Proposal,3479.49,07-Sep-2025,
OPP04809,REP020,PRD04,Web Signup,West,Qualified,7.26,2025-10-24,
OPP04810,REP006,PRD14,Inbound,South,Lead,119.79,2025-10-31,
OPP04811,REP017,PRD03,Inbound,west,Closed Won,655.35,2026-07-24,08/29/2026
OPP04812,REP015,PRD01,Partner,west ,Lead,101.9,05/20/2026,
OPP04813,REP008,PRD15,Referral,East,Lead,298.89,2026-04-27,
OPP04814,REP019,PRD12,Partner,N.,Qualified,395.43,2026-01-04,
OPP04815,REP037,PRD07,Outbound,east,Closed Lost,162.64,2026-06-10,2026-08-19
OPP04816,REP030,PRD03,Inbound,,Lead,341.71,2025-11-10,
OPP04817,REP028,PRD02,Referral,south,Proposal,120.64,2025-12-14,
OPP04818,REP010,PRD10,Web Signup,Centrl,Lead,76.58,2026-03-29,
OPP04819,REP027,PRD01,Referral,East,Lead,73.16,2025-08-15,
OPP04820,REP028,PRD06,Inbound,S.,Proposal,98.6,25-Jan-2026,
OPP04821,REP005,PRD01,Inbound,Central ,Closed Won,96.3,2025-10-02,2025-10-22
OPP04822,REP030,PRD11,Partner,West,Qualified,342.68,2025-11-11,
OPP04823,REP018,PRD09,Web Signup,Central,Closed Won,536.07,29-Jun-2026,06-Aug-2026
OPP04824,REP032,PRD01,Web Signup,WEST,Closed Won,33.9,08-Jul-2026,2026-08-06
OPP04825,REP013,PRD15,Inbound,Central,Lead,393.34,2026-07-08,
OPP04826,REP031,PRD01,Inbound,East,Qualified,172.14,21-Aug-2026,
OPP04827,REP023,PRD03,Outbound,WEST,Proposal,136.25,2026-01-01,
OPP04828,REP028,PRD03,Web Signup,South ,Qualified,143.42,2026-04-24,
OPP04829,REP011,PRD09,Outbound,W.,Qualified,110.51,2026-05-02,
OPP04830,REP009,PRD03,Referral,East,Qualified,505.79,07/07/2026,
OPP04831,REP012,PRD01,Outbound,E.,Lead,101.45,2026-01-23,
OPP04832,REP001,PRD11,Outbound,W.,Lead,2693.01,24-Oct-2025,
OPP04833,REP002,PRD07,Outbound,,Lead,153.44,2026-08-20,
OPP04834,REP025,PRD01,Referral, North,Lead,49.41,2026-06-06,
OPP04835,REP012,PRD10,Partner,east,Lead,48.03,2025-07-13,
OPP04836,REP027,PRD15,Inbound,E.,Closed Lost,4076.56,13-Feb-2026,2026-08-06
OPP04837,REP023,PRD06,Partner,W.,Lead,85.61,2026-04-26,
OPP04838,REP035,PRD08,Partner,East,Lead,1989.92,03/06/2026,
OPP04839,REP026,PRD07,Outbound,East,Closed Lost,145.51,2026-08-19,2026-08-19
OPP04840,REP025,PRD08,Outbound,N.,Proposal,647.41,2025-09-17,
OPP04841,REP036,PRD14,Inbound,,Lead,94.66,2026-08-20,
OPP04842,REP031,PRD08,Outbound,E.,Qualified,3437.17,04-Apr-2026,
OPP04843,REP005,PRD02,Partner,central,Qualified,113.66,2026-06-04,
OPP04844,REP024,PRD09,Outbound,north,Lead,493.97,2026-01-31,
OPP04845,REP002,PRD04,Inbound,Central ,Proposal,139.2,21-Mar-2026,
OPP04846,REP019,PRD10,Partner, North,Closed Won,116.01,2026-01-29,05/12/2026
OPP04847,REP026,PRD07,Referral,east,Qualified,114.84,2025-09-18,
OPP04848,REP007,PRD11,Web Signup,east,Closed Won,982.89,2026-01-18,2026-09-01
OPP04849,REP015,PRD09,Outbound,W.,Closed Won,352.03,2026-05-03,2026-07-31
OPP04850,REP033,PRD11,Outbound,W.,Lead,3599.62,01/07/2026,
OPP04851,REP038,PRD15,Outbound,Central ,Proposal,621.8,12/02/2025,
OPP04852,REP018,PRD13,Inbound,Central ,Qualified,404.08,2026-08-11,
OPP04853,REP038,PRD12,Inbound,Central,Closed Won,72.44,2026-03-23,01-Aug-2026
OPP04854,REP026,PRD06,Partner,E.,Closed Won,526.2,11/20/2025,21-Mar-2026
OPP04855,REP011,PRD09,Outbound,west ,Qualified,123.31,07/12/2025,
OPP04856,REP011,PRD01,Partner,,Proposal,92.36,2025-07-10,
OPP04857,REP036,PRD06,Partner,CENTRAL,Closed Lost,151.4,2025-08-25,2025-08-29
OPP04858,REP015,PRD01,Inbound,west ,Qualified,22.73,2026-05-19,
OPP04859,REP018,PRD06,Inbound,central,Proposal,501.31,09/17/2025,
OPP04860,REP030,PRD14,Inbound,west ,Lead,216.6,2026-08-15,
OPP04861,REP036,PRD11,Partner,Central ,Closed Won,1336.33,09/22/2025,2026-06-15
OPP04862,REP012,PRD06,Outbound,East,Closed Lost,109.68,2026-06-15,19-Jul-2026
OPP04863,REP016,PRD07,Inbound,South,Proposal,63.14,2025-12-21,
OPP04864,REP033,PRD14,Partner,west,Lead,17.92,2026-02-09,
OPP04865,REP038,PRD04,Inbound,Central,Proposal,81.38,01/15/2026,
OPP04866,REP010,PRD12,Partner,CENTRAL,Qualified,420.89,2025-11-30,
OPP04867,REP040,PRD08,Outbound,South ,Lead,1086.09,07/30/2025,
OPP04868,REP031,PRD07,Partner,EAST,Proposal,107.52,2025-07-22,
OPP04869,REP017,PRD13,Inbound,W.,Lead,133.71,13-Sep-2025,
OPP04870,REP040,PRD13,Web Signup,South ,Lead,102.42,2025-08-17,
OPP04871,REP008,PRD13,Partner,east,Closed Won,399.11,12/19/2025,2026-08-08
OPP04872,REP011,PRD12,Referral,West,Closed Lost,277.49,2025-10-06,2026-07-07
OPP04873,REP026,PRD13,Outbound,East,Proposal,74.98,10/05/2025,
OPP04874,REP019,PRD07,Referral,N.,Lead,51.26,09-Sep-2025,
OPP04875,REP005,PRD09,Inbound,central,Lead,458.3,10/12/2025,
OPP04876,REP035,PRD15,Outbound,E.,Lead,2055.14,2026-04-22,
OPP04877,REP028,PRD08,Inbound,south,Lead,2190.93,11/24/2025,
OPP04878,REP010,PRD07,Inbound,Centrl,Proposal,29.53,2025-09-28,
OPP04879,REP038,PRD02,Inbound,Centrl,Qualified,91.01,2025-11-24,
OPP04880,REP011,PRD15,Partner,west ,Proposal,974.08,2026-01-16,
OPP04881,REP026,PRD03,Outbound,E.,Qualified,742.71,2026-02-17,
OPP04882,REP022,PRD02,Inbound,Central ,Lead,191.78,07/01/2026,
OPP04883,REP002,PRD11,Inbound,central,Qualified,2115.03,2025-08-31,
OPP04884,REP024,PRD02,Outbound, North,Lead,92.55,2026-06-21,
OPP04885,REP020,PRD09,Outbound,west,Lead,418.44,03-Feb-2026,
OPP04886,REP017,PRD10,Outbound,W.,Closed Lost,17.54,05/31/2026,08/06/2026
OPP04887,REP015,PRD07,Inbound,west,Lead,88.56,03/12/2026,
OPP04888,REP039,PRD04,Referral,North,Closed Won,68.92,01/19/2026,2026-03-22
OPP04889,REP040,PRD01,Web Signup,South,Proposal,88.55,2025-08-30,
OPP04890,REP024,PRD14,Referral,NORTH,Closed Won,84.38,2026-02-04,2026-02-28
OPP04891,REP011,PRD08,Inbound,WEST,Closed Won,4245.23,2026-04-27,2026-07-11
OPP04892,REP021,PRD10,Outbound,South,Qualified,97.75,2026-03-19,
OPP04893,REP002,PRD06,Inbound,Central,Qualified,267.22,08/19/2025,
OPP04894,REP013,PRD13,Partner,Central,Qualified,30.38,2026-01-20,
OPP04895,REP010,PRD08,Referral,CENTRAL,Qualified,3416.12,2026-01-25,
OPP04896,REP025,PRD09,Inbound,North,Proposal,400.27,2025-11-19,
OPP04897,REP008,PRD09,Partner,East,Qualified,338.93,11-Jun-2026,
OPP04898,REP006,PRD07,Inbound,south,Lead,82.73,2025-08-26,
OPP04899,REP030,PRD04,Inbound,West,Proposal,45.95,2026-07-20,
OPP04900,REP030,PRD04,Partner,West,Lead,80.4,2025-12-06,
OPP04901,REP032,PRD05,Outbound,west,Closed Won,196.87,05/04/2026,2026-06-07
OPP04902,REP018,PRD03,Inbound,Centrl,Qualified,432.99,2026-07-21,
OPP04903,REP007,PRD15,Web Signup,E.,Proposal,1323.5,2025-09-26,
OPP04904,REP008,PRD02,Partner,E.,Qualified,236.92,2025-10-23,
OPP04905,REP006,PRD13,Outbound,South ,Qualified,286.17,08/27/2026,
OPP04906,REP033,PRD10,Inbound,west,Closed Won,17.94,06/03/2026,2026-06-24
OPP04907,REP026,PRD06,Inbound,East,Lead,391.75,2025-09-24,
OPP04908,REP035,PRD12,Outbound,E.,Closed Won,382.14,2026-06-11,08/19/2026
OPP04909,REP026,PRD10,Outbound,east,Qualified,71.29,2026-01-21,
OPP04910,REP021,PRD09,Outbound,South ,Lead,235.94,2025-09-22,
OPP04911,REP005,PRD08,Outbound,,Proposal,5239.9,2025-07-31,
OPP04912,REP034,PRD05,Outbound,north,Closed Lost,1694.28,08/29/2025,2025-09-25
OPP04913,REP019,PRD07,Partner,NORTH,Lead,101.08,2026-01-14,
OPP04914,REP017,PRD08,Web Signup,west ,Qualified,2454.16,15-Jun-2026,
OPP04915,REP007,PRD05,Partner,EAST,Qualified,491.19,07/18/2025,
OPP04916,REP019,PRD14,Partner,North,Qualified,46.59,2026-07-25,
OPP04917,REP036,PRD05,Outbound,Centrl,Lead,522.17,2025-10-27,
OPP04918,REP025,PRD06,Inbound,N.,Lead,244.67,2025-07-04,
OPP04919,REP014,PRD02,Inbound,South ,Qualified,8.48,2025-08-02,
OPP04920,REP005,PRD09,Outbound,CENTRAL,Lead,86.81,2026-05-03,
OPP04921,REP013,PRD09,Web Signup,CENTRAL,Closed Won,290.95,01/26/2026,03/25/2026
OPP04922,REP020,PRD01,Outbound,W.,Qualified,31.31,2026-03-17,
OPP04923,REP006,PRD12,Inbound,S.,Lead,89.16,05/03/2026,
OPP04924,REP010,PRD15,Inbound,Centrl,Closed Won,1040.41,2025-07-06,2026-08-10
OPP04925,REP005,PRD05,Outbound,Central,Qualified,838.47,20-Jul-2026,
OPP04926,REP033,PRD11,Referral,W.,Closed Won,4756.68,2026-07-10,2026-08-21
OPP04927,REP002,PRD06,Outbound,Central,Lead,211.97,05/13/2026,
OPP04928,REP028,PRD09,Partner,South,Proposal,497.53,08/27/2025,
OPP04929,REP007,PRD08,Partner,east,Qualified,1050.22,2026-08-27,
OPP04930,REP040,PRD12,Inbound,S.,Proposal,214.41,2025-12-26,
OPP04931,REP015,PRD12,Inbound,WEST,Closed Won,170.74,2025-07-06,30-Apr-2026
OPP04932,REP011,PRD13,Web Signup,west ,Lead,182.25,07/13/2026,
OPP04933,REP005,PRD08,Inbound,CENTRAL,Qualified,1706.54,06-Oct-2025,
OPP04934,REP016,PRD02,Outbound,South ,Proposal,123.91,2026-08-23,
OPP04935,REP034,PRD15,Outbound,North,Qualified,537.53,04/08/2026,
OPP04936,REP036,PRD14,Partner,central,Lead,84.18,2026-03-19,
OPP04937,REP040,PRD11,Inbound,south,Lead,2362.03,02/24/2026,
OPP04938,REP020,PRD15,Outbound,West,Qualified,1167.7,05/11/2026,
OPP04939,REP002,PRD02,Inbound,Central ,Closed Won,89.08,2025-08-15,04/17/2026
OPP04940,REP023,PRD02,Outbound,west,Qualified,65.14,2025-09-12,
OPP04941,REP017,PRD03,Referral,West,Lead,840.62,04/13/2026,
OPP04942,REP012,PRD14,Outbound,E.,Closed Won,43.54,08/23/2026,2026-09-02
OPP04943,REP035,PRD12,Web Signup,,Qualified,249.67,2026-03-25,
OPP04944,REP040,PRD05,Inbound,S.,Closed Won,191.78,2025-09-04,2026-07-27
OPP04945,REP007,PRD13,Web Signup,EAST,Lead,59.95,2026-06-26,
OPP04946,REP034,PRD10,Partner,NORTH,Proposal,19.49,2026-02-14,
OPP04947,REP027,PRD07,Inbound,E.,Qualified,81.53,12/08/2025,
OPP04948,REP006,PRD05,Web Signup,south,Proposal,179.92,2025-11-18,
OPP04949,REP028,PRD05,Referral,South,Closed Lost,898.62,2025-08-03,2026-05-28
OPP04950,REP004,PRD09,Referral,CENTRAL,Qualified,698.82,2025-11-29,
OPP04951,REP006,PRD13,Referral,south,Proposal,53.56,2026-02-21,
OPP04952,REP006,PRD06,Outbound,South,Proposal,149.46,2026-05-03,
OPP04953,REP021,PRD06,Web Signup,S.,Lead,443.5,09/24/2025,
OPP04954,REP018,PRD03,Web Signup,CENTRAL,Proposal,1027.05,04/09/2026,
OPP04955,REP036,PRD07,Inbound,Central ,Closed Lost,53.42,07/16/2026,2026-07-24
OPP04956,REP011,PRD02,Inbound,WEST,Closed Lost,159.14,09-Jun-2026,19-Aug-2026
OPP04957,REP027,PRD13,Inbound,E.,Lead,88.19,2025-11-28,
OPP04958,REP001,PRD02,Outbound,West,Proposal,125.49,20-Oct-2025,
OPP04959,REP014,PRD12,Outbound,South ,Closed Lost,726.85,2025-07-31,2025-12-27
OPP04960,REP027,PRD06,Inbound,east,Lead,323.79,07/23/2025,
OPP04961,REP021,PRD12,Inbound,South,Closed Lost,362.01,01/05/2026,2026-07-13
OPP04962,REP034,PRD13,Referral,NORTH,Lead,36.64,2026-05-01,
OPP04963,REP024,PRD02,Referral,NORTH,Proposal,54.41,2025-08-21,
OPP04964,REP009,PRD09,Inbound,E.,Lead,503.95,2026-08-27,
OPP04965,REP017,PRD10,Inbound,west,Proposal,59.34,28-Feb-2026,
OPP04966,REP031,PRD04,Inbound,East,Lead,63.44,27-Jul-2026,
OPP04967,REP026,PRD13,Referral,East,Lead,13.31,2026-08-22,
OPP04968,REP007,PRD14,Partner,EAST,Qualified,74.2,06/17/2026,
OPP04969,REP034,PRD03,Partner, North,Qualified,188.97,2025-07-16,
OPP04970,REP019,PRD07,Outbound,North,Lead,101.11,2025-08-01,
OPP04971,REP034,PRD06,Outbound,N.,Lead,481.22,03/24/2026,
OPP04972,REP024,PRD04,Outbound,NORTH,Qualified,147.83,2025-08-16,
OPP04973,REP016,PRD09,Inbound,S.,Qualified,155.67,2026-03-23,
OPP04974,REP022,PRD07,Outbound,Central ,Lead,92.37,2025-08-06,
OPP04975,REP017,PRD11,Inbound,west ,Lead,505.13,14-May-2026,
OPP04976,REP037,PRD08,Outbound,east,Lead,510.92,2025-10-03,
OPP04977,REP036,PRD12,Web Signup,Central ,Closed Lost,32.52,12/15/2025,2026-08-25
OPP04978,REP015,PRD01,Referral,West,Lead,43.2,08/14/2026,
OPP04979,REP028,PRD02,Partner,SOUTH,Lead,158.75,25-Jun-2026,
OPP04980,REP039,PRD03,Web Signup, North,Proposal,551.45,2026-08-24,
OPP04981,REP037,PRD12,Inbound,EAST,Qualified,212.09,2025-10-27,
OPP04982,REP010,PRD12,Inbound,CENTRAL,Qualified,352.87,2025-12-31,
OPP04983,REP033,PRD09,Referral,West,Closed Lost,924.7,2025-08-28,09/11/2025
OPP04984,REP008,PRD08,Referral,EAST,Lead,3294.92,10/21/2025,
OPP04985,REP021,PRD15,Inbound,South,Closed Won,-3570.88,2026-07-18,18-Aug-2026
OPP04986,REP005,PRD14,Partner,Central ,Qualified,51.63,2025-07-18,
OPP04987,REP020,PRD09,Inbound,W.,Lead,246.9,2026-07-05,
OPP04988,REP002,PRD02,Outbound,Central,Qualified,53.13,2025-08-08,
OPP04989,REP002,PRD02,Partner,central,Closed Won,142.02,2026-01-08,2026-02-27
OPP04990,REP026,PRD12,Referral,E.,Proposal,190.35,07/15/2025,
OPP04991,REP040,PRD13,Partner,South ,Qualified,237.77,14-Nov-2025,
OPP04992,REP029,PRD01,Outbound,West,Closed Lost,23.45,2025-08-11,07/28/2026
OPP04993,REP006,PRD15,Outbound,South ,Proposal,1305.47,2026-02-27,
OPP04994,REP018,PRD01,Partner,central,Proposal,46.61,17-Sep-2025,
OPP04995,REP031,PRD13,Inbound,East,Lead,48.43,2026-06-23,
OPP04996,REP031,PRD13,Referral,east,Closed Won,165.66,13-Nov-2025,2026-06-30
OPP04997,REP001,PRD10,Referral,West,Lead,41.92,2025-08-22,
OPP04998,REP035,PRD05,Partner,east,Qualified,851.79,24-Sep-2025,
OPP04999,REP010,PRD06,Outbound,CENTRAL,Proposal,318.86,2025-09-30,
OPP05000,REP037,PRD08,Referral,east,Qualified,670.01,2026-07-25,
OPP05001,REP034,PRD09,Outbound,north,Closed Won,755.59,22-Dec-2025,01/15/2026
OPP05002,REP014,PRD15,Referral,South,Proposal,1037.5,2025-12-08,
OPP05003,REP032,PRD01,Outbound,West,Closed Won,170.89,2026-05-31,2026-07-02
OPP05004,REP003,PRD14,Inbound,EAST,Lead,34.05,2026-05-12,
OPP05005,REP014,PRD13,Web Signup,South,Lead,171.09,2026-03-12,
OPP05006,REP002,PRD05,Outbound,Central ,Qualified,1100.27,2025-10-05,
OPP05007,REP032,PRD05,Inbound,W.,Closed Won,353.36,2026-09-01,2026-09-01
OPP05008,REP007,PRD09,Inbound,E.,Proposal,261.63,2026-03-10,
OPP05009,REP011,PRD11,Inbound,West,Proposal,2519.5,12/16/2025,
OPP05010,REP005,PRD10,Outbound,central,Lead,37.07,2025-08-08,
OPP05011,REP031,PRD13,Outbound,east,Qualified,331.17,2025-11-15,
OPP05012,REP033,PRD14,Outbound,West,Lead,143.81,2026-03-21,
OPP05013,REP034,PRD13,Outbound,N.,Lead,95.31,08/22/2025,
OPP05014,REP006,PRD03,Partner,South ,Lead,192.28,10/05/2025,
OPP05015,REP031,PRD04,Referral,East,Lead,32.84,2026-02-01,
OPP05016,REP003,PRD10,Referral,east,Proposal,41.81,10/21/2025,
OPP05017,REP040,PRD08,Outbound,S.,Lead,6568.48,2026-05-22,
OPP05018,REP007,PRD05,Inbound,E.,Lead,397.58,11-Nov-2025,
OPP05019,REP006,PRD09,Web Signup,South ,Proposal,21.79,04/17/2026,
OPP05020,REP040,PRD15,Outbound,,Proposal,2318.67,2025-11-09,
OPP05021,REP021,PRD09,Web Signup,SOUTH,Lead,558.76,2026-06-09,
OPP05022,REP030,PRD06,Inbound,west,Closed Lost,643.51,2026-01-09,2026-08-23
OPP05023,REP022,PRD15,Inbound,CENTRAL,Lead,2073.23,2025-08-04,
OPP05024,REP009,PRD11,Partner,east,Qualified,587.62,2025-10-15,
OPP05025,REP033,PRD11,Inbound,WEST,Qualified,2320.5,2025-09-19,
OPP05026,REP010,PRD05,Web Signup,Central ,Closed Lost,1530.21,22-Apr-2026,05/22/2026
OPP05027,REP020,PRD13,Inbound,west ,Closed Won,65.84,2025-07-16,07/29/2026
OPP05028,REP030,PRD09,Inbound,west,Lead,236.68,2025-09-04,
OPP05029,REP039,PRD14,Outbound,N.,Closed Won,224.9,2025-07-08,13-Jul-2025
OPP05030,REP023,PRD09,Referral,West,Lead,823.33,11/20/2025,
OPP05031,REP035,PRD12,Partner,EAST,Qualified,87.22,2025-09-11,
OPP05032,REP016,PRD02,Referral,,Lead,163.09,09-Feb-2026,
OPP05033,REP002,PRD14,Inbound,central,Closed Lost,99.39,2026-05-23,2026-08-23
OPP05034,REP033,PRD12,Partner,W.,Lead,233.07,2025-10-10,
OPP05035,REP017,PRD08,Outbound,west,Lead,1071.0,2025-12-11,
OPP05036,REP033,PRD11,Inbound,west,Proposal,1584.72,23-Oct-2025,
OPP05037,REP027,PRD11,Outbound,East,Closed Won,2711.14,01/30/2026,21-Aug-2026
OPP05038,REP019,PRD05,Inbound, North,Lead,556.24,2026-06-18,
OPP05039,REP032,PRD03,Referral,west ,Lead,289.03,05/20/2026,
OPP05040,REP028,PRD08,Outbound,SOUTH,Lead,1690.44,05-Jan-2026,
OPP05041,REP002,PRD12,Inbound,central,Lead,38.98,2025-11-16,
OPP05042,REP018,PRD09,Inbound,Central ,Closed Lost,451.88,08/02/2025,2025-12-19
OPP05043,REP029,PRD15,Web Signup,WEST,Proposal,1797.84,2026-07-27,
OPP05044,REP015,PRD05,Referral,West,Qualified,649.58,10-Sep-2025,
OPP05045,REP037,PRD01,Inbound,EAST,Closed Won,29.07,02/22/2026,2026-04-30
OPP05046,REP010,PRD11,Referral,CENTRAL,Closed Won,699.41,25-May-2026,05/25/2026
OPP05047,REP039,PRD03,Web Signup,N.,Proposal,343.4,01/03/2026,
OPP05048,REP025,PRD09,Inbound,north,Qualified,108.21,2025-11-30,
OPP05049,REP013,PRD14,Outbound,central,Proposal,102.68,2025-10-03,
OPP05050,REP016,PRD06,Outbound,,Closed Won,287.81,08/19/2026,2026-08-21
OPP05051,REP037,PRD14,Outbound,EAST,Lead,123.85,2026-04-11,
OPP05052,REP026,PRD09,Outbound,E.,Lead,375.01,27-Aug-2026,
OPP05053,REP019,PRD04,Outbound,N.,Proposal,13.27,2026-08-02,
OPP05054,REP016,PRD14,Inbound,SOUTH,Proposal,69.67,2025-12-21,
OPP05055,REP005,PRD15,Partner,central,Proposal,802.56,2026-06-29,
OPP05056,REP032,PRD09,Outbound,WEST,Qualified,114.34,12/12/2025,
OPP05057,REP037,PRD13,Web Signup,E.,Lead,118.93,2026-02-03,
OPP05058,REP001,PRD05,Partner,West,Qualified,225.15,08/14/2025,
OPP05059,REP038,PRD13,Partner,central,Lead,205.57,2025-12-01,
OPP05060,REP014,PRD11,Partner,South,Qualified,1836.97,09/29/2025,
OPP05061,REP038,PRD05,Web Signup,CENTRAL,Qualified,873.88,10/27/2025,
OPP05062,REP012,PRD15,Partner,E.,Lead,337.56,2026-07-07,
OPP05063,REP022,PRD07,Outbound,Centrl,Qualified,156.6,2026-07-25,
OPP05064,REP001,PRD05,Inbound,west,Lead,636.61,2025-11-17,
OPP05065,REP025,PRD14,Inbound,N.,Qualified,37.75,11/05/2025,
OPP05066,REP008,PRD14,Partner,E.,Lead,145.87,08/06/2025,
OPP05067,REP034,PRD06,Referral, North,Lead,121.29,2025-08-14,
OPP05068,REP027,PRD12,Partner,east,Lead,413.72,2026-04-12,
OPP05069,REP029,PRD04,Partner,WEST,Closed Won,271.88,2026-02-10,05/02/2026
OPP05070,REP019,PRD10,Web Signup,North,Closed Lost,12.92,2026-06-06,06/30/2026
OPP05071,REP028,PRD06,Inbound,,Closed Lost,201.16,03/20/2026,2026-07-17
OPP05072,REP020,PRD14,Outbound,west ,Lead,66.44,2026-06-20,
OPP05073,REP001,PRD01,Referral,WEST,Proposal,55.01,2025-08-06,
OPP05074,REP010,PRD10,Outbound,central,Proposal,10.76,23-Sep-2025,
OPP05075,REP011,PRD06,Inbound,WEST,Qualified,243.84,13-Aug-2025,
OPP05076,REP019,PRD11,Outbound,N.,Qualified,2322.09,2026-08-25,
OPP05077,REP036,PRD11,Web Signup,CENTRAL,Proposal,1772.06,11/17/2025,
OPP05078,REP018,PRD11,Referral,Central ,Closed Won,1112.1,11/03/2025,2025-11-14
OPP05079,REP037,PRD02,Inbound,EAST,Lead,537.43,07/15/2026,
OPP05080,REP006,PRD11,Partner,SOUTH,Closed Lost,864.09,07-Aug-2026,08/12/2026
OPP05081,REP010,PRD08,Partner,Central ,Lead,2197.16,2025-08-28,
OPP05082,REP034,PRD13,Inbound,NORTH,Qualified,88.84,2026-01-02,
OPP05083,REP019,PRD12,Inbound,NORTH,Lead,458.87,2026-06-14,
OPP05084,REP005,PRD15,Outbound,CENTRAL,Closed Lost,1050.62,2026-03-14,2026-06-03
OPP05085,REP037,PRD12,Referral,E.,Lead,39.98,12/05/2025,
OPP05086,REP001,PRD15,Inbound,west ,Proposal,1571.28,13-Mar-2026,
OPP05087,REP014,PRD05,Web Signup,SOUTH,Lead,610.54,2025-12-29,
OPP05088,REP017,PRD04,Partner,WEST,Lead,26.32,09/27/2025,
OPP05089,REP020,PRD12,Web Signup,WEST,Closed Won,172.75,03/14/2026,2026-04-27
OPP05090,REP024,PRD07,Web Signup,NORTH,Closed Won,231.99,09/18/2025,2025-12-19
OPP05091,REP010,PRD06,Inbound,CENTRAL,Lead,149.17,2026-05-20,
OPP05092,REP032,PRD02,Inbound,west ,Qualified,48.12,2025-12-06,
OPP05093,REP030,PRD13,Outbound,west,Proposal,160.11,21-Apr-2026,
OPP05094,REP039,PRD12,Partner,NORTH,Lead,413.76,22-Dec-2025,
OPP05095,REP006,PRD11,Outbound,South,Lead,2070.34,08/30/2025,
OPP05096,REP013,PRD03,Web Signup,Centrl,Closed Won,548.48,2026-07-04,29-Aug-2026
OPP05097,REP030,PRD08,Inbound,WEST,Lead,2195.88,2026-07-15,
OPP05098,REP031,PRD05,Outbound,East,Qualified,1992.84,2025-08-15,
OPP05099,REP028,PRD14,Referral,south,Lead,83.62,06/07/2026,
OPP05100,REP029,PRD13,Outbound,WEST,Lead,309.19,10/24/2025,
OPP05101,REP010,PRD06,Referral,Centrl,Proposal,165.35,18-Dec-2025,
OPP05102,REP015,PRD13,Outbound,WEST,Qualified,165.86,06/22/2026,
OPP05103,REP011,PRD04,Partner,west ,Lead,80.17,2025-11-19,
OPP05104,REP010,PRD13,Web Signup,CENTRAL,Qualified,143.25,2026-04-30,
OPP05105,REP033,PRD02,Inbound,WEST,Closed Won,194.37,2026-04-20,05/16/2026
OPP05106,REP030,PRD02,Inbound,WEST,Qualified,352.87,2026-06-24,
OPP05107,REP022,PRD08,Outbound,Central ,Qualified,2589.72,2025-12-01,
OPP05108,REP022,PRD10,Outbound,Central ,Qualified,69.56,04/08/2026,
OPP05109,REP006,PRD04,Partner,S.,Lead,38.62,2026-01-29,
OPP05110,REP008,PRD03,Inbound,EAST,Lead,212.96,2025-12-08,
OPP05111,REP011,PRD13,Inbound,west ,Closed Lost,372.9,21-Mar-2026,2026-04-14
OPP05112,REP025,PRD01,Web Signup, North,Closed Won,53.84,2025-07-28,09/12/2025
OPP05113,REP031,PRD12,Outbound,EAST,Lead,92.82,02/06/2026,
OPP05114,REP015,PRD05,Outbound,west,Qualified,1196.5,2025-10-18,
OPP05115,REP007,PRD05,Outbound,East,Qualified,792.99,2025-09-28,
OPP05116,REP035,PRD13,Referral,East,Lead,276.98,2026-06-30,
OPP05117,REP004,PRD09,Outbound,Central,Qualified,622.66,2026-06-25,
OPP05118,REP016,PRD07,Outbound,SOUTH,Qualified,66.87,2026-05-24,
OPP05119,REP040,PRD06,Inbound,South ,Lead,546.38,2025-11-13,
OPP05120,REP019,PRD01,Referral,North,Qualified,13.01,03/27/2026,
OPP05121,REP028,PRD15,Referral,South ,Qualified,1686.41,12/21/2025,
OPP05122,REP004,PRD06,Inbound,central,Qualified,617.32,2026-02-18,
OPP05123,REP010,PRD08,Partner,CENTRAL,Closed Lost,1686.42,02-Nov-2025,07/07/2026
OPP05124,REP020,PRD08,Outbound,West,Qualified,4559.51,2025-11-12,
OPP05125,REP025,PRD03,Outbound,North,Lead,527.68,29-Dec-2025,
OPP05126,REP040,PRD10,Partner,south,Closed Lost,31.04,09/09/2025,2026-02-15
OPP05127,REP034,PRD11,Inbound,NORTH,Qualified,2505.21,2026-08-13,
OPP05128,REP024,PRD15,Inbound,N.,Lead,690.82,18-Jul-2026,
OPP05129,REP015,PRD15,Referral,west ,Qualified,1761.4,2025-12-19,
OPP05130,REP005,PRD08,Inbound,CENTRAL,Lead,3074.57,2026-07-06,
OPP05131,REP004,PRD08,Referral,Central,Lead,2784.77,06/28/2026,
OPP05132,REP004,PRD11,Outbound,CENTRAL,Qualified,882.8,02/05/2026,
OPP05133,REP007,PRD13,Web Signup,E.,Qualified,286.18,07/15/2025,
OPP05134,REP021,PRD15,Inbound,S.,Qualified,2520.67,2026-06-01,
OPP05135,REP040,PRD14,Web Signup,South,Closed Lost,102.33,2026-01-11,2026-04-17
OPP05136,REP032,PRD14,Inbound,West,Lead,93.48,2026-03-15,
OPP05137,REP021,PRD07,Outbound,south,Closed Lost,110.83,2026-06-06,08/01/2026
OPP05138,REP034,PRD05,Inbound,North,Qualified,1974.29,23-Dec-2025,
OPP05139,REP010,PRD11,Outbound,central,Proposal,903.11,10/27/2025,
OPP05140,REP007,PRD15,Inbound,EAST,Qualified,1697.57,2025-07-07,
OPP05141,REP019,PRD12,Referral,NORTH,Closed Lost,110.91,05/24/2026,2026-06-01
OPP05142,REP009,PRD14,Inbound,East,Closed Lost,51.55,2025-08-04,2026-08-04
OPP05143,REP025,PRD11,Partner,NORTH,Closed Lost,1831.39,2026-07-30,2026-07-31
OPP05144,REP027,PRD08,Inbound,,Proposal,4236.73,2026-05-30,
OPP05145,REP001,PRD11,Inbound,west ,Lead,1752.22,2026-08-20,
OPP05146,REP029,PRD08,Outbound,W.,Lead,8692.03,2026-05-06,
OPP05147,REP008,PRD07,Outbound,E.,Lead,60.23,11-Jul-2026,
OPP05148,REP006,PRD08,Inbound,South,Lead,1062.86,2025-09-18,
OPP05149,REP014,PRD08,Inbound,South,Qualified,3318.92,20-Jun-2026,
OPP05150,REP031,PRD01,Partner,E.,Lead,56.42,2026-07-23,
OPP05151,REP033,PRD06,Inbound,WEST,Closed Won,-470.18,2026-01-06,2026-02-07
OPP05152,REP039,PRD02,Inbound,N.,Qualified,65.31,2025-07-13,
OPP05153,REP001,PRD14,Outbound,west,Lead,15.16,05/15/2026,
OPP05154,REP033,PRD09,Inbound,West,Proposal,824.64,12/20/2025,
OPP05155,REP027,PRD02,Partner,EAST,Proposal,142.13,2025-10-15,
OPP05156,REP012,PRD06,Referral,EAST,Lead,277.81,2026-04-08,
OPP05157,REP004,PRD10,Inbound,central,Closed Lost,43.95,2026-02-18,2026-05-21
OPP05158,REP039,PRD05,Inbound,N.,Proposal,1222.53,2025-09-12,
OPP05159,REP030,PRD03,Outbound,,Qualified,214.13,07/16/2025,
OPP05160,REP040,PRD08,Web Signup,S.,Qualified,4568.48,07/11/2026,
OPP05161,REP036,PRD10,Outbound,,Qualified,24.54,2026-02-25,
OPP05162,REP030,PRD09,Outbound,,Lead,45.86,2025-11-06,
OPP05163,REP031,PRD09,Outbound,E.,Closed Won,126.09,06/25/2026,2026-08-19
OPP05164,REP030,PRD09,Inbound,West,Closed Won,957.62,2025-07-22,10-Jul-2026
OPP05165,REP035,PRD06,Web Signup,E.,Qualified,391.92,2026-06-29,
OPP05166,REP001,PRD07,Inbound,west ,Lead,100.59,2025-10-19,
OPP05167,REP025,PRD06,Inbound,NORTH,Lead,55.94,14-May-2026,
OPP05168,REP005,PRD04,Inbound,Centrl,Lead,0.0,2025-11-24,
OPP05169,REP039,PRD15,Partner,N.,Closed Lost,858.06,2026-04-17,2026-08-16
OPP05170,REP003,PRD14,Partner,east,Closed Won,19.28,2026-06-29,29-Aug-2026
OPP05171,REP039,PRD14,Outbound,north,Proposal,254.38,07/05/2025,
OPP05172,REP007,PRD12,Referral,E.,Qualified,91.83,2025-08-27,
OPP05173,REP028,PRD01,Partner,SOUTH,Closed Won,90.59,28-Apr-2026,2026-07-01
OPP05174,REP013,PRD02,Inbound,Central,Closed Lost,126.8,20-Aug-2026,08/20/2026
OPP05175,REP023,PRD02,Partner,west,Lead,155.44,19-Feb-2026,
OPP05176,REP021,PRD07,Referral,South ,Qualified,30.68,30-May-2026,
OPP05177,REP034,PRD14,Outbound,north,Proposal,211.58,2026-01-29,
OPP05178,REP008,PRD04,Outbound,E.,Lead,24.88,2026-08-29,
OPP05179,REP032,PRD06,Outbound,,Closed Won,190.2,2025-12-11,2026-09-02
OPP05180,REP021,PRD14,Outbound,SOUTH,Qualified,35.4,04-Sep-2025,
OPP05181,REP012,PRD15,Web Signup,E.,Qualified,1222.29,2026-03-21,
OPP05182,REP023,PRD14,Inbound,west ,Proposal,15.49,2025-08-15,
OPP05183,REP011,PRD13,Referral,west ,Closed Lost,133.08,2026-08-07,08/24/2026
OPP05184,REP001,PRD03,Outbound,West,Qualified,499.44,2025-08-13,
OPP05185,REP035,PRD13,Outbound,E.,Lead,323.84,09/28/2025,
OPP05186,REP030,PRD11,Referral,W.,Proposal,624.59,04/27/2026,
OPP05187,REP005,PRD10,Outbound,Centrl,Closed Lost,52.45,04/13/2026,07/12/2026
OPP05188,REP029,PRD12,Web Signup,WEST,Proposal,544.42,04-Aug-2025,
OPP05189,REP011,PRD06,Inbound,WEST,Lead,167.23,13-Apr-2026,
OPP05190,REP019,PRD01,Web Signup,N.,Closed Lost,148.87,04/14/2026,2026-05-18
OPP05191,REP030,PRD06,Inbound,West,Lead,822.82,25-Aug-2025,
OPP05192,REP027,PRD07,Web Signup,EAST,Closed Lost,214.97,12/10/2025,02/01/2026
OPP05193,REP039,PRD03,Outbound,North,Qualified,405.23,2026-03-21,
OPP05194,REP032,PRD05,Partner,WEST,Qualified,2574.97,05-Jan-2026,
OPP05195,REP018,PRD06,Outbound,CENTRAL,Closed Won,200.46,2026-08-27,2026-08-28
OPP05196,REP037,PRD02,Outbound,east,Proposal,109.93,2026-07-10,
OPP05197,REP007,PRD04,Inbound,east,Qualified,15.78,2025-12-13,
OPP05198,REP023,PRD08,Inbound,west ,Closed Won,170.09,26-Dec-2025,04/29/2026
OPP05199,REP008,PRD06,Outbound,east,Lead,482.17,03-Apr-2026,
OPP05200,REP013,PRD15,Referral,central,Proposal,437.11,2026-01-27,
OPP05201,REP018,PRD11,Referral,Central ,Qualified,4516.95,07/30/2026,
OPP05202,REP017,PRD08,Outbound,west ,Qualified,2248.97,2026-05-28,
OPP05203,REP034,PRD02,Referral,N.,Closed Won,110.47,2026-02-04,2026-02-25
OPP05204,REP011,PRD02,Inbound,W.,Proposal,132.91,2025-08-22,
OPP05205,REP005,PRD14,Outbound,central,Closed Lost,75.87,19-Apr-2026,2026-06-25
OPP05206,REP034,PRD10,Referral,North,Lead,70.48,2026-06-20,
OPP05207,REP016,PRD05,Outbound,south,Lead,1033.35,2026-07-16,
OPP05208,REP003,PRD07,Partner,east,Lead,144.25,2026-07-28,
OPP05209,REP027,PRD06,Inbound,East,Proposal,188.44,08/17/2026,
OPP05210,REP018,PRD07,Inbound,Centrl,Closed Won,95.09,2025-10-07,07-Apr-2026
OPP05211,REP027,PRD06,Partner,,Qualified,710.7,08/21/2026,
OPP05212,REP025,PRD07,Referral,N.,Closed Lost,68.14,2026-08-21,2026-08-28
OPP05213,REP002,PRD12,Inbound,Centrl,Closed Lost,530.81,06/20/2026,2026-08-19
OPP05214,REP039,PRD05,Partner, North,Closed Won,2311.13,15-Apr-2026,2026-08-23
OPP05215,REP032,PRD15,Partner,west,Proposal,841.84,2025-08-23,
OPP05216,REP022,PRD05,Inbound,Central ,Proposal,1389.5,11/27/2025,
OPP05217,REP019,PRD01,Outbound,north,Proposal,148.63,2026-06-24,
OPP05218,REP010,PRD15,Partner,CENTRAL,Qualified,242.69,09-Sep-2025,
OPP05219,REP039,PRD09,Referral,N.,Lead,321.96,2025-09-04,
OPP05220,REP001,PRD15,Inbound,west,Qualified,751.92,2026-05-03,
OPP05221,REP009,PRD09,Partner,east,Proposal,933.11,19-Nov-2025,
OPP05222,REP035,PRD04,Inbound,EAST,Lead,87.26,2026-02-12,
OPP05223,REP013,PRD14,Outbound,Central ,Proposal,144.64,09/01/2025,
OPP05224,REP024,PRD13,Referral,N.,Lead,92.24,2025-09-26,
OPP05225,REP003,PRD11,Inbound,East,Qualified,3409.43,2025-11-08,
OPP05226,REP007,PRD06,Partner,E.,Closed Won,158.74,2026-02-03,03/18/2026
OPP05227,REP017,PRD09,Referral,WEST,Lead,438.11,2025-10-26,
OPP05228,REP016,PRD10,Partner,South ,Qualified,34.21,2026-07-24,
OPP05229,REP029,PRD02,Outbound,West,Lead,235.3,2025-10-28,
OPP05230,REP021,PRD04,Outbound,South,Qualified,40.86,2025-12-09,
OPP05231,REP030,PRD06,Outbound,West,Qualified,214.35,08/12/2026,
OPP05232,REP011,PRD10,Partner,West,Closed Won,56.58,2025-07-21,2026-03-05
OPP05233,REP035,PRD03,Partner,East,Qualified,470.5,23-May-2026,
OPP05234,REP006,PRD02,Inbound,SOUTH,Proposal,288.94,08/28/2026,
OPP05235,REP013,PRD05,Outbound,Central ,Lead,441.55,2025-10-14,
OPP05236,REP016,PRD11,Outbound,S.,Proposal,1066.75,2026-07-07,
OPP05237,REP037,PRD12,Inbound,east,Proposal,162.42,2026-03-30,
OPP05238,REP039,PRD14,Inbound,north,Closed Won,140.82,26-May-2026,08/20/2026
OPP05239,REP029,PRD06,Web Signup,W.,Qualified,138.68,2025-07-20,
OPP05240,REP031,PRD01,Web Signup,east,Qualified,13.3,2026-02-15,
OPP05241,REP038,PRD02,Inbound,Central ,Closed Won,50.69,2025-11-27,12/21/2025
OPP05242,REP005,PRD12,Referral,Central,Closed Won,90.83,07/21/2025,2026-01-17
OPP05243,REP021,PRD08,Inbound,south,Lead,1092.92,2026-08-11,
OPP05244,REP021,PRD04,Inbound,South,Lead,53.68,03/21/2026,
OPP05245,REP008,PRD09,Outbound,east,Closed Lost,632.38,2026-05-19,2026-07-24
OPP05246,REP011,PRD14,Inbound,west ,Lead,186.94,03/14/2026,
OPP05247,REP014,PRD09,Partner,south,Closed Lost,598.93,2026-07-16,2026-08-28
OPP05248,REP026,PRD10,Inbound,EAST,Qualified,18.61,06/24/2026,
OPP05249,REP012,PRD03,Inbound,E.,Closed Won,191.5,2026-02-25,06/15/2026
OPP05250,REP009,PRD06,Partner,E.,Qualified,167.37,2025-10-14,
OPP05251,REP018,PRD06,Inbound,central,Lead,274.46,2026-02-27,
OPP05252,REP007,PRD11,Inbound,east,Closed Lost,989.57,2025-11-14,2026-02-22
OPP05253,REP018,PRD04,Outbound,Central,Qualified,49.56,2025-12-27,
OPP05254,REP021,PRD08,Inbound,S.,Closed Won,3865.88,07/15/2026,2026-08-20
OPP05255,REP009,PRD15,Outbound,E.,Lead,2636.81,2026-02-12,
OPP05256,REP039,PRD14,Partner,north,Proposal,177.39,08/09/2025,
OPP05257,REP004,PRD05,Inbound,Central ,Proposal,591.5,2025-10-27,
OPP05258,REP017,PRD07,Partner,West,Qualified,70.08,2026-04-04,
OPP05259,REP006,PRD11,Inbound,South ,Closed Lost,1984.24,09-Feb-2026,08/05/2026
OPP05260,REP008,PRD14,Outbound,east,Qualified,59.59,2025-11-10,
OPP05261,REP006,PRD12,Referral,SOUTH,Closed Lost,253.16,2025-11-05,08-Aug-2026
OPP05262,REP029,PRD15,Partner,west ,Lead,861.73,2026-08-23,
OPP05263,REP025,PRD04,Inbound,north,Qualified,26.87,2026-02-10,
OPP05264,REP040,PRD11,Web Signup,south,Proposal,793.4,2025-11-22,
OPP05265,REP032,PRD13,Web Signup,,Closed Won,79.63,2025-11-17,2026-08-19
OPP05266,REP017,PRD12,Inbound,WEST,Qualified,241.49,31-Oct-2025,
OPP05267,REP012,PRD11,Outbound,EAST,Qualified,4057.89,2025-11-06,
OPP05268,REP012,PRD12,Outbound,E.,Closed Won,362.41,2026-01-04,2026-02-18
OPP05269,REP037,PRD13,Outbound,EAST,Lead,218.34,2025-08-04,
OPP05270,REP040,PRD08,Partner,,Qualified,2915.82,2026-03-06,
OPP05271,REP016,PRD07,Partner,south,Lead,48.92,10-Oct-2025,
OPP05272,REP037,PRD01,Inbound,EAST,Lead,63.08,2026-06-11,
OPP05273,REP021,PRD11,Referral,SOUTH,Proposal,2097.83,01/22/2026,
OPP05274,REP008,PRD05,Outbound,E.,Proposal,1371.56,04/17/2026,
OPP05275,REP013,PRD02,Referral,Central,Closed Lost,14.46,11/24/2025,2026-02-11
OPP05276,REP006,PRD04,Inbound,south,Qualified,53.93,2025-07-30,
OPP05277,REP013,PRD09,Outbound,Central ,Qualified,184.06,2026-03-07,
OPP05278,REP024,PRD08,Referral,NORTH,Qualified,1462.24,03/28/2026,
OPP05279,REP035,PRD14,Web Signup,EAST,Qualified,101.7,2025-10-26,
OPP05280,REP023,PRD11,Inbound,WEST,Closed Lost,8281.12,2026-04-19,07/15/2026
OPP05281,REP019,PRD14,Partner,north,Closed Won,52.8,2026-08-27,08/28/2026
OPP05282,REP017,PRD14,Outbound,W.,Lead,84.16,2026-08-22,
OPP05283,REP005,PRD09,Outbound,central,Proposal,453.52,02/23/2026,
OPP05284,REP031,PRD09,Partner,East,Qualified,592.27,2025-10-06,
OPP05285,REP029,PRD04,Inbound,west,Qualified,14.53,07/23/2025,
OPP05286,REP017,PRD05,Web Signup,west,Qualified,1140.7,2026-05-14,
OPP05287,REP036,PRD01,Referral,Central,Proposal,117.67,26-Jul-2026,
OPP05288,REP022,PRD14,Partner,CENTRAL,Closed Lost,86.51,2025-10-24,19-Apr-2026
OPP05289,REP031,PRD04,Outbound,E.,Qualified,111.24,2026-03-09,
OPP05290,REP005,PRD14,Inbound,CENTRAL,Proposal,28.53,2025-11-02,
OPP05291,REP019,PRD08,Inbound,N.,Qualified,2301.84,2025-07-07,
OPP05292,REP014,PRD13,Outbound,South,Proposal,447.11,2026-09-01,
OPP05293,REP033,PRD01,Inbound,West,Lead,126.9,2026-08-02,
OPP05294,REP013,PRD02,Outbound,Centrl,Proposal,45.17,2026-03-18,
OPP05295,REP001,PRD06,Outbound,West,Qualified,144.25,2026-02-18,
OPP05296,REP006,PRD07,Outbound,SOUTH,Closed Lost,41.05,07-Jul-2026,2026-08-04
OPP05297,REP019,PRD09,Referral,NORTH,Closed Won,752.31,26-Oct-2025,2026-09-01
OPP05298,REP014,PRD02,Outbound,,Qualified,233.15,2026-06-12,
OPP05299,REP022,PRD07,Web Signup,CENTRAL,Lead,65.91,24-Mar-2026,
OPP05300,REP034,PRD08,Inbound,NORTH,Closed Won,4388.15,09/29/2025,2026-07-10
OPP05301,REP026,PRD14,Outbound,E.,Lead,29.03,2026-07-11,
OPP05302,REP004,PRD10,Web Signup,Centrl,Qualified,20.47,04-Aug-2025,
OPP05303,REP011,PRD05,Partner,west,Closed Lost,1044.91,20-Oct-2025,07/10/2026
OPP05304,REP025,PRD13,Inbound,N.,Qualified,48.08,2025-10-02,
OPP05305,REP039,PRD10,Outbound, North,Qualified,41.82,02/28/2026,
OPP05306,REP039,PRD12,Inbound,north,Closed Lost,187.34,2025-07-23,05/30/2026
OPP05307,REP036,PRD13,Outbound,CENTRAL,Closed Lost,150.74,2025-12-22,2026-06-13
OPP05308,REP032,PRD02,Partner,W.,Qualified,27.99,2026-04-07,
OPP05309,REP004,PRD12,Outbound,central,Lead,535.53,09/13/2025,
OPP05310,REP038,PRD13,Outbound,Central ,Proposal,33.77,2026-03-14,
OPP05311,REP009,PRD15,Web Signup,E.,Qualified,1960.54,08/15/2025,
OPP05312,REP033,PRD08,Referral,W.,Lead,2501.17,12/02/2025,
OPP05313,REP004,PRD04,Inbound,central,Proposal,29.92,2026-08-16,
OPP05314,REP014,PRD08,Partner,S.,Closed Lost,986.85,23-Dec-2025,2026-04-09
OPP05315,REP012,PRD01,Inbound,EAST,Lead,48.37,2025-12-03,
OPP05316,REP006,PRD02,Outbound,South ,Lead,220.47,2025-07-21,
OPP05317,REP034,PRD14,Inbound,NORTH,Qualified,99.4,06-Sep-2025,
OPP05318,REP001,PRD13,Outbound,W.,Qualified,30.83,2026-08-26,
OPP05319,REP037,PRD15,Inbound,E.,Proposal,1992.62,2026-06-14,
OPP05320,REP033,PRD02,Referral,WEST,Lead,-478.89,2025-09-09,
OPP05321,REP030,PRD14,Partner,WEST,Qualified,348.08,2026-08-05,
OPP05322,REP021,PRD11,Partner,South,Closed Won,2399.84,06-May-2026,2026-06-12
OPP05323,REP002,PRD13,Partner,Central ,Qualified,70.19,07/19/2026,
OPP05324,REP032,PRD12,Outbound,WEST,Qualified,313.66,2026-03-07,
OPP05325,REP036,PRD14,Outbound,Central,Closed Lost,81.81,2026-08-05,2026-08-07
OPP05326,REP029,PRD14,Referral,west ,Qualified,15.11,04/10/2026,
OPP05327,REP021,PRD13,Outbound,S.,Qualified,90.31,08-May-2026,
OPP05328,REP040,PRD05,Inbound,SOUTH,Lead,1280.39,10/26/2025,
OPP05329,REP039,PRD12,Referral,NORTH,Proposal,22.38,2026-06-01,
OPP05330,REP011,PRD03,Inbound,W.,Lead,296.27,2026-04-17,
OPP05331,REP037,PRD01,Outbound,,Qualified,18.57,2026-04-29,
OPP05332,REP003,PRD01,Inbound,east,Lead,29.17,2026-04-19,
OPP05333,REP013,PRD15,Referral,Central,Qualified,1265.26,07/13/2025,
OPP05334,REP014,PRD11,Outbound,South,Qualified,2069.57,2026-02-10,
OPP05335,REP027,PRD02,Inbound,E.,Closed Lost,464.57,03/28/2026,2026-06-04
OPP05336,REP022,PRD08,Inbound,CENTRAL,Qualified,4392.46,28-Feb-2026,
OPP05337,REP007,PRD09,Web Signup,EAST,Closed Won,111.54,2026-06-15,08-Aug-2026
OPP05338,REP004,PRD02,Inbound,,Lead,22.85,2025-09-10,
OPP05339,REP032,PRD13,Outbound,W.,Lead,190.96,2025-12-18,
OPP05340,REP011,PRD07,Outbound,WEST,Qualified,84.99,2026-06-14,
OPP05341,REP004,PRD14,Outbound,CENTRAL,Qualified,26.52,2026-05-22,
OPP05342,REP019,PRD05,Outbound,,Lead,257.83,2026-06-12,
OPP05343,REP008,PRD05,Outbound,east,Qualified,629.01,13-Feb-2026,
OPP05344,REP014,PRD03,Inbound,S.,Qualified,513.95,08-Nov-2025,
OPP05345,REP031,PRD06,Inbound,EAST,Qualified,629.18,2026-05-29,
OPP05346,REP025,PRD07,Outbound,north,Closed Lost,155.62,2026-05-21,2026-06-17
OPP05347,REP021,PRD12,Outbound,S.,Proposal,227.79,09/08/2025,
OPP05348,REP018,PRD03,Inbound,central,Closed Lost,1063.02,2025-10-23,2026-01-11
OPP05349,REP027,PRD03,Outbound,E.,Lead,877.06,2026-02-24,
OPP05350,REP026,PRD03,Inbound,East,Proposal,421.6,07/07/2026,
OPP05351,REP029,PRD15,Outbound,West,Lead,1338.44,16-Aug-2026,
OPP05352,REP003,PRD06,Referral,East,Lead,147.98,2026-03-21,
OPP05353,REP020,PRD03,Partner,West,Lead,338.95,08/24/2025,
OPP05354,REP032,PRD14,Referral,WEST,Closed Won,198.74,04/21/2026,2026-05-08
OPP05355,REP016,PRD09,Outbound,south,Lead,299.98,2025-07-09,
OPP05356,REP022,PRD04,Referral,Central ,Closed Won,28.35,05/18/2026,10-Jul-2026
OPP05357,REP026,PRD05,Web Signup,,Proposal,2571.69,2026-05-21,
OPP05358,REP004,PRD14,Outbound,Central ,Closed Lost,110.56,2025-11-16,2026-06-19
OPP05359,REP017,PRD01,Partner,W.,Closed Won,26.44,2026-06-27,2026-08-21
OPP05360,REP006,PRD04,Outbound,South,Lead,107.83,18-Oct-2025,
OPP05361,REP011,PRD05,Outbound,west ,Lead,1545.08,12/05/2025,
OPP05362,REP040,PRD05,Referral,south,Lead,984.38,11/25/2025,
OPP05363,REP005,PRD12,Referral,,Qualified,57.71,2026-04-26,
OPP05364,REP004,PRD04,Outbound,Central,Proposal,45.71,02/13/2026,
OPP05365,REP029,PRD09,Outbound,WEST,Proposal,534.84,07/20/2026,
OPP05366,REP005,PRD06,Inbound,CENTRAL,Lead,266.8,08/05/2025,
OPP05367,REP030,PRD13,Referral,WEST,Lead,286.63,2026-02-23,
OPP05368,REP032,PRD12,Inbound,west,Qualified,500.18,02/25/2026,
OPP05369,REP036,PRD01,Outbound,Central ,Proposal,23.17,07/22/2026,
OPP05370,REP015,PRD08,Outbound,West,Closed Lost,1767.16,06/28/2026,2026-07-19
OPP05371,REP022,PRD08,Partner,Central,Closed Lost,699.9,2025-07-24,2025-07-25
OPP05372,REP026,PRD07,Outbound,EAST,Lead,226.25,10/31/2025,
OPP05373,REP027,PRD13,Outbound,EAST,Lead,244.92,01/24/2026,
OPP05374,REP024,PRD05,Referral,north,Lead,2090.22,2026-02-22,
OPP05375,REP035,PRD13,Referral,EAST,Qualified,144.12,2026-07-06,
OPP05376,REP008,PRD02,Partner,E.,Closed Lost,334.41,2025-10-08,06/18/2026
OPP05377,REP024,PRD09,Referral,N.,Qualified,920.21,2026-02-12,
OPP05378,REP025,PRD01,Partner, North,Closed Won,96.53,2026-05-24,06/27/2026
OPP05379,REP030,PRD13,Outbound,W.,Lead,41.03,07/21/2026,
OPP05380,REP027,PRD01,Referral,E.,Proposal,16.22,10-Jan-2026,
OPP05381,REP011,PRD05,Inbound,,Lead,910.99,2025-07-26,
OPP05382,REP006,PRD12,Outbound,South,Lead,13.77,10/04/2025,
OPP05383,REP031,PRD11,Inbound,E.,Lead,5561.74,2026-02-04,
OPP05384,REP007,PRD09,Inbound,,Qualified,340.13,2026-07-21,
OPP05385,REP009,PRD14,Inbound,East,Qualified,182.59,2025-08-24,
OPP05386,REP025,PRD05,Outbound,North,Lead,1029.57,2026-04-10,
OPP05387,REP033,PRD01,Web Signup,west ,Proposal,46.93,2026-07-12,
OPP05388,REP038,PRD06,Inbound,Central ,Lead,157.79,2026-06-07,
OPP05389,REP003,PRD01,Inbound,east,Closed Lost,92.04,2026-01-20,2026-07-23
OPP05390,REP034,PRD04,Inbound,N.,Closed Lost,48.2,2025-10-04,2026-02-25
OPP05391,REP004,PRD13,Inbound,Centrl,Proposal,367.4,2026-08-06,
OPP05392,REP017,PRD05,Inbound,West,Lead,1768.68,2025-07-17,
OPP05393,REP026,PRD15,Outbound,East,Proposal,1817.34,2026-01-21,
OPP05394,REP003,PRD06,Referral,EAST,Closed Lost,435.37,11/07/2025,2026-06-20
OPP05395,REP018,PRD12,Inbound,CENTRAL,Proposal,217.18,2025-08-18,
OPP05396,REP018,PRD11,Outbound,central,Qualified,556.41,10/25/2025,
OPP05397,REP003,PRD05,Referral,EAST,Qualified,2022.5,2026-03-09,
OPP05398,REP021,PRD01,Outbound,South,Lead,44.91,06/27/2026,
OPP05399,REP007,PRD01,Outbound,East,Proposal,86.02,2025-10-17,
OPP05400,REP025,PRD07,Partner,N.,Lead,87.24,07-Apr-2026,
OPP05401,REP021,PRD14,Inbound,South ,Closed Won,86.25,2025-11-07,11/27/2025
OPP05402,REP025,PRD07,Outbound, North,Lead,131.13,31-Jan-2026,
OPP05403,REP033,PRD07,Inbound,west ,Closed Lost,197.91,2026-04-10,06/30/2026
OPP05404,REP032,PRD06,Web Signup,west ,Proposal,170.16,04/06/2026,
OPP05405,REP038,PRD02,Web Signup,central,Lead,572.52,08/10/2025,
OPP05406,REP004,PRD09,Inbound,Central ,Qualified,22.89,2026-02-14,
OPP05407,REP016,PRD01,Outbound,south,Qualified,24.33,2026-02-15,
OPP05408,REP040,PRD04,Outbound,South ,Qualified,84.97,2026-08-19,
OPP05409,REP016,PRD15,Outbound,South ,Closed Lost,337.25,09/01/2025,2026-03-19
OPP05410,REP034,PRD07,Outbound,North,Closed Lost,24.28,01-Dec-2025,2026-08-01
OPP05411,REP025,PRD01,Inbound, North,Qualified,18.41,2025-11-23,
OPP05412,REP033,PRD12,Partner,W.,Lead,18.55,2025-09-15,
OPP05413,REP020,PRD12,Web Signup,W.,Qualified,469.52,2025-11-10,
OPP05414,REP011,PRD05,Partner,WEST,Closed Lost,1143.32,2026-08-30,2026-08-31
OPP05415,REP003,PRD09,Referral,east,Closed Lost,221.05,2026-03-06,08/13/2026
OPP05416,REP015,PRD15,Inbound,west ,Closed Lost,1078.03,22-Feb-2026,2026-04-15
OPP05417,REP017,PRD04,Outbound,WEST,Proposal,35.85,2026-04-11,
OPP05418,REP026,PRD11,Inbound,East,Lead,891.56,09/16/2025,
OPP05419,REP012,PRD02,Web Signup,East,Qualified,13.5,2026-08-23,
OPP05420,REP026,PRD11,Inbound,E.,Lead,1035.29,2026-04-03,
OPP05421,REP031,PRD03,Inbound,East,Lead,695.1,2025-10-23,
OPP05422,REP040,PRD13,Partner,South ,Proposal,401.6,2025-07-14,
OPP05423,REP038,PRD12,Web Signup,Centrl,Closed Lost,92.46,10/18/2025,05/07/2026
OPP05424,REP023,PRD04,Inbound,west ,Qualified,72.06,07-Feb-2026,
OPP05425,REP022,PRD06,Inbound,Central,Qualified,224.9,2026-04-19,
OPP05426,REP001,PRD10,Web Signup,W.,Lead,78.48,15-Jul-2026,
OPP05427,REP007,PRD03,Outbound,EAST,Lead,466.34,20-May-2026,
OPP05428,REP031,PRD15,Referral,East,Qualified,1265.51,03/25/2026,
OPP05429,REP030,PRD06,Outbound,W.,Lead,627.69,2025-11-07,
OPP05430,REP036,PRD01,Inbound,CENTRAL,Qualified,45.31,2025-09-21,
OPP05431,REP017,PRD04,Outbound,west,Lead,72.3,12/20/2025,
OPP05432,REP018,PRD05,Partner,Centrl,Closed Lost,404.82,11/01/2025,2026-05-15
OPP05433,REP026,PRD08,Outbound,East,Qualified,4498.73,2025-12-22,
OPP05434,REP038,PRD04,Partner,central,Lead,168.59,2025-11-27,
OPP05435,REP030,PRD10,Inbound,west,Qualified,132.7,08/16/2026,
OPP05436,REP003,PRD02,Outbound,east,Proposal,68.39,21-Aug-2026,
OPP05437,REP008,PRD01,Referral,East,Proposal,34.45,2025-09-30,
OPP05438,REP014,PRD09,Inbound,South ,Closed Lost,898.83,05/24/2026,2026-08-21
OPP05439,REP030,PRD09,Inbound,west,Qualified,580.28,01-Sep-2025,
OPP05440,REP011,PRD15,Web Signup,west ,Qualified,1587.46,2025-10-02,
OPP05441,REP025,PRD02,Referral,N.,Lead,207.3,10/13/2025,
OPP05442,REP034,PRD13,Partner,North,Closed Won,100.48,2025-07-17,07/24/2026
OPP05443,REP026,PRD12,Web Signup,East,Qualified,145.83,2026-03-31,
OPP05444,REP005,PRD02,Inbound,CENTRAL,Closed Lost,74.5,2026-03-03,07/15/2026
OPP05445,REP002,PRD06,Inbound,central,Qualified,393.68,04/11/2026,
OPP05446,REP031,PRD13,Outbound,EAST,Qualified,43.45,2025-10-19,
OPP05447,REP006,PRD09,Inbound,S.,Qualified,154.71,12-Jun-2026,
OPP05448,REP014,PRD11,Web Signup,S.,Qualified,452.15,2026-08-14,
OPP05449,REP014,PRD12,Inbound,SOUTH,Closed Lost,421.48,2026-03-26,04/28/2026
OPP05450,REP026,PRD04,Outbound,E.,Closed Won,107.58,2026-02-25,2026-03-02
OPP05451,REP032,PRD11,Referral,west ,Lead,2882.5,10/04/2025,
OPP05452,REP015,PRD04,Outbound,WEST,Qualified,191.12,2025-12-23,
OPP05453,REP008,PRD12,Referral,E.,Lead,639.2,2025-10-11,
OPP05454,REP035,PRD10,Outbound,E.,Closed Lost,63.68,22-Oct-2025,2026-07-16
OPP05455,REP039,PRD05,Inbound,NORTH,Closed Lost,173.2,2025-12-26,04/24/2026
OPP05456,REP037,PRD09,Outbound,EAST,Closed Lost,147.92,10/09/2025,2025-12-29
OPP05457,REP007,PRD08,Outbound,EAST,Proposal,1140.77,2025-10-13,
OPP05458,REP003,PRD02,Referral,east,Qualified,58.55,2025-09-03,
OPP05459,REP029,PRD04,Web Signup,west,Closed Lost,89.15,2026-05-29,2026-08-04
OPP05460,REP021,PRD10,Partner,South,Qualified,23.46,28-Sep-2025,
OPP05461,REP020,PRD03,Inbound,west,Lead,337.05,09/02/2025,
OPP05462,REP009,PRD02,Web Signup,EAST,Lead,188.85,2025-07-18,
OPP05463,REP014,PRD03,Referral,South,Lead,0.0,07/15/2026,
OPP05464,REP014,PRD07,Inbound,S.,Proposal,76.76,2026-06-03,
OPP05465,REP015,PRD10,Referral,W.,Qualified,19.72,08/06/2025,
OPP05466,REP038,PRD07,Inbound,CENTRAL,Lead,57.94,2025-12-03,
OPP05467,REP033,PRD08,Partner,West,Closed Lost,2495.28,09/25/2025,2025-10-07
OPP05468,REP022,PRD01,Outbound,,Proposal,49.81,2026-08-06,
OPP05469,REP036,PRD02,Outbound,central,Proposal,109.37,2025-08-19,
OPP05470,REP039,PRD09,Referral,north,Qualified,395.2,2026-07-03,
OPP05471,REP013,PRD14,Inbound,Central,Lead,31.9,2025-10-04,
OPP05472,REP027,PRD07,Inbound,east,Closed Won,164.62,01/16/2026,02/01/2026
OPP05473,REP013,PRD01,Partner,Centrl,Lead,4.49,2025-08-24,
OPP05474,REP033,PRD15,Outbound,west ,Lead,1068.57,2026-02-23,
OPP05475,REP022,PRD10,Referral,Centrl,Qualified,28.02,07/11/2025,
OPP05476,REP029,PRD10,Referral,W.,Qualified,61.28,09/16/2025,
OPP05477,REP014,PRD02,Partner,South,Lead,304.84,2025-10-08,
OPP05478,REP005,PRD02,Inbound,CENTRAL,Proposal,55.95,2025-12-10,
OPP05479,REP011,PRD09,Outbound,west ,Proposal,50.48,2025-12-06,
OPP05480,REP012,PRD05,Partner,EAST,Lead,2866.17,2025-11-24,
OPP05481,REP026,PRD14,Outbound,E.,Lead,234.87,2026-04-03,
OPP05482,REP040,PRD07,Inbound,South ,Lead,108.95,2025-07-26,
OPP05483,REP036,PRD12,Referral,CENTRAL,Lead,193.06,09/12/2025,
OPP05484,REP036,PRD04,Inbound,Central ,Proposal,35.0,25-Oct-2025,
OPP05485,REP028,PRD08,Outbound,South,Closed Won,1030.45,2026-02-04,2026-06-19
OPP05486,REP040,PRD09,Inbound,south,Closed Lost,794.44,2026-04-03,05/04/2026
OPP05487,REP020,PRD09,Outbound,west ,Lead,452.67,2026-07-27,
OPP05488,REP018,PRD15,Outbound,CENTRAL,Qualified,2663.59,07-Jan-2026,
OPP05489,REP003,PRD02,Referral,EAST,Lead,99.15,2026-07-31,
OPP05490,REP002,PRD01,Partner,central,Qualified,35.15,2025-08-26,
OPP05491,REP026,PRD15,Outbound,EAST,Proposal,266.25,09/18/2025,
OPP05492,REP030,PRD11,Partner,west,Closed Won,1356.52,2025-07-14,08/28/2026
OPP05493,REP004,PRD03,Inbound,Central,Qualified,267.71,19-Dec-2025,
OPP05494,REP015,PRD14,Inbound,West,Proposal,100.3,2025-11-29,
OPP05495,REP020,PRD01,Outbound,west ,Proposal,19.2,2026-02-07,
OPP05496,REP022,PRD09,Outbound,Centrl,Lead,319.63,2025-11-14,
OPP05497,REP013,PRD10,Inbound,central,Closed Lost,53.27,2026-08-25,25-Aug-2026
OPP05498,REP024,PRD12,Referral,NORTH,Lead,347.41,09/18/2025,
OPP05499,REP009,PRD01,Outbound,EAST,Qualified,13.82,2025-12-17,
OPP05500,REP024,PRD10,Outbound,North,Lead,31.4,2026-07-30,
OPP05501,REP019,PRD12,Inbound, North,Lead,195.25,2026-07-07,
OPP05502,REP008,PRD01,Partner,east,Closed Won,30.6,2026-04-14,2026-08-27
OPP05503,REP027,PRD12,Referral,E.,Proposal,329.41,2025-11-24,
OPP05504,REP040,PRD13,Inbound,South ,Closed Lost,213.38,2026-06-10,14-Aug-2026
OPP05505,REP033,PRD11,Referral,west,Lead,2971.62,2025-09-25,
OPP05506,REP028,PRD10,Outbound,South ,Lead,34.03,11/21/2025,
OPP05507,REP030,PRD14,Outbound,W.,Closed Won,57.76,2026-04-05,06/17/2026
OPP05508,REP038,PRD03,Outbound,Central ,Lead,445.69,2026-05-29,
OPP05509,REP005,PRD06,Inbound,Centrl,Lead,77.01,2025-12-17,
OPP05510,REP014,PRD10,Inbound,South ,Closed Won,57.9,08/07/2026,08/18/2026
OPP05511,REP020,PRD06,Inbound,W.,Closed Won,454.72,2026-05-16,06-Jun-2026
OPP05512,REP021,PRD11,Referral,south,Closed Won,1110.18,2026-03-05,03/29/2026
OPP05513,REP040,PRD06,Outbound,south,Proposal,170.15,2026-06-30,
OPP05514,REP009,PRD04,Outbound,E.,Lead,121.65,2025-09-27,
OPP05515,REP010,PRD03,Outbound,central,Closed Lost,786.23,11-Aug-2026,2026-08-14
OPP05516,REP005,PRD15,Outbound,Central ,Lead,1532.37,2026-07-24,
OPP05517,REP002,PRD01,Web Signup,Central ,Lead,-21.95,2026-04-10,
OPP05518,REP001,PRD12,Referral,WEST,Qualified,245.23,02/12/2026,
OPP05519,REP005,PRD03,Referral,CENTRAL,Closed Won,170.38,04-Aug-2025,2025-10-06
OPP05520,REP026,PRD13,Partner,east,Qualified,267.23,03/15/2026,
OPP05521,REP018,PRD12,Referral,CENTRAL,Proposal,562.48,07/22/2026,
OPP05522,REP014,PRD04,Outbound,South ,Closed Lost,39.27,2025-10-01,2026-02-27
OPP05523,REP031,PRD04,Inbound,east,Qualified,123.19,09-Feb-2026,
OPP05524,REP005,PRD12,Partner,Central ,Qualified,268.93,06/23/2026,
OPP05525,REP017,PRD04,Inbound,W.,Lead,28.14,2026-03-03,
OPP05526,REP016,PRD13,Outbound,S.,Proposal,170.19,2026-06-13,
OPP05527,REP002,PRD04,Outbound,Centrl,Lead,206.49,2025-12-26,
OPP05528,REP011,PRD09,Inbound,West,Qualified,897.73,2026-05-16,
OPP05529,REP034,PRD06,Partner,North,Lead,427.47,02/14/2026,
OPP05530,REP034,PRD06,Partner,north,Lead,165.01,2026-06-01,
OPP05531,REP005,PRD02,Outbound,Central ,Closed Lost,64.31,2025-11-27,2025-12-24
OPP05532,REP001,PRD02,Inbound,WEST,Lead,219.94,2026-07-08,
OPP05533,REP035,PRD14,Referral,EAST,Qualified,109.31,2026-04-15,
OPP05534,REP018,PRD14,Inbound,central,Qualified,106.07,2025-11-20,
OPP05535,REP039,PRD14,Inbound,N.,Lead,114.41,2025-07-13,
OPP05536,REP006,PRD07,Partner,SOUTH,Closed Won,172.93,07/20/2026,2026-08-21
OPP05537,REP018,PRD11,Inbound,central,Closed Won,1837.26,2025-09-23,2026-02-23
OPP05538,REP036,PRD02,Outbound,Central ,Closed Lost,100.06,2026-06-09,2026-07-29
OPP05539,REP032,PRD05,Inbound,W.,Closed Won,455.27,08-Sep-2025,2025-10-24
OPP05540,REP031,PRD06,Outbound,E.,Closed Lost,305.86,2025-10-23,2026-03-25
OPP05541,REP007,PRD05,Outbound,EAST,Qualified,1559.62,2026-05-11,
OPP05542,REP027,PRD01,Inbound,east,Qualified,35.07,2025-09-21,
OPP05543,REP018,PRD11,Outbound,central,Lead,1570.26,2025-11-12,
OPP05544,REP010,PRD01,Outbound,CENTRAL,Lead,52.1,2025-08-23,
OPP05545,REP007,PRD08,Outbound,east,Lead,2351.89,12-Apr-2026,
OPP05546,REP029,PRD14,Referral,West,Proposal,89.9,2025-12-05,
OPP05547,REP020,PRD05,Web Signup,west,Lead,1216.48,03/24/2026,
OPP05548,REP029,PRD15,Inbound,WEST,Lead,2163.6,2025-12-06,
OPP05549,REP036,PRD02,Web Signup,CENTRAL,Proposal,49.24,2026-05-14,
OPP05550,REP008,PRD11,Outbound,EAST,Closed Won,894.47,07-Oct-2025,2026-01-05
OPP05551,REP016,PRD06,Inbound,south,Closed Won,147.66,2026-05-29,08/07/2026
OPP05552,REP004,PRD07,Outbound,,Qualified,75.97,2026-07-26,
OPP05553,REP029,PRD11,Inbound,W.,Closed Won,1065.54,02/05/2026,22-May-2026
OPP05554,REP022,PRD05,Outbound,Central ,Proposal,1355.92,2026-05-10,
OPP05555,REP031,PRD09,Outbound,E.,Qualified,126.38,2026-04-06,
OPP05556,REP037,PRD04,Inbound,East,Lead,56.83,2026-07-08,
OPP05557,REP032,PRD05,Outbound,West,Qualified,1786.06,14-May-2026,
OPP05558,REP002,PRD02,Web Signup,Central ,Lead,96.16,07/15/2026,
OPP05559,REP036,PRD09,Outbound,Central ,Lead,198.66,2026-08-05,
OPP05560,REP006,PRD10,Inbound,South,Proposal,36.02,2026-02-05,
OPP05561,REP028,PRD01,Inbound,south,Lead,44.87,2025-10-26,
OPP05562,REP020,PRD01,Outbound,west,Qualified,96.34,2026-06-22,
OPP05563,REP002,PRD04,Web Signup,Central,Lead,54.47,25-Sep-2025,
OPP05564,REP039,PRD13,Referral,N.,Lead,209.82,2025-10-06,
OPP05565,REP016,PRD10,Inbound,South ,Proposal,11.54,2026-01-14,
OPP05566,REP003,PRD13,Partner,East,Closed Lost,27.5,2026-07-19,08/12/2026
OPP05567,REP013,PRD10,Outbound,Centrl,Lead,52.37,12/30/2025,
OPP05568,REP026,PRD13,Outbound,east,Qualified,24.8,2025-10-16,
OPP05569,REP014,PRD01,Outbound,South,Lead,68.04,27-Jul-2025,
OPP05570,REP030,PRD14,Partner,west ,Closed Won,88.18,2025-09-19,2026-07-02
OPP05571,REP015,PRD14,Outbound,WEST,Proposal,40.51,2025-08-14,
OPP05572,REP019,PRD02,Referral,,Proposal,101.23,2025-08-25,
OPP05573,REP005,PRD10,Inbound,CENTRAL,Lead,20.8,2026-07-25,
OPP05574,REP036,PRD02,Inbound,CENTRAL,Closed Lost,72.46,2025-07-24,2025-12-10
OPP05575,REP003,PRD11,Inbound,E.,Qualified,1523.67,2026-04-27,
OPP05576,REP004,PRD09,Inbound,,Closed Lost,209.49,03/14/2026,04/12/2026
OPP05577,REP036,PRD04,Inbound,Central,Proposal,207.97,24-Feb-2026,
OPP05578,REP021,PRD04,Partner,South ,Proposal,53.95,2025-09-16,
OPP05579,REP003,PRD09,Inbound,East,Qualified,228.96,09/01/2025,
OPP05580,REP016,PRD13,Inbound,S.,Proposal,91.16,08/11/2026,
OPP05581,REP035,PRD04,Outbound,East,Lead,19.79,2026-07-21,
OPP05582,REP005,PRD14,Inbound,Central ,Proposal,-31.53,30-Jun-2026,
OPP05583,REP025,PRD12,Outbound, North,Qualified,61.87,2025-12-07,
OPP05584,REP022,PRD12,Outbound,Centrl,Proposal,121.79,2026-02-17,
OPP05585,REP031,PRD04,Inbound,EAST,Lead,58.73,07/25/2026,
OPP05586,REP021,PRD15,Outbound,South,Lead,1445.93,19-Jul-2026,
OPP05587,REP016,PRD08,Inbound,SOUTH,Qualified,1542.19,2026-07-31,
OPP05588,REP006,PRD07,Outbound,S.,Lead,130.26,01/23/2026,
OPP05589,REP013,PRD08,Partner,Central ,Closed Lost,4460.51,08/29/2026,2026-08-31
OPP05590,REP008,PRD15,Outbound,E.,Lead,0.0,2026-08-27,
OPP05591,REP020,PRD14,Web Signup,West,Lead,36.33,2026-09-01,
OPP05592,REP005,PRD10,Referral,Central,Closed Lost,12.12,2025-07-17,2025-08-10
OPP05593,REP022,PRD02,Partner,Central ,Lead,56.47,2026-06-03,
OPP05594,REP026,PRD11,Outbound,EAST,Lead,1796.43,2025-10-04,
OPP05595,REP025,PRD07,Inbound,North,Qualified,63.04,27-Apr-2026,
OPP05596,REP015,PRD11,Referral,West,Lead,0.0,06/18/2026,
OPP05597,REP030,PRD11,Inbound,,Qualified,1666.99,2026-03-05,
OPP05598,REP011,PRD14,Inbound,west ,Closed Lost,76.1,2026-04-22,07/16/2026
OPP05599,REP034,PRD09,Inbound,north,Qualified,103.34,2026-06-26,
OPP05600,REP020,PRD12,Web Signup,W.,Qualified,139.67,2025-07-31,
OPP05601,REP021,PRD04,Inbound,S.,Closed Won,15.89,07/29/2025,12/13/2025
OPP05602,REP020,PRD05,Referral,west ,Proposal,623.78,2026-02-24,
OPP05603,REP024,PRD02,Web Signup,NORTH,Lead,149.21,2025-11-08,
OPP05604,REP008,PRD15,Web Signup,EAST,Qualified,550.53,07/20/2026,
OPP05605,REP017,PRD09,Outbound,West,Proposal,638.65,2026-06-03,
OPP05606,REP035,PRD10,Outbound,,Proposal,112.05,10/16/2025,
OPP05607,REP018,PRD05,Outbound,central,Qualified,563.11,2026-03-03,
OPP05608,REP030,PRD13,Inbound,W.,Closed Won,143.67,05/02/2026,08/04/2026
OPP05609,REP009,PRD08,Inbound,E.,Proposal,1659.41,2025-09-26,
OPP05610,REP003,PRD07,Outbound,East,Qualified,117.61,07/20/2026,
OPP05611,REP011,PRD02,Inbound,W.,Closed Won,257.06,2026-08-26,09/01/2026
OPP05612,REP029,PRD12,Web Signup,W.,Qualified,76.95,2026-07-03,
OPP05613,REP036,PRD11,Outbound,Central ,Lead,1777.61,2026-07-08,
OPP05614,REP006,PRD03,Outbound,south,Proposal,716.7,2025-11-02,
OPP05615,REP029,PRD06,Web Signup,WEST,Proposal,279.31,2026-08-01,
OPP05616,REP036,PRD05,Outbound,CENTRAL,Closed Lost,634.42,2025-08-16,2026-01-14
OPP05617,REP001,PRD04,Referral,West,Lead,39.47,24-Jan-2026,
OPP05618,REP025,PRD07,Outbound, North,Lead,116.07,2026-07-23,
OPP05619,REP020,PRD14,Inbound,W.,Lead,48.37,04/23/2026,
OPP05620,REP038,PRD06,Outbound,CENTRAL,Lead,479.48,2026-04-03,
OPP05621,REP026,PRD14,Outbound,E.,Qualified,5.91,2026-02-09,
OPP05622,REP026,PRD01,Inbound,east,Lead,74.17,03/09/2026,
OPP05623,REP030,PRD14,Outbound,,Closed Won,53.24,08/20/2025,30-Aug-2025
OPP05624,REP010,PRD03,Outbound,CENTRAL,Lead,382.62,08/08/2025,
OPP05625,REP040,PRD15,Inbound,SOUTH,Qualified,518.94,11-Oct-2025,
OPP05626,REP033,PRD05,Web Signup,west ,Qualified,341.92,14-Apr-2026,
OPP05627,REP033,PRD09,Inbound,West,Qualified,179.78,03/31/2026,
OPP05628,REP017,PRD03,Outbound,WEST,Qualified,248.15,2025-07-24,
OPP05629,REP023,PRD09,Inbound,W.,Qualified,256.72,2026-03-26,
OPP05630,REP011,PRD10,Outbound,W.,Lead,-106.84,25-Apr-2026,
OPP05631,REP027,PRD11,Inbound,E.,Closed Won,1473.99,17-Sep-2025,02-Mar-2026
OPP05632,REP021,PRD13,Partner,S.,Closed Lost,168.25,2026-03-29,2026-06-06
OPP05633,REP014,PRD11,Outbound,south,Closed Won,2649.68,2026-05-19,26-Jul-2026
OPP05634,REP019,PRD04,Inbound, North,Lead,83.71,2025-08-16,
OPP05635,REP013,PRD04,Inbound,CENTRAL,Proposal,131.13,2026-01-09,
OPP05636,REP016,PRD01,Referral,SOUTH,Lead,21.84,12-Jan-2026,
OPP05637,REP036,PRD10,Partner,central,Proposal,90.68,01/02/2026,
OPP05638,REP005,PRD10,Partner,Central,Lead,49.93,03/03/2026,
OPP05639,REP036,PRD15,Web Signup,CENTRAL,Proposal,360.4,09/07/2025,
OPP05640,REP022,PRD03,Outbound,Centrl,Qualified,1307.36,23-Aug-2025,
OPP05641,REP029,PRD15,Referral,WEST,Qualified,1288.86,02/25/2026,
OPP05642,REP032,PRD06,Referral,west,Qualified,334.91,2025-09-30,
OPP05643,REP009,PRD10,Partner,East,Lead,22.22,23-Mar-2026,
OPP05644,REP035,PRD09,Outbound,east,Lead,1279.96,11/12/2025,
OPP05645,REP033,PRD08,Outbound,W.,Qualified,1795.93,2025-07-19,
OPP05646,REP013,PRD06,Web Signup,CENTRAL,Lead,354.81,26-Aug-2026,
OPP05647,REP024,PRD12,Web Signup,N.,Qualified,214.46,03/14/2026,
OPP05648,REP009,PRD02,Partner,E.,Lead,190.45,02-Aug-2025,
OPP05649,REP004,PRD09,Referral,Centrl,Qualified,469.16,2026-06-26,
OPP05650,REP025,PRD08,Partner,N.,Qualified,844.9,28-May-2026,
OPP05651,REP013,PRD06,Outbound,Central,Lead,73.34,2026-08-07,
OPP05652,REP028,PRD15,Outbound,,Qualified,904.91,2026-05-27,
OPP05653,REP017,PRD02,Referral,West,Closed Won,123.06,27-Jan-2026,2026-02-03
OPP05654,REP011,PRD05,Inbound,west ,Qualified,583.96,2026-07-03,
OPP05655,REP035,PRD09,Inbound,EAST,Closed Won,138.38,2025-07-21,23-Mar-2026
OPP05656,REP004,PRD07,Web Signup,central,Closed Won,115.63,2026-04-23,2026-08-11
OPP05657,REP031,PRD06,Outbound,E.,Qualified,362.35,2026-05-03,
OPP05658,REP006,PRD05,Outbound,South ,Proposal,2320.69,2026-03-11,
OPP05659,REP036,PRD10,Inbound,CENTRAL,Lead,45.35,2025-09-17,
OPP05660,REP002,PRD08,Referral,Central ,Proposal,877.8,18-Jul-2026,
OPP05661,REP012,PRD11,Outbound,east,Qualified,1651.68,2025-09-19,
OPP05662,REP040,PRD03,Inbound,South ,Closed Won,1006.58,2025-12-10,19-Apr-2026
OPP05663,REP040,PRD09,Inbound,south,Qualified,608.2,07/24/2026,
OPP05664,REP010,PRD12,Referral,Centrl,Qualified,80.51,2026-07-29,
OPP05665,REP012,PRD11,Partner,E.,Proposal,3572.18,2026-03-24,
OPP05666,REP030,PRD05,Referral,WEST,Qualified,1584.29,2025-11-10,
OPP05667,REP016,PRD11,Inbound,South,Proposal,198.32,02/21/2026,
OPP05668,REP018,PRD09,Outbound,Centrl,Qualified,147.95,2026-04-12,
OPP05669,REP002,PRD01,Partner,Central,Qualified,25.03,2026-06-07,
OPP05670,REP034,PRD01,Inbound,NORTH,Proposal,66.14,12/07/2025,
OPP05671,REP038,PRD14,Outbound,CENTRAL,Lead,149.76,2026-07-24,
OPP05672,REP035,PRD12,Referral,east,Qualified,268.53,31-Aug-2025,
OPP05673,REP036,PRD12,Web Signup,Central,Lead,350.73,2026-08-24,
OPP05674,REP019,PRD02,Outbound, North,Proposal,184.46,2025-12-17,
OPP05675,REP014,PRD09,Inbound,south,Closed Lost,1092.05,2026-02-12,2026-05-25
OPP05676,REP034,PRD01,Inbound,NORTH,Proposal,36.64,08/09/2025,
OPP05677,REP010,PRD12,Outbound,central,Proposal,73.98,2026-02-19,
OPP05678,REP001,PRD02,Outbound,west,Proposal,48.05,12-May-2026,
OPP05679,REP015,PRD09,Inbound,West,Qualified,130.89,2025-12-26,
OPP05680,REP029,PRD11,Partner,West,Qualified,6165.85,2025-09-13,
OPP05681,REP024,PRD10,Inbound,N.,Qualified,120.49,15-Sep-2025,
OPP05682,REP020,PRD11,Inbound,WEST,Qualified,866.6,2026-03-22,
OPP05683,REP026,PRD08,Referral,EAST,Proposal,1820.23,02/01/2026,
OPP05684,REP008,PRD07,Referral,east,Qualified,40.54,08/25/2025,
OPP05685,REP016,PRD08,Partner,South ,Lead,4415.38,2026-08-20,
OPP05686,REP006,PRD14,Outbound,South,Closed Won,73.65,07/08/2026,2026-08-18
OPP05687,REP006,PRD07,Inbound,SOUTH,Lead,14.92,2025-12-13,
OPP05688,REP001,PRD11,Outbound,W.,Lead,3113.69,2026-03-30,
OPP05689,REP014,PRD03,Outbound,SOUTH,Closed Won,993.42,2025-09-01,2026-05-12
OPP05690,REP018,PRD01,Partner,central,Lead,38.11,2026-02-23,
OPP05691,REP014,PRD10,Web Signup,South ,Closed Won,56.32,2026-07-30,13-Aug-2026
OPP05692,REP025,PRD03,Inbound,N.,Lead,316.02,2026-06-05,
OPP05693,REP037,PRD15,Inbound,East,Qualified,946.31,2026-08-27,
OPP05694,REP035,PRD04,Outbound,east,Qualified,88.41,2026-03-04,
OPP05695,REP003,PRD15,Partner,E.,Lead,1167.36,2025-12-06,
OPP05696,REP036,PRD06,Partner,Centrl,Qualified,386.3,2026-05-21,
OPP05697,REP011,PRD10,Referral,west ,Proposal,122.47,2026-05-12,
OPP05698,REP016,PRD02,Inbound,SOUTH,Closed Lost,163.74,15-Jan-2026,2026-08-03
OPP05699,REP019,PRD15,Outbound,North,Proposal,1887.75,21-Jun-2026,
OPP05700,REP039,PRD06,Inbound,N.,Qualified,138.88,2025-11-21,
OPP05701,REP008,PRD03,Inbound,EAST,Closed Lost,445.51,18-Jul-2025,22-Aug-2026
OPP05702,REP034,PRD10,Partner,NORTH,Proposal,12.92,25-Nov-2025,
OPP05703,REP002,PRD10,Outbound,CENTRAL,Qualified,20.32,2026-07-26,
OPP05704,REP038,PRD02,Outbound,Central ,Lead,210.79,12/16/2025,
OPP05705,REP005,PRD15,Partner,CENTRAL,Closed Lost,1023.93,2026-07-01,2026-07-27
OPP05706,REP021,PRD08,Outbound,SOUTH,Qualified,2368.16,2026-08-21,
OPP05707,REP025,PRD12,Outbound,north,Lead,33.87,2026-06-05,
OPP05708,REP031,PRD06,Web Signup,EAST,Lead,314.01,2025-08-19,
OPP05709,REP018,PRD11,Referral,CENTRAL,Qualified,362.78,13-Aug-2026,
OPP05710,REP008,PRD07,Outbound,east,Closed Lost,125.15,2025-12-06,26-Apr-2026
OPP05711,REP012,PRD06,Outbound,EAST,Closed Won,190.76,2026-06-28,07/12/2026
OPP05712,REP006,PRD07,Inbound,SOUTH,Closed Won,71.8,01/06/2026,03/05/2026
OPP05713,REP012,PRD13,Referral,East,Proposal,204.8,02/22/2026,
OPP05714,REP001,PRD12,Partner,west,Lead,76.65,2026-06-07,
OPP05715,REP039,PRD13,Outbound,North,Qualified,121.16,2026-05-18,
OPP05716,REP003,PRD08,Inbound,east,Qualified,1745.69,03/08/2026,
OPP05717,REP019,PRD12,Inbound,N.,Qualified,174.14,2025-08-23,
OPP05718,REP020,PRD01,Inbound,West,Closed Won,193.51,2025-12-09,2026-05-18
OPP05719,REP032,PRD06,Outbound,west ,Proposal,756.34,01/27/2026,
OPP05720,REP034,PRD07,Partner, North,Closed Won,77.95,2026-02-11,2026-04-14
OPP05721,REP038,PRD14,Partner,Centrl,Lead,134.87,2026-01-19,
OPP05722,REP030,PRD02,Inbound,West,Closed Lost,28.15,01/03/2026,06/09/2026
OPP05723,REP027,PRD06,Outbound,east,Proposal,77.01,2026-01-05,
OPP05724,REP025,PRD03,Web Signup,north,Qualified,440.65,09/30/2025,
OPP05725,REP008,PRD01,Inbound,East,Lead,29.73,2025-10-28,
OPP05726,REP038,PRD08,Inbound,central,Qualified,6409.6,2025-11-30,
OPP05727,REP007,PRD02,Outbound,East,Closed Lost,41.04,2025-07-25,2026-01-31
OPP05728,REP025,PRD08,Outbound,north,Proposal,511.34,2026-03-02,
OPP05729,REP015,PRD02,Partner,W.,Qualified,228.77,2026-06-29,
OPP05730,REP032,PRD14,Web Signup,West,Closed Won,25.99,16-Jul-2026,2026-08-27
OPP05731,REP013,PRD15,Inbound,Central ,Closed Lost,3194.0,2026-05-27,2026-06-03
OPP05732,REP025,PRD07,Referral,NORTH,Lead,88.94,12/07/2025,
OPP05733,REP020,PRD15,Outbound,west,Lead,1235.93,2025-11-04,
OPP05734,REP021,PRD11,Web Signup,SOUTH,Lead,1050.29,2026-01-31,
OPP05735,REP006,PRD03,Referral,South ,Closed Lost,234.8,2025-10-17,2025-10-28
OPP05736,REP025,PRD02,Web Signup,north,Proposal,166.01,2026-01-20,
OPP05737,REP006,PRD01,Outbound,S.,Proposal,23.07,02/04/2026,
OPP05738,REP026,PRD06,Outbound,E.,Closed Lost,222.47,17-Nov-2025,2026-07-25
OPP05739,REP015,PRD03,Partner,West,Closed Lost,889.13,2025-08-05,17-Aug-2026
OPP05740,REP009,PRD01,Referral,east,Closed Won,31.09,07/19/2025,2025-08-30
OPP05741,REP029,PRD15,Referral,W.,Qualified,1309.37,07-Sep-2025,
OPP05742,REP001,PRD12,Partner,W.,Lead,304.95,04-Mar-2026,
OPP05743,REP025,PRD07,Web Signup, North,Qualified,9.1,2026-02-20,
OPP05744,REP004,PRD11,Outbound,Centrl,Lead,4433.24,2025-08-22,
OPP05745,REP034,PRD08,Referral,North,Lead,2431.66,05/16/2026,
OPP05746,REP022,PRD03,Outbound,Central,Lead,407.17,2026-04-12,
OPP05747,REP032,PRD02,Partner,West,Proposal,271.12,09/12/2025,
OPP05748,REP011,PRD06,Referral,WEST,Qualified,426.33,2026-05-08,
OPP05749,REP023,PRD04,Inbound,west ,Lead,147.59,21-Oct-2025,
OPP05750,REP003,PRD10,Referral,East,Proposal,31.76,01/03/2026,
OPP05751,REP018,PRD12,Inbound,CENTRAL,Lead,485.41,28-Sep-2025,
OPP05752,REP004,PRD11,Referral,CENTRAL,Lead,578.27,07/27/2026,
OPP05753,REP023,PRD13,Inbound,west ,Lead,227.19,10/05/2025,
OPP05754,REP009,PRD06,Referral,east,Lead,72.11,13-Aug-2026,
OPP05755,REP023,PRD04,Inbound,W.,Proposal,106.74,2026-08-15,
OPP05756,REP012,PRD13,Inbound,east,Qualified,85.21,2026-01-15,
OPP05757,REP026,PRD03,Partner,east,Qualified,427.92,2026-07-24,
OPP05758,REP011,PRD13,Inbound,W.,Qualified,177.37,2025-09-12,
OPP05759,REP036,PRD05,Web Signup,Central ,Qualified,580.86,2026-01-04,
OPP05760,REP001,PRD14,Outbound,west,Closed Won,44.11,2025-10-06,2026-08-02
OPP05761,REP014,PRD06,Web Signup,SOUTH,Lead,421.29,04-Mar-2026,
OPP05762,REP023,PRD14,Outbound,,Closed Lost,32.58,2026-03-16,2026-08-24
OPP05763,REP035,PRD06,Web Signup,EAST,Qualified,-221.62,2026-05-02,
OPP05764,REP029,PRD13,Web Signup,WEST,Lead,31.43,01/03/2026,
OPP05765,REP030,PRD15,Inbound,west ,Closed Won,265.24,2026-05-28,2026-07-09
OPP05766,REP037,PRD01,Referral,E.,Lead,93.77,2025-10-24,
OPP05767,REP022,PRD09,Inbound,Central,Qualified,100.38,09/24/2025,
OPP05768,REP030,PRD07,Outbound,WEST,Proposal,88.05,17-Nov-2025,
OPP05769,REP008,PRD11,Web Signup,E.,Proposal,2149.61,2025-12-17,
OPP05770,REP028,PRD07,Referral,south,Closed Won,145.8,2026-02-02,2026-07-22
OPP05771,REP025,PRD01,Referral,NORTH,Qualified,57.61,05/17/2026,
OPP05772,REP039,PRD03,Inbound,NORTH,Qualified,850.65,01/17/2026,
OPP05773,REP022,PRD11,Inbound,Central,Proposal,1004.72,16-Aug-2025,
OPP05774,REP015,PRD11,Outbound,west,Lead,2656.12,2026-07-19,
OPP05775,REP040,PRD03,Outbound,S.,Closed Won,570.08,08/22/2026,2026-08-26
OPP05776,REP007,PRD02,Outbound,E.,Lead,119.81,09/29/2025,
OPP05777,REP032,PRD02,Inbound,west ,Proposal,98.99,2026-03-06,
OPP05778,REP011,PRD13,Partner,W.,Proposal,155.03,2026-08-31,
OPP05779,REP026,PRD01,Outbound,,Lead,51.86,05/29/2026,
OPP05780,REP030,PRD13,Outbound,WEST,Closed Lost,57.78,2026-07-07,2026-07-30
OPP05781,REP025,PRD14,Inbound,North,Proposal,76.48,2026-02-04,
OPP05782,REP013,PRD09,Inbound,central,Lead,256.59,24-Oct-2025,
OPP05783,REP038,PRD12,Inbound,,Lead,307.12,04/11/2026,
OPP05784,REP025,PRD07,Inbound, North,Closed Lost,131.07,2026-07-08,08/12/2026
OPP05785,REP003,PRD12,Outbound,EAST,Lead,147.71,2026-02-28,
OPP05786,REP007,PRD14,Partner,east,Lead,13.78,07/20/2025,
OPP05787,REP013,PRD15,Web Signup,CENTRAL,Lead,470.01,07/31/2025,
OPP05788,REP001,PRD09,Web Signup,West,Proposal,320.58,2025-08-15,
OPP05789,REP018,PRD08,Partner,Central,Lead,1920.17,01/06/2026,
OPP05790,REP003,PRD11,Outbound,EAST,Lead,2011.62,01/16/2026,
OPP05791,REP014,PRD02,Web Signup,South,Lead,164.95,04/28/2026,
OPP05792,REP030,PRD12,Partner,W.,Lead,396.52,2026-03-01,
OPP05793,REP026,PRD01,Referral,East,Lead,28.53,2026-04-11,
OPP05794,REP022,PRD07,Partner,Central,Closed Lost,101.02,2025-10-06,05/01/2026
OPP05795,REP038,PRD11,Inbound,Central,Lead,834.5,01/03/2026,
OPP05796,REP002,PRD05,Web Signup,Central ,Closed Lost,521.07,2026-06-12,2026-07-19
OPP05797,REP024,PRD07,Partner,north,Lead,104.24,2025-07-10,
OPP05798,REP036,PRD03,Outbound,Central ,Qualified,967.39,2026-05-05,
OPP05799,REP013,PRD05,Referral,Centrl,Qualified,618.35,01/18/2026,
OPP05800,REP039,PRD09,Partner, North,Closed Won,372.58,2026-02-22,2026-03-11
OPP05801,REP024,PRD02,Outbound,NORTH,Lead,42.43,01/02/2026,
OPP05802,REP008,PRD06,Inbound,EAST,Closed Won,58.51,2026-02-20,2026-05-12
OPP05803,REP020,PRD07,Outbound,W.,Closed Won,246.3,05-Nov-2025,04/24/2026
OPP05804,REP028,PRD11,Inbound,South,Lead,358.4,2026-03-07,
OPP05805,REP036,PRD04,Partner,Central,Proposal,48.49,2026-05-15,
OPP05806,REP037,PRD02,Outbound,East,Qualified,55.66,30-Jul-2025,
OPP05807,REP034,PRD04,Referral, North,Lead,20.72,2026-02-01,
OPP05808,REP030,PRD11,Inbound,W.,Qualified,704.92,2025-09-04,
OPP05809,REP030,PRD09,Partner,west ,Proposal,469.86,20-Jul-2026,
OPP05810,REP009,PRD02,Inbound,E.,Qualified,179.58,04-Jul-2026,
OPP05811,REP022,PRD14,Inbound,Centrl,Proposal,54.5,2026-05-20,
OPP05812,REP034,PRD07,Inbound,north,Lead,32.64,2026-03-19,
OPP05813,REP025,PRD11,Inbound, North,Closed Lost,2231.84,05/28/2026,2026-06-16
OPP05814,REP003,PRD01,Outbound,East,Lead,20.65,11/05/2025,
OPP05815,REP036,PRD06,Inbound,,Lead,38.38,2026-01-22,
OPP05816,REP020,PRD06,Outbound,west,Lead,116.12,08/01/2026,
OPP05817,REP039,PRD09,Partner,NORTH,Lead,439.13,2025-08-24,
OPP05818,REP011,PRD02,Outbound,West,Lead,169.65,04/03/2026,
OPP05819,REP002,PRD04,Inbound,Central ,Proposal,70.32,05/26/2026,
OPP05820,REP028,PRD10,Outbound,South ,Qualified,8.27,03/14/2026,
OPP05821,REP038,PRD08,Web Signup,Centrl,Proposal,1106.44,06/21/2026,
OPP05822,REP006,PRD09,Partner,,Lead,402.25,07/25/2025,
OPP05823,REP015,PRD04,Referral,west ,Qualified,29.0,2025-08-13,
OPP05824,REP011,PRD13,Outbound,W.,Closed Lost,194.89,2025-11-23,2026-07-25
OPP05825,REP018,PRD01,Web Signup,Central ,Proposal,87.88,2026-06-13,
OPP05826,REP024,PRD04,Web Signup,NORTH,Lead,206.06,10/17/2025,
OPP05827,REP009,PRD15,Inbound,E.,Closed Won,461.49,2025-07-06,2026-05-13
OPP05828,REP012,PRD10,Inbound,E.,Lead,50.99,06-Dec-2025,
OPP05829,REP033,PRD01,Web Signup,West,Qualified,33.34,2026-02-26,
OPP05830,REP003,PRD02,Referral,east,Lead,113.81,2026-03-04,
OPP05831,REP022,PRD15,Inbound,Central,Lead,2685.54,2025-09-05,
OPP05832,REP015,PRD10,Inbound,WEST,Proposal,58.12,2025-09-28,
OPP05833,REP039,PRD09,Inbound,north,Lead,389.16,2025-11-03,
OPP05834,REP018,PRD11,Partner,Centrl,Qualified,1426.07,01/13/2026,
OPP05835,REP018,PRD07,Referral,,Proposal,154.25,2026-08-09,
OPP05836,REP028,PRD01,Outbound,south,Lead,124.72,2025-10-13,
OPP05837,REP040,PRD01,Inbound,SOUTH,Closed Won,8.69,05/18/2026,2026-07-19
OPP05838,REP013,PRD01,Inbound,Central,Lead,30.97,06/19/2026,
OPP05839,REP011,PRD02,Inbound,W.,Proposal,113.97,07/10/2026,
OPP05840,REP038,PRD06,Partner,central,Proposal,146.58,15-Oct-2025,
OPP05841,REP023,PRD04,Partner,W.,Lead,115.38,2026-01-22,
OPP05842,REP023,PRD14,Web Signup,west,Closed Lost,161.42,2025-11-15,2026-08-08
OPP05843,REP006,PRD05,Referral,south,Lead,1225.03,03/15/2026,
OPP05844,REP029,PRD13,Referral,West,Qualified,26.72,2026-02-07,
OPP05845,REP016,PRD05,Referral,SOUTH,Closed Lost,359.86,05-Dec-2025,2026-01-06
OPP05846,REP018,PRD07,Outbound,central,Closed Won,2.85,21-May-2026,2026-07-31
OPP05847,REP019,PRD02,Inbound, North,Proposal,131.39,2025-11-22,
OPP05848,REP032,PRD06,Referral,West,Closed Lost,38.56,2026-05-05,07/17/2026
OPP05849,REP032,PRD04,Inbound,,Qualified,22.95,2025-12-25,
OPP05850,REP002,PRD13,Inbound,CENTRAL,Qualified,184.97,07/20/2025,
OPP05851,REP028,PRD07,Referral,South ,Closed Lost,48.69,07/21/2025,2026-01-14
OPP05852,REP002,PRD09,Partner,CENTRAL,Qualified,307.3,09/11/2025,
OPP05853,REP030,PRD15,Referral,west,Lead,1981.89,2026-06-28,
OPP05854,REP003,PRD07,Outbound,E.,Closed Won,52.74,12/04/2025,2026-03-15
OPP05855,REP027,PRD13,Web Signup,E.,Lead,297.59,2025-11-12,
OPP05856,REP025,PRD15,Inbound, North,Closed Lost,2621.28,2025-08-11,2026-01-13
OPP05857,REP040,PRD06,Outbound,south,Lead,119.99,06/02/2026,
OPP05858,REP026,PRD15,Outbound,E.,Proposal,2244.92,22-Jan-2026,
OPP05859,REP011,PRD07,Inbound,west,Proposal,133.2,2025-10-27,
OPP05860,REP023,PRD08,Inbound,west ,Qualified,3251.67,2025-09-11,
OPP05861,REP008,PRD14,Inbound,EAST,Closed Won,221.83,04/15/2026,05/18/2026
OPP05862,REP038,PRD10,Outbound,,Qualified,36.07,2025-10-03,
OPP05863,REP039,PRD02,Web Signup,North,Closed Won,25.59,2025-07-14,2026-08-26
OPP05864,REP035,PRD11,Referral,EAST,Qualified,1882.63,06/06/2026,
OPP05865,REP021,PRD09,Referral,South ,Proposal,268.82,2026-06-21,
OPP05866,REP019,PRD13,Inbound,north,Closed Won,72.61,2026-07-22,2026-07-27
OPP05867,REP008,PRD11,Referral,East,Lead,108.25,2025-12-25,
OPP05868,REP033,PRD03,Partner,W.,Lead,369.1,2025-12-08,
OPP05869,REP020,PRD13,Web Signup,west ,Qualified,271.64,2025-11-29,
OPP05870,REP016,PRD13,Outbound,,Lead,86.45,2026-01-26,
OPP05871,REP002,PRD01,Outbound,CENTRAL,Qualified,20.27,2026-02-12,
OPP05872,REP008,PRD03,Inbound,East,Closed Lost,334.54,2026-07-22,2026-08-09
OPP05873,REP014,PRD06,Referral,south,Qualified,151.15,10/13/2025,
OPP05874,REP011,PRD06,Outbound,W.,Qualified,234.22,2026-06-04,
OPP05875,REP024,PRD04,Partner,N.,Proposal,24.39,2025-12-11,
OPP05876,REP004,PRD13,Partner,central,Lead,285.59,2025-12-18,
OPP05877,REP034,PRD09,Partner,North,Lead,245.83,2026-02-08,
OPP05878,REP038,PRD11,Partner,Central,Proposal,9568.38,11/28/2025,
OPP05879,REP039,PRD11,Outbound,North,Qualified,926.35,05/24/2026,
OPP05880,REP020,PRD09,Partner,WEST,Closed Lost,54.85,2025-11-21,04/28/2026
OPP05881,REP036,PRD15,Web Signup,central,Proposal,2904.86,10/25/2025,
OPP05882,REP027,PRD01,Referral,EAST,Proposal,7.08,2025-07-26,
OPP05883,REP037,PRD15,Inbound,East,Lead,495.84,2026-02-14,
OPP05884,REP020,PRD15,Inbound,WEST,Proposal,815.99,01/23/2026,
OPP05885,REP030,PRD10,Inbound,W.,Lead,74.02,01/02/2026,
OPP05886,REP019,PRD03,Outbound,NORTH,Qualified,427.51,2026-06-19,
OPP05887,REP034,PRD10,Outbound,north,Lead,62.94,2026-01-12,
OPP05888,REP005,PRD12,Web Signup,CENTRAL,Closed Lost,63.02,2026-04-17,08-Aug-2026
OPP05889,REP032,PRD11,Outbound,West,Closed Lost,1494.04,2026-06-24,2026-07-02
OPP05890,REP001,PRD09,Inbound,West,Lead,423.24,2025-07-12,
OPP05891,REP016,PRD10,Inbound,S.,Lead,41.26,2026-07-03,
OPP05892,REP005,PRD15,Referral,Centrl,Qualified,640.16,2025-10-15,
OPP05893,REP038,PRD08,Outbound,CENTRAL,Lead,6066.72,2026-03-12,
OPP05894,REP004,PRD07,Web Signup,Central ,Lead,65.28,05/08/2026,
OPP05895,REP011,PRD14,Outbound,west,Lead,82.33,2025-12-15,
OPP05896,REP005,PRD03,Outbound,CENTRAL,Proposal,1529.47,2026-04-27,
OPP05897,REP016,PRD15,Outbound,South,Lead,1747.88,05/28/2026,
OPP05898,REP019,PRD08,Referral,North,Qualified,3301.07,2026-01-19,
OPP05899,REP026,PRD09,Referral,E.,Proposal,290.88,08/29/2025,
OPP05900,REP001,PRD08,Inbound,West,Lead,0.0,2025-09-16,
OPP05901,REP004,PRD06,Referral,Central ,Lead,13.7,2025-08-18,
OPP05902,REP020,PRD12,Web Signup,west,Lead,503.81,2025-08-13,
OPP05903,REP019,PRD13,Inbound, North,Lead,220.16,03/19/2026,
OPP05904,REP026,PRD02,Web Signup,E.,Proposal,283.54,01/02/2026,
OPP05905,REP004,PRD10,Outbound,Central,Closed Lost,105.4,2026-07-04,08/07/2026
OPP05906,REP017,PRD07,Outbound,west,Closed Lost,155.97,2025-08-08,08/12/2025
OPP05907,REP033,PRD14,Inbound,West,Qualified,69.33,01/17/2026,
OPP05908,REP031,PRD07,Inbound,,Lead,260.57,30-Jul-2026,
OPP05909,REP036,PRD05,Outbound,central,Proposal,480.26,04/25/2026,
OPP05910,REP036,PRD03,Partner,Central,Lead,747.89,2026-02-23,
OPP05911,REP015,PRD12,Inbound,west ,Lead,217.3,2026-05-06,
OPP05912,REP025,PRD07,Outbound,North,Proposal,17.67,2026-04-18,
OPP05913,REP019,PRD15,Outbound,N.,Qualified,1084.05,10/14/2025,
OPP05914,REP008,PRD08,Inbound,East,Qualified,2266.3,2025-08-04,
OPP05915,REP040,PRD15,Inbound,South ,Lead,1798.93,2025-11-20,
OPP05916,REP038,PRD10,Inbound,Centrl,Lead,63.54,2026-01-22,
OPP05917,REP039,PRD13,Referral,north,Closed Won,323.82,2025-11-12,2026-05-26
OPP05918,REP030,PRD10,Outbound,west ,Closed Won,21.89,21-Jul-2026,06-Aug-2026
OPP05919,REP012,PRD15,Inbound,,Qualified,1008.67,02-Jul-2026,
OPP05920,REP001,PRD05,Partner,west ,Closed Lost,455.53,2025-10-14,11/17/2025
OPP05921,REP003,PRD14,Referral,east,Closed Won,134.92,07-Mar-2026,2026-07-22
OPP05922,REP011,PRD08,Outbound,West,Proposal,3760.06,08/19/2026,
OPP05923,REP018,PRD11,Outbound,Central,Qualified,1651.93,05-Jun-2026,
OPP05924,REP010,PRD11,Web Signup,Centrl,Lead,724.78,2025-10-22,
OPP05925,REP015,PRD03,Inbound,West,Lead,712.1,2026-01-22,
OPP05926,REP004,PRD13,Outbound,Centrl,Lead,112.45,10/02/2025,
OPP05927,REP028,PRD15,Inbound,South,Qualified,857.08,04-Mar-2026,
OPP05928,REP010,PRD01,Outbound,Centrl,Lead,90.45,2025-08-07,
OPP05929,REP036,PRD07,Inbound,Centrl,Lead,32.09,2025-10-11,
OPP05930,REP005,PRD14,Inbound,central,Lead,109.17,26-Jul-2026,
OPP05931,REP015,PRD07,Outbound,west ,Qualified,81.08,02/07/2026,
OPP05932,REP005,PRD10,Inbound,CENTRAL,Qualified,92.25,2026-04-10,
OPP05933,REP015,PRD08,Referral,west,Qualified,3316.08,2026-06-03,
OPP05934,REP027,PRD13,Inbound,EAST,Qualified,295.42,02/08/2026,
OPP05935,REP039,PRD09,Inbound,North,Closed Won,424.79,01/24/2026,06-May-2026
OPP05936,REP040,PRD06,Outbound,S.,Lead,770.51,09-Aug-2026,
OPP05937,REP040,PRD12,Inbound,,Closed Won,193.48,2026-03-04,2026-05-27
OPP05938,REP007,PRD05,Inbound,East,Proposal,1979.47,2025-11-09,
OPP05939,REP009,PRD05,Web Signup,East,Lead,1163.45,2026-03-06,
OPP05940,REP003,PRD12,Referral,East,Lead,147.88,07/20/2026,
OPP05941,REP017,PRD09,Inbound,,Closed Won,725.88,10/29/2025,06/01/2026
OPP05942,REP028,PRD14,Referral,South ,Qualified,204.4,10-Jun-2026,
OPP05943,REP038,PRD08,Inbound,CENTRAL,Qualified,6862.04,08/14/2025,
OPP05944,REP019,PRD15,Referral,N.,Qualified,184.7,2025-11-27,
OPP05945,REP037,PRD02,Partner,EAST,Closed Won,58.6,2025-10-27,2025-11-17
OPP05946,REP033,PRD11,Referral,WEST,Qualified,2155.36,2025-12-29,
OPP05947,REP003,PRD07,Inbound,E.,Closed Lost,31.87,23-Nov-2025,06-Dec-2025
OPP05948,REP035,PRD07,Outbound,east,Lead,79.8,07/04/2026,
OPP05949,REP001,PRD10,Web Signup,W.,Lead,49.81,01/22/2026,
OPP05950,REP037,PRD06,Inbound,East,Closed Won,283.14,2025-11-08,09-Aug-2026
OPP05951,REP026,PRD10,Inbound,E.,Qualified,10.19,2026-07-01,
OPP05952,REP023,PRD02,Outbound,west ,Lead,195.25,2026-06-07,
OPP05953,REP014,PRD12,Partner,S.,Qualified,126.27,2025-10-02,
OPP05954,REP016,PRD07,Partner,S.,Lead,218.11,2026-07-23,
OPP05955,REP016,PRD12,Outbound,south,Qualified,386.25,2025-08-04,
OPP05956,REP009,PRD11,Inbound,E.,Proposal,300.06,2026-06-11,
OPP05957,REP006,PRD11,Partner,S.,Qualified,1496.52,04/06/2026,
OPP05958,REP040,PRD03,Partner,SOUTH,Lead,904.7,07/15/2026,
OPP05959,REP029,PRD06,Web Signup,west,Qualified,144.23,2026-06-24,
OPP05960,REP003,PRD09,Outbound,EAST,Closed Lost,565.82,07/21/2026,2026-07-26
OPP05961,REP027,PRD02,Inbound,EAST,Qualified,230.77,10/26/2025,
OPP05962,REP020,PRD08,Referral,West,Lead,4068.64,2025-10-08,
OPP05963,REP017,PRD01,Inbound,west,Proposal,57.46,2026-04-01,
OPP05964,REP039,PRD07,Inbound,NORTH,Qualified,247.58,2025-09-14,
OPP05965,REP033,PRD09,Referral,west ,Proposal,180.06,2025-12-09,
OPP05966,REP015,PRD03,Inbound,West,Closed Won,644.23,2026-02-09,2026-04-20
OPP05967,REP011,PRD01,Inbound,WEST,Qualified,63.43,11-Nov-2025,
OPP05968,REP035,PRD14,Inbound,East,Proposal,174.96,2026-08-03,
OPP05969,REP001,PRD10,Partner,W.,Lead,54.1,2026-01-31,
OPP05970,REP034,PRD03,Outbound,N.,Qualified,1093.79,15-Dec-2025,
OPP05971,REP022,PRD08,Outbound,CENTRAL,Qualified,711.14,2025-07-07,
OPP05972,REP008,PRD04,Inbound,east,Closed Lost,116.58,2026-08-16,2026-08-29
OPP05973,REP025,PRD02,Outbound, North,Closed Won,170.86,2025-11-21,2026-05-01
OPP05974,REP007,PRD03,Inbound,E.,Closed Won,1061.13,2025-09-01,2025-12-05
OPP05975,REP025,PRD13,Inbound, North,Lead,148.5,07/25/2026,
OPP05976,REP016,PRD02,Inbound,South ,Lead,165.46,2025-09-15,
OPP05977,REP011,PRD15,Partner,west,Proposal,1729.75,2026-03-16,
OPP05978,REP037,PRD09,Web Signup,east,Closed Won,134.54,2025-07-24,03/01/2026
OPP05979,REP028,PRD11,Partner,SOUTH,Proposal,1542.33,10/06/2025,
OPP05980,REP004,PRD10,Partner,Central,Closed Lost,103.71,06-May-2026,17-Jul-2026
OPP05981,REP039,PRD12,Outbound,NORTH,Proposal,60.18,2025-09-24,
OPP05982,REP008,PRD01,Outbound,east,Qualified,35.95,2026-03-12,
OPP05983,REP020,PRD12,Inbound,W.,Lead,96.67,2025-10-31,
OPP05984,REP013,PRD14,Partner,central,Lead,148.13,2025-07-26,
OPP05985,REP031,PRD09,Outbound,E.,Lead,78.38,2025-09-04,
OPP05986,REP005,PRD14,Inbound,central,Lead,81.95,2026-06-26,
OPP05987,REP016,PRD08,Web Signup,South ,Lead,4820.28,2026-07-11,
OPP05988,REP021,PRD05,Outbound,south,Proposal,783.42,2026-06-21,
OPP05989,REP010,PRD02,Partner,CENTRAL,Qualified,49.05,01/29/2026,
OPP05990,REP014,PRD12,Referral,south,Closed Won,488.83,2025-07-08,03/20/2026
OPP05991,REP021,PRD13,Outbound,SOUTH,Lead,124.2,2025-08-07,
OPP05992,REP006,PRD03,Inbound,SOUTH,Proposal,625.14,2026-06-20,
OPP05993,REP015,PRD15,Web Signup,West,Qualified,772.48,2026-03-13,
OPP05994,REP023,PRD07,Inbound,WEST,Closed Lost,71.51,2025-10-12,01/02/2026
OPP05995,REP035,PRD14,Web Signup,east,Lead,174.19,08/10/2025,
OPP05996,REP013,PRD12,Partner,Central,Lead,207.67,02/08/2026,
OPP05997,REP035,PRD07,Outbound,E.,Closed Won,116.92,2026-03-12,08/13/2026
OPP05998,REP011,PRD10,Outbound,West,Lead,25.32,08/16/2025,
OPP05999,REP007,PRD11,Inbound,E.,Qualified,1205.21,2025-08-27,
OPP06000,REP011,PRD15,Outbound,West,Closed Lost,1031.5,2026-09-01,2026-09-02
OPP06001,REP025,PRD05,Outbound,north,Qualified,2529.63,2026-04-26,
OPP06002,REP027,PRD02,Web Signup,east,Lead,53.58,2025-09-13,
OPP06003,REP008,PRD02,Web Signup,EAST,Closed Lost,163.78,2026-05-09,2026-06-27
OPP06004,REP005,PRD14,Outbound,Central,Lead,40.26,19-Nov-2025,
OPP06005,REP025,PRD03,Outbound, North,Qualified,354.81,2026-01-06,
OPP06006,REP033,PRD01,Web Signup,W.,Lead,36.79,2026-05-09,
OPP06007,REP023,PRD04,Inbound,WEST,Lead,39.22,2025-09-11,
OPP06008,REP039,PRD06,Outbound,north,Lead,-501.64,2025-07-19,
OPP06009,REP029,PRD13,Inbound,west,Proposal,111.94,12/12/2025,
OPP06010,REP023,PRD10,Outbound,west,Closed Won,48.45,07-Nov-2025,2026-04-06
OPP06011,REP040,PRD03,Inbound,SOUTH,Closed Won,577.16,05/12/2026,2026-07-06
OPP06012,REP016,PRD11,Web Signup,south,Proposal,646.58,31-Oct-2025,
OPP06013,REP037,PRD14,Outbound,E.,Proposal,95.01,2025-10-05,
OPP06014,REP014,PRD01,Outbound,S.,Lead,66.36,2026-02-20,
OPP06015,REP034,PRD08,Partner,north,Proposal,725.05,2026-07-20,
OPP06016,REP015,PRD01,Outbound,west ,Lead,107.22,06/04/2026,
OPP06017,REP034,PRD07,Outbound,North,Lead,16.6,01-Mar-2026,
OPP06018,REP015,PRD02,Partner,WEST,Qualified,242.56,2025-10-13,
OPP06019,REP029,PRD12,Outbound,,Proposal,431.15,2026-04-08,
OPP06020,REP009,PRD04,Partner,East,Closed Lost,31.98,2025-09-16,08/05/2026
OPP06021,REP015,PRD14,Outbound,west ,Qualified,194.92,2026-04-15,
OPP06022,REP005,PRD12,Outbound,CENTRAL,Qualified,14.36,08/06/2026,
OPP06023,REP008,PRD11,Web Signup,EAST,Lead,3293.19,2025-12-06,
OPP06024,REP016,PRD01,Outbound,South,Lead,47.53,2026-07-19,
OPP06025,REP034,PRD11,Partner,NORTH,Closed Lost,749.29,2026-06-14,2026-07-21
OPP06026,REP034,PRD14,Partner,N.,Closed Lost,44.81,2026-07-09,2026-08-04
OPP06027,REP017,PRD07,Partner,WEST,Qualified,32.54,2026-05-28,
OPP06028,REP030,PRD04,Inbound,west,Proposal,36.82,09/12/2025,
OPP06029,REP037,PRD03,Referral,EAST,Lead,469.65,2026-05-28,
OPP06030,REP034,PRD11,Inbound, North,Qualified,1324.9,04/16/2026,
OPP06031,REP039,PRD04,Partner,NORTH,Qualified,199.07,25-Nov-2025,
OPP06032,REP014,PRD13,Inbound,South,Qualified,353.7,2026-06-06,
OPP06033,REP016,PRD10,Outbound,south,Closed Lost,0.0,2026-05-30,2026-06-08
OPP06034,REP023,PRD15,Referral,west ,Qualified,1153.36,08/04/2025,
OPP06035,REP032,PRD01,Inbound,W.,Qualified,138.27,2026-08-06,
OPP06036,REP018,PRD14,Inbound,CENTRAL,Lead,13.69,03/26/2026,
OPP06037,REP011,PRD01,Partner,west ,Qualified,37.49,2026-06-29,
OPP06038,REP029,PRD06,Web Signup,west ,Qualified,48.77,12/25/2025,
OPP06039,REP009,PRD11,Outbound,E.,Lead,2057.71,2025-11-01,
OPP06040,REP002,PRD02,Inbound,Central ,Lead,270.27,07/23/2026,
OPP06041,REP033,PRD11,Outbound,W.,Qualified,524.15,2026-08-17,
OPP06042,REP028,PRD13,Outbound,South ,Lead,145.52,08/15/2026,
OPP06043,REP026,PRD11,Partner,EAST,Proposal,557.39,07-Sep-2025,
OPP06044,REP017,PRD06,Inbound,WEST,Proposal,526.11,2026-02-14,
OPP06045,REP016,PRD15,Outbound,S.,Lead,545.58,2026-07-02,
OPP06046,REP028,PRD13,Web Signup,South ,Proposal,150.25,2026-06-08,
OPP06047,REP030,PRD08,Inbound,west,Lead,4277.42,09/03/2025,
OPP06048,REP020,PRD08,Referral,W.,Qualified,1241.74,2026-07-09,
OPP06049,REP024,PRD08,Web Signup, North,Lead,1782.83,2026-02-22,
OPP06050,REP035,PRD13,Web Signup,E.,Lead,179.19,2025-10-27,
OPP06051,REP016,PRD07,Partner,South ,Lead,91.36,2025-10-11,
OPP06052,REP017,PRD12,Outbound,W.,Lead,439.47,2026-02-22,
OPP06053,REP028,PRD14,Partner,south,Proposal,73.48,2026-01-13,
OPP06054,REP003,PRD04,Inbound,EAST,Proposal,42.67,2026-08-14,
OPP06055,REP012,PRD13,Outbound,E.,Lead,205.21,06/01/2026,
OPP06056,REP022,PRD02,Inbound,CENTRAL,Qualified,89.01,18-Feb-2026,
OPP06057,REP004,PRD11,Web Signup,central,Closed Won,524.97,2025-08-10,2025-10-08
OPP06058,REP022,PRD02,Outbound,,Lead,92.59,08/08/2025,
OPP06059,REP019,PRD09,Outbound,N.,Lead,175.91,2026-08-06,
OPP06060,REP008,PRD04,Referral,E.,Lead,163.46,2025-09-25,
OPP06061,REP007,PRD09,Inbound,East,Qualified,239.22,2026-08-04,
OPP06062,REP018,PRD08,Inbound,Central,Lead,3109.46,05/30/2026,
OPP06063,REP028,PRD05,Inbound,south,Qualified,1477.68,2026-05-20,
OPP06064,REP029,PRD08,Outbound,west,Lead,1280.9,09/15/2025,
OPP06065,REP034,PRD14,Inbound, North,Lead,95.61,2026-06-29,
OPP06066,REP002,PRD09,Referral,,Proposal,487.97,2026-01-16,
OPP06067,REP009,PRD07,Referral,East,Qualified,100.73,2026-04-06,
OPP06068,REP023,PRD15,Inbound,WEST,Lead,1007.32,01/17/2026,
OPP06069,REP023,PRD09,Inbound,west,Closed Lost,455.44,2025-09-05,2026-06-30
OPP06070,REP036,PRD09,Outbound,central,Lead,280.29,2026-07-30,
OPP06071,REP022,PRD06,Outbound,Centrl,Closed Lost,71.74,2025-07-16,12-Oct-2025
OPP06072,REP003,PRD14,Inbound,East,Qualified,91.05,2026-06-28,
OPP06073,REP029,PRD01,Inbound,west,Proposal,73.82,11/20/2025,
OPP06074,REP025,PRD15,Outbound, North,Lead,1050.31,2025-11-22,
OPP06075,REP011,PRD07,Partner,West,Proposal,320.75,2026-05-05,
OPP06076,REP015,PRD08,Outbound,West,Qualified,1308.44,2025-08-08,
OPP06077,REP019,PRD12,Outbound,North,Lead,108.04,2025-09-06,
OPP06078,REP037,PRD03,Inbound,E.,Lead,947.96,2026-05-23,
OPP06079,REP032,PRD07,Outbound,West,Lead,18.34,2026-02-20,
OPP06080,REP029,PRD07,Web Signup,WEST,Proposal,32.37,2026-03-04,
OPP06081,REP031,PRD10,Web Signup,EAST,Proposal,104.9,2026-06-22,
OPP06082,REP031,PRD03,Web Signup,east,Closed Won,80.8,2026-06-18,2026-08-17
OPP06083,REP026,PRD03,Outbound,E.,Qualified,580.42,2026-01-25,
OPP06084,REP022,PRD10,Web Signup,Central ,Qualified,97.89,03/26/2026,
OPP06085,REP008,PRD15,Partner,E.,Proposal,1111.11,26-Nov-2025,
OPP06086,REP007,PRD11,Outbound,E.,Proposal,81.79,2025-12-14,
OPP06087,REP032,PRD13,Partner,WEST,Lead,222.39,24-Nov-2025,
OPP06088,REP022,PRD02,Inbound,central,Proposal,290.66,2025-09-02,
OPP06089,REP009,PRD06,Referral,East,Closed Won,34.79,2026-01-21,2026-03-03
OPP06090,REP033,PRD02,Inbound,WEST,Closed Lost,21.7,2026-06-05,2026-07-26
OPP06091,REP009,PRD10,Partner,,Lead,94.66,2025-07-17,
OPP06092,REP016,PRD06,Inbound,S.,Closed Lost,228.47,2025-07-08,2026-05-10
OPP06093,REP030,PRD11,Outbound,west ,Qualified,1002.6,10/02/2025,
OPP06094,REP011,PRD13,Outbound,WEST,Closed Won,258.52,07/14/2025,11/24/2025
OPP06095,REP033,PRD09,Web Signup,west,Qualified,134.52,2026-07-09,
OPP06096,REP034,PRD05,Web Signup,N.,Qualified,932.38,2026-06-26,
OPP06097,REP011,PRD01,Partner,W.,Qualified,19.93,05/14/2026,
OPP06098,REP036,PRD07,Inbound,Centrl,Proposal,74.81,07/17/2026,
OPP06099,REP020,PRD05,Outbound,WEST,Qualified,745.63,24-Feb-2026,
OPP06100,REP025,PRD02,Outbound,NORTH,Proposal,195.4,10-Apr-2026,
OPP06101,REP006,PRD12,Outbound,South,Proposal,794.1,2026-05-06,
OPP06102,REP034,PRD12,Inbound,NORTH,Closed Lost,158.95,2026-02-24,03/13/2026
OPP06103,REP009,PRD02,Inbound,east,Lead,121.45,10/09/2025,
OPP06104,REP007,PRD02,Referral,E.,Qualified,117.24,2025-10-16,
OPP06105,REP012,PRD10,Inbound,east,Lead,61.1,14-Jul-2025,
OPP06106,REP032,PRD08,Web Signup,West,Closed Won,921.45,29-Nov-2025,2026-01-11
OPP06107,REP036,PRD02,Partner,CENTRAL,Lead,282.54,07/16/2025,
OPP06108,REP006,PRD02,Outbound,south,Closed Lost,129.38,27-Nov-2025,2025-12-07
OPP06109,REP021,PRD08,Web Signup,south,Qualified,440.74,2025-12-13,
OPP06110,REP039,PRD14,Outbound,,Closed Lost,195.69,2026-07-12,2026-07-26
OPP06111,REP017,PRD09,Inbound,,Closed Lost,428.82,07-Jan-2026,25-Jun-2026
OPP06112,REP032,PRD12,Inbound,WEST,Qualified,179.23,2026-08-26,
OPP06113,REP021,PRD02,Outbound,South,Lead,97.43,29-Nov-2025,
OPP06114,REP008,PRD05,Outbound,east,Lead,718.67,08-Sep-2025,
OPP06115,REP031,PRD12,Outbound,E.,Qualified,120.41,22-Feb-2026,
OPP06116,REP012,PRD05,Outbound,EAST,Lead,1131.93,06/28/2026,
OPP06117,REP024,PRD06,Referral,North,Lead,768.72,2025-10-27,
OPP06118,REP026,PRD12,Referral,east,Lead,49.21,07/07/2026,
OPP06119,REP019,PRD08,Inbound,north,Proposal,1905.07,2026-05-27,
OPP06120,REP007,PRD13,Partner,EAST,Qualified,57.26,2025-07-20,
OPP06121,REP014,PRD06,Inbound,South ,Qualified,339.99,10/02/2025,
OPP06122,REP019,PRD02,Partner,north,Lead,268.88,2025-11-10,
OPP06123,REP014,PRD02,Partner,South ,Lead,109.12,2025-10-30,
OPP06124,REP035,PRD07,Partner,East,Qualified,84.33,06/14/2026,
OPP06125,REP038,PRD15,Referral,Central ,Closed Lost,1777.69,2026-07-15,2026-08-29
OPP06126,REP033,PRD10,Referral,West,Qualified,75.37,2025-07-19,
OPP06127,REP005,PRD14,Inbound,CENTRAL,Closed Won,26.07,2026-06-18,13-Aug-2026
OPP06128,REP006,PRD07,Inbound,SOUTH,Lead,81.69,2026-01-08,
OPP06129,REP021,PRD08,Outbound,south,Lead,711.16,2025-12-07,
OPP06130,REP012,PRD03,Inbound,east,Qualified,602.83,02/18/2026,
OPP06131,REP030,PRD02,Inbound,W.,Qualified,83.39,05/04/2026,
OPP06132,REP018,PRD09,Partner,central,Qualified,371.38,2025-08-12,
OPP06133,REP030,PRD02,Inbound,W.,Qualified,85.37,2026-03-20,
OPP06134,REP021,PRD14,Referral,S.,Qualified,93.44,2025-07-10,
OPP06135,REP005,PRD09,Referral,CENTRAL,Proposal,286.0,21-Sep-2025,
OPP06136,REP037,PRD09,Outbound,EAST,Closed Won,452.93,2026-06-04,07/14/2026
OPP06137,REP029,PRD03,Outbound,West,Closed Lost,1010.25,2026-07-24,2026-08-28
OPP06138,REP027,PRD13,Referral,E.,Proposal,32.48,2026-02-14,
OPP06139,REP019,PRD04,Inbound,North,Lead,45.31,01-Aug-2025,
OPP06140,REP016,PRD01,Inbound,South,Lead,4.27,2026-07-17,
OPP06141,REP030,PRD06,Partner,west,Lead,337.3,2026-05-10,
OPP06142,REP010,PRD02,Outbound,Central,Lead,140.68,16-Jul-2026,
OPP06143,REP025,PRD05,Outbound,north,Qualified,1770.38,2026-08-06,
OPP06144,REP035,PRD02,Inbound,East,Proposal,101.6,2026-07-17,
OPP06145,REP025,PRD13,Inbound,NORTH,Proposal,80.62,2025-12-31,
OPP06146,REP001,PRD08,Web Signup,W.,Lead,4986.72,08/20/2025,
OPP06147,REP019,PRD07,Partner,north,Closed Lost,72.35,2026-08-18,08/18/2026
OPP06148,REP020,PRD04,Referral,W.,Lead,108.5,2026-05-27,
OPP06149,REP003,PRD03,Inbound,East,Proposal,207.55,2026-03-06,
OPP06150,REP022,PRD14,Outbound,,Lead,90.93,2025-08-22,
OPP06151,REP001,PRD08,Referral,West,Closed Won,2034.42,2026-01-28,2026-07-09
OPP06152,REP015,PRD11,Partner,west ,Lead,4290.17,2026-07-06,
OPP06153,REP028,PRD09,Outbound,South,Qualified,1013.72,10/02/2025,
OPP06154,REP011,PRD07,Outbound,W.,Lead,126.43,2026-07-23,
OPP06155,REP025,PRD09,Outbound, North,Lead,176.91,2026-03-30,
OPP06156,REP035,PRD10,Inbound,EAST,Closed Won,35.63,2026-06-17,08/23/2026
OPP06157,REP017,PRD14,Inbound,west,Closed Won,320.42,2026-06-07,2026-06-09
OPP06158,REP023,PRD01,Referral,west,Lead,38.85,11/06/2025,
OPP06159,REP027,PRD12,Inbound,East,Proposal,218.8,2026-02-12,
OPP06160,REP038,PRD15,Referral,Central ,Closed Won,-1020.65,11/30/2025,2026-05-31
OPP06161,REP004,PRD12,Outbound,Central ,Lead,311.52,03/28/2026,
OPP06162,REP022,PRD09,Outbound,Central ,Closed Won,379.49,2026-06-09,07/01/2026
OPP06163,REP012,PRD07,Web Signup,EAST,Lead,94.67,02-Aug-2026,
OPP06164,REP018,PRD06,Inbound,CENTRAL,Proposal,508.72,2025-12-21,
OPP06165,REP026,PRD02,Outbound,E.,Qualified,181.26,2026-03-24,
OPP06166,REP016,PRD11,Partner,SOUTH,Proposal,2092.3,2026-07-02,
OPP06167,REP017,PRD14,Partner,west,Qualified,144.31,10/13/2025,
OPP06168,REP019,PRD08,Outbound, North,Closed Won,264.47,02/16/2026,2026-07-17
OPP06169,REP007,PRD03,Outbound,EAST,Proposal,576.61,2026-05-23,
OPP06170,REP007,PRD08,Outbound,East,Lead,2340.96,2026-04-09,
OPP06171,REP020,PRD04,Outbound,west ,Proposal,122.47,07/05/2026,
OPP06172,REP026,PRD04,Web Signup,E.,Closed Lost,60.32,2025-11-06,07/05/2026
OPP06173,REP024,PRD06,Inbound,N.,Lead,36.85,12/11/2025,
OPP06174,REP010,PRD11,Inbound,Central ,Closed Lost,4431.73,02/08/2026,2026-03-13
OPP06175,REP006,PRD07,Inbound,South ,Qualified,47.81,2026-07-14,
OPP06176,REP033,PRD10,Outbound,west,Lead,129.54,2025-10-12,
OPP06177,REP040,PRD12,Outbound,south,Proposal,71.47,2025-11-15,
OPP06178,REP029,PRD01,Web Signup,west,Closed Won,63.06,2025-12-05,2026-02-03
OPP06179,REP002,PRD10,Referral,Centrl,Closed Lost,21.1,07/21/2026,2026-07-25
OPP06180,REP002,PRD05,Web Signup,Central ,Closed Won,126.49,23-May-2026,2026-08-26
OPP06181,REP025,PRD12,Outbound,NORTH,Proposal,115.86,2026-02-24,
OPP06182,REP020,PRD14,Inbound,W.,Lead,44.62,01/02/2026,
OPP06183,REP028,PRD01,Web Signup,SOUTH,Qualified,31.84,12/13/2025,
OPP06184,REP005,PRD10,Inbound,Central,Lead,64.71,09-Aug-2025,
OPP06185,REP015,PRD07,Inbound,W.,Qualified,59.71,07/18/2025,
OPP06186,REP002,PRD03,Referral,Central ,Proposal,444.57,2026-04-08,
OPP06187,REP003,PRD02,Inbound,East,Qualified,100.54,2026-01-22,
OPP06188,REP011,PRD09,Referral,WEST,Lead,356.29,04/07/2026,
OPP06189,REP018,PRD15,Inbound,Central ,Qualified,1876.21,2025-11-04,
OPP06190,REP021,PRD02,Inbound,south,Lead,124.4,2025-11-16,
OPP06191,REP011,PRD03,Inbound,west ,Lead,662.34,2026-07-30,
OPP06192,REP020,PRD11,Inbound,WEST,Qualified,784.6,07/28/2025,
OPP06193,REP030,PRD03,Inbound,WEST,Lead,668.84,2025-08-22,
OPP06194,REP034,PRD05,Partner,north,Lead,1705.96,03/23/2026,
OPP06195,REP029,PRD12,Inbound,W.,Closed Lost,86.53,2026-06-03,14-Jun-2026
OPP06196,REP008,PRD02,Outbound,East,Lead,122.18,12/27/2025,
OPP06197,REP033,PRD13,Inbound,W.,Lead,56.62,2025-10-05,
OPP06198,REP018,PRD13,Web Signup,Central,Closed Lost,338.68,12/25/2025,2026-07-01
OPP06199,REP028,PRD04,Referral,South ,Proposal,8.74,2026-01-20,
OPP06200,REP034,PRD06,Inbound,NORTH,Lead,176.12,2026-03-25,
OPP06201,REP005,PRD13,Outbound,CENTRAL,Lead,67.32,04/05/2026,
OPP06202,REP004,PRD10,Outbound,Central ,Qualified,35.53,2025-08-09,
OPP06203,REP032,PRD12,Inbound,west ,Lead,366.35,01/27/2026,
OPP06204,REP009,PRD02,Inbound,,Qualified,133.53,2025-10-29,
OPP06205,REP004,PRD11,Partner,central,Lead,1842.01,2026-08-08,
OPP06206,REP012,PRD08,Referral,east,Lead,2938.87,2025-09-22,
OPP06207,REP020,PRD01,Inbound,west,Proposal,23.36,08/12/2025,
OPP06208,REP022,PRD07,Inbound,central,Qualified,129.65,2026-06-09,
OPP06209,REP035,PRD04,Referral,east,Proposal,125.6,06/24/2026,
OPP06210,REP038,PRD06,Outbound,Central,Proposal,72.34,2025-09-28,
OPP06211,REP039,PRD14,Web Signup,NORTH,Qualified,22.68,2025-09-24,
OPP06212,REP028,PRD13,Outbound,SOUTH,Closed Lost,149.07,2025-09-21,2026-08-06
OPP06213,REP007,PRD02,Inbound,east,Closed Won,267.07,2025-08-05,25-Oct-2025
OPP06214,REP038,PRD12,Web Signup,Central,Proposal,290.31,2025-11-10,
OPP06215,REP021,PRD06,Outbound,S.,Proposal,704.87,2025-10-03,
OPP06216,REP009,PRD12,Referral,East,Closed Won,171.87,12/10/2025,29-Apr-2026
OPP06217,REP005,PRD13,Web Signup,Centrl,Qualified,41.04,02-Nov-2025,
OPP06218,REP018,PRD02,Referral,CENTRAL,Lead,118.97,02/15/2026,
OPP06219,REP034,PRD15,Inbound,north,Proposal,2429.69,2026-06-11,
OPP06220,REP015,PRD07,Outbound,west ,Lead,121.85,07/31/2026,
OPP06221,REP007,PRD12,Inbound,E.,Closed Won,350.54,07/26/2026,30-Aug-2026
OPP06222,REP019,PRD04,Inbound, North,Lead,19.45,2025-09-19,
OPP06223,REP028,PRD05,Outbound,S.,Lead,124.6,10/31/2025,
OPP06224,REP040,PRD02,Partner,South,Closed Lost,103.05,2026-04-12,2026-06-15
OPP06225,REP039,PRD15,Inbound,North,Closed Won,381.15,2025-10-19,2025-12-05
OPP06226,REP030,PRD07,Partner,west ,Qualified,309.71,2025-12-07,
OPP06227,REP021,PRD08,Outbound,south,Lead,2758.3,10-Jun-2026,
OPP06228,REP009,PRD02,Outbound,EAST,Qualified,197.32,05/22/2026,
OPP06229,REP031,PRD03,Web Signup,EAST,Qualified,53.34,2025-07-09,
OPP06230,REP012,PRD12,Referral,E.,Closed Lost,219.2,2026-01-10,07/12/2026
OPP06231,REP035,PRD13,Outbound,EAST,Qualified,243.38,2026-03-26,
OPP06232,REP002,PRD01,Web Signup,Central ,Closed Won,35.68,2026-02-11,26-Aug-2026
OPP06233,REP040,PRD05,Outbound,South ,Qualified,1182.37,11/14/2025,
OPP06234,REP031,PRD11,Inbound,EAST,Closed Won,2193.73,2025-09-08,2025-12-20
OPP06235,REP012,PRD11,Inbound,,Proposal,1689.05,04/19/2026,
OPP06236,REP011,PRD10,Web Signup,west ,Qualified,24.68,2026-05-22,
OPP06237,REP013,PRD01,Referral,CENTRAL,Proposal,81.05,04/10/2026,
OPP06238,REP009,PRD14,Referral,east,Lead,83.86,2026-01-10,
OPP06239,REP014,PRD01,Inbound,S.,Closed Lost,1.91,2025-10-29,2026-08-17
OPP06240,REP028,PRD07,Partner,SOUTH,Lead,212.3,2026-08-19,
OPP06241,REP013,PRD09,Partner,CENTRAL,Closed Lost,361.41,05/27/2026,10-Jul-2026
OPP06242,REP037,PRD13,Inbound,E.,Lead,263.67,2025-10-19,
OPP06243,REP003,PRD08,Referral,EAST,Lead,5614.01,2026-06-02,
OPP06244,REP005,PRD11,Outbound,,Lead,5225.1,2026-05-21,
OPP06245,REP038,PRD01,Outbound,central,Lead,5.41,2026-05-17,
OPP06246,REP032,PRD07,Partner,west,Lead,56.08,25-Jun-2026,
OPP06247,REP014,PRD10,Web Signup,South,Lead,20.66,2026-08-08,
OPP06248,REP007,PRD11,Referral,,Closed Lost,757.38,2026-04-10,15-Apr-2026
OPP06249,REP030,PRD14,Inbound,West,Lead,39.54,2026-06-12,
OPP06250,REP030,PRD13,Inbound,west ,Qualified,34.03,2025-10-25,
OPP06251,REP035,PRD04,Inbound,east,Proposal,33.64,2025-07-11,
OPP06252,REP032,PRD05,Outbound,,Closed Lost,530.23,09-Aug-2026,08/12/2026
OPP06253,REP012,PRD08,Referral,E.,Proposal,2924.92,07-Sep-2025,
OPP06254,REP035,PRD07,Web Signup,E.,Lead,26.8,2026-03-23,
OPP06255,REP011,PRD04,Referral,West,Qualified,49.65,2026-03-05,
OPP06256,REP015,PRD05,Outbound,W.,Lead,1241.47,2026-05-11,
OPP06257,REP010,PRD12,Outbound,CENTRAL,Lead,267.98,08-Nov-2025,
OPP06258,REP003,PRD10,Outbound,East,Lead,40.8,06-Jun-2026,
OPP06259,REP040,PRD02,Inbound,South,Closed Won,96.84,20-Aug-2025,2026-01-19
OPP06260,REP025,PRD05,Inbound,N.,Proposal,51.85,08/01/2025,
OPP06261,REP011,PRD07,Inbound,WEST,Qualified,71.46,2025-10-29,
OPP06262,REP021,PRD13,Web Signup,SOUTH,Qualified,183.92,17-Aug-2025,
OPP06263,REP033,PRD11,Outbound,WEST,Qualified,4275.08,2026-08-11,
OPP06264,REP026,PRD02,Web Signup,E.,Proposal,198.23,2026-02-18,
OPP06265,REP040,PRD13,Inbound,South ,Qualified,163.71,2026-05-25,
OPP06266,REP040,PRD11,Referral,SOUTH,Qualified,903.58,05/12/2026,
OPP06267,REP023,PRD10,Inbound,west ,Closed Won,46.39,2026-02-25,2026-07-15
OPP06268,REP031,PRD15,Outbound,East,Proposal,349.29,03/04/2026,
OPP06269,REP019,PRD05,Outbound, North,Lead,586.97,2026-03-28,
OPP06270,REP009,PRD04,Inbound,E.,Closed Lost,211.15,10-Jul-2025,2026-02-12
OPP06271,REP030,PRD11,Outbound,,Qualified,2370.14,08/17/2026,
OPP06272,REP006,PRD10,Partner,South,Lead,22.14,2025-10-26,
OPP06273,REP040,PRD13,Inbound,S.,Qualified,149.22,2026-05-13,
OPP06274,REP031,PRD09,Inbound,east,Qualified,148.05,2026-06-15,
OPP06275,REP012,PRD13,Partner,E.,Closed Lost,60.35,2025-12-10,2026-07-09
OPP06276,REP004,PRD09,Outbound,Central ,Lead,326.78,2026-06-12,
OPP06277,REP040,PRD05,Referral,south,Proposal,518.71,03/29/2026,
OPP06278,REP027,PRD05,Outbound,E.,Proposal,702.89,2026-05-14,
OPP06279,REP038,PRD08,Partner,Central ,Qualified,4023.13,12/04/2025,
OPP06280,REP013,PRD11,Partner,Central,Lead,1695.77,2026-02-23,
OPP06281,REP021,PRD10,Referral,S.,Closed Lost,46.09,09/07/2025,2025-09-21
OPP06282,REP017,PRD06,Partner,WEST,Lead,296.58,2026-08-25,
OPP06283,REP032,PRD05,Outbound,West,Lead,1177.53,2026-03-20,
OPP06284,REP028,PRD06,Partner,south,Qualified,310.88,02-May-2026,
OPP06285,REP019,PRD06,Outbound,North,Lead,630.95,10/09/2025,
OPP06286,REP035,PRD08,Inbound,E.,Qualified,840.54,08/12/2026,
OPP06287,REP005,PRD11,Outbound,central,Qualified,1102.59,2026-08-28,
OPP06288,REP029,PRD04,Inbound,W.,Proposal,93.42,09-Feb-2026,
OPP06289,REP010,PRD03,Web Signup,Centrl,Lead,101.51,2025-12-17,
OPP06290,REP038,PRD10,Partner,CENTRAL,Proposal,56.93,2025-09-14,
OPP06291,REP032,PRD01,Partner,WEST,Proposal,58.05,2026-08-05,
OPP06292,REP033,PRD02,Referral,west ,Closed Lost,104.53,2026-03-03,2026-06-12
OPP06293,REP004,PRD12,Outbound,Central,Closed Lost,347.18,25-Mar-2026,08/19/2026
OPP06294,REP002,PRD12,Referral,Central ,Proposal,230.67,05-Nov-2025,
OPP06295,REP033,PRD15,Inbound,west ,Lead,1227.61,2025-07-22,
OPP06296,REP038,PRD06,Inbound,CENTRAL,Proposal,263.01,07/25/2025,
OPP06297,REP036,PRD02,Outbound,Centrl,Proposal,148.48,2026-08-27,
OPP06298,REP001,PRD01,Inbound,West,Proposal,22.37,20-Jan-2026,
OPP06299,REP018,PRD15,Partner,central,Closed Lost,780.64,2026-01-07,2026-05-05
OPP06300,REP014,PRD12,Referral,south,Closed Won,196.62,2026-05-28,2026-06-18
OPP06301,REP019,PRD01,Outbound,N.,Lead,36.75,08/19/2025,
OPP06302,REP017,PRD10,Inbound,WEST,Qualified,72.96,2026-04-19,
OPP06303,REP034,PRD05,Outbound,NORTH,Lead,1545.7,2026-01-21,
OPP06304,REP004,PRD09,Inbound,Central ,Closed Won,768.15,02-Aug-2026,08/19/2026
OPP06305,REP029,PRD15,Web Signup,West,Qualified,1240.32,2025-10-08,
OPP06306,REP007,PRD07,Partner,East,Qualified,61.17,2025-08-10,
OPP06307,REP007,PRD09,Inbound,east,Lead,27.89,2025-10-08,
OPP06308,REP032,PRD01,Partner,west,Lead,24.3,2026-06-17,
OPP06309,REP032,PRD04,Inbound,WEST,Proposal,130.45,2026-02-20,
OPP06310,REP032,PRD08,Inbound,W.,Lead,4374.06,2025-07-08,
OPP06311,REP028,PRD06,Outbound,SOUTH,Qualified,363.96,2026-06-20,
OPP06312,REP028,PRD14,Inbound,SOUTH,Qualified,20.03,03/24/2026,
OPP06313,REP010,PRD13,Outbound,Central ,Lead,17.69,01/03/2026,
OPP06314,REP014,PRD03,Inbound,SOUTH,Lead,277.26,2026-08-22,
OPP06315,REP025,PRD08,Inbound,N.,Qualified,1858.91,2026-01-01,
OPP06316,REP035,PRD07,Inbound,EAST,Proposal,34.47,2026-04-02,
OPP06317,REP007,PRD15,Referral,East,Lead,1051.22,02/21/2026,
OPP06318,REP021,PRD04,Web Signup,South ,Lead,18.68,2026-02-10,
OPP06319,REP012,PRD06,Outbound,EAST,Closed Won,89.87,10/20/2025,2026-07-24
OPP06320,REP024,PRD07,Referral,north,Lead,101.26,2026-04-23,
OPP06321,REP031,PRD01,Partner,East,Lead,52.11,2026-08-11,
OPP06322,REP023,PRD10,Web Signup,west ,Qualified,73.45,01/12/2026,
OPP06323,REP017,PRD09,Outbound,west ,Lead,308.42,23-Sep-2025,
OPP06324,REP033,PRD10,Web Signup,West,Lead,31.27,03/15/2026,
OPP06325,REP030,PRD10,Outbound,West,Qualified,35.26,2026-08-09,
OPP06326,REP016,PRD05,Referral,South ,Qualified,469.77,30-Nov-2025,
OPP06327,REP035,PRD13,Outbound,East,Closed Lost,92.44,10-Apr-2026,07-Jul-2026
OPP06328,REP023,PRD11,Referral,West,Qualified,5487.04,18-Sep-2025,
OPP06329,REP012,PRD14,Partner,east,Lead,71.88,2025-10-25,
OPP06330,REP001,PRD07,Web Signup,west,Lead,235.0,30-May-2026,
OPP06331,REP027,PRD02,Partner,East,Proposal,156.22,05/20/2026,
OPP06332,REP017,PRD03,Referral,WEST,Qualified,259.03,2025-09-05,
OPP06333,REP037,PRD12,Outbound,east,Qualified,175.56,13-Sep-2025,
OPP06334,REP019,PRD01,Web Signup,NORTH,Closed Won,45.93,2025-08-21,2026-02-02
OPP06335,REP030,PRD02,Inbound,W.,Qualified,68.33,2025-10-13,
OPP06336,REP018,PRD09,Referral,Central ,Proposal,582.98,07/08/2026,
OPP06337,REP033,PRD05,Referral,W.,Closed Won,114.91,17-Dec-2025,2026-06-08
OPP06338,REP036,PRD10,Outbound,Centrl,Lead,68.4,2025-09-02,
OPP06339,REP024,PRD01,Outbound,north,Qualified,202.56,04/16/2026,
OPP06340,REP004,PRD05,Outbound,central,Closed Lost,663.33,08/16/2026,25-Aug-2026
OPP06341,REP024,PRD14,Referral, North,Closed Lost,89.23,08/11/2026,2026-08-29
OPP06342,REP013,PRD06,Inbound,central,Qualified,495.47,2026-05-06,
OPP06343,REP016,PRD09,Outbound,S.,Qualified,655.47,01/24/2026,
OPP06344,REP024,PRD13,Outbound, North,Qualified,214.46,2026-07-26,
OPP06345,REP038,PRD06,Partner,central,Closed Won,101.31,2026-05-28,2026-08-21
OPP06346,REP021,PRD09,Inbound,South ,Proposal,721.76,2026-07-19,
OPP06347,REP007,PRD02,Outbound,east,Lead,124.31,23-May-2026,
OPP06348,REP006,PRD02,Partner,S.,Lead,120.49,2025-11-07,
OPP06349,REP001,PRD15,Partner,WEST,Proposal,1449.08,2025-10-24,
OPP06350,REP002,PRD10,Inbound,central,Lead,68.54,2026-07-31,
OPP06351,REP022,PRD05,Inbound,Central,Lead,1780.29,10/10/2025,
OPP06352,REP023,PRD13,Partner,west,Qualified,79.62,2026-07-15,
OPP06353,REP034,PRD06,Referral,North,Qualified,418.05,06/24/2026,
OPP06354,REP003,PRD15,Inbound,,Lead,171.71,2025-10-12,
OPP06355,REP001,PRD02,Web Signup,WEST,Lead,98.45,2026-08-06,
OPP06356,REP030,PRD14,Referral,W.,Qualified,119.29,2026-08-18,
OPP06357,REP036,PRD07,Referral,Centrl,Qualified,91.58,2025-10-03,
OPP06358,REP026,PRD15,Outbound,,Closed Won,3300.12,2025-12-16,2026-06-10
OPP06359,REP029,PRD04,Inbound,WEST,Qualified,49.3,07/06/2026,
OPP06360,REP014,PRD02,Outbound,South ,Closed Won,74.92,2025-07-29,2025-11-27
OPP06361,REP027,PRD12,Outbound,EAST,Lead,262.38,04/16/2026,
OPP06362,REP037,PRD09,Web Signup,EAST,Proposal,570.15,2025-10-04,
OPP06363,REP024,PRD04,Outbound, North,Closed Lost,78.0,2026-05-17,2026-06-07
OPP06364,REP007,PRD03,Web Signup,E.,Lead,471.86,2025-10-05,
OPP06365,REP002,PRD14,Partner,,Lead,70.53,17-Apr-2026,
OPP06366,REP031,PRD05,Referral,E.,Closed Won,1220.46,13-Feb-2026,28-Feb-2026
OPP06367,REP006,PRD14,Inbound,S.,Qualified,77.39,08/14/2026,
OPP06368,REP001,PRD03,Inbound,West,Qualified,192.22,31-Oct-2025,
OPP06369,REP030,PRD11,Inbound,west,Proposal,3762.47,10/03/2025,
OPP06370,REP023,PRD14,Inbound,West,Proposal,217.2,18-Apr-2026,
OPP06371,REP019,PRD02,Inbound, North,Closed Lost,172.65,02/25/2026,2026-05-08
OPP06372,REP002,PRD08,Inbound,CENTRAL,Qualified,880.74,24-Feb-2026,
OPP06373,REP035,PRD13,Inbound,E.,Lead,98.58,02/17/2026,
OPP06374,REP028,PRD12,Web Signup,S.,Closed Won,223.14,16-Jul-2026,2026-07-18
OPP06375,REP021,PRD04,Inbound,south,Closed Lost,154.97,22-Oct-2025,2025-12-16
OPP06376,REP016,PRD06,Inbound,south,Lead,371.71,2026-05-27,
OPP06377,REP022,PRD12,Web Signup,Central ,Qualified,257.25,10-Aug-2025,
OPP06378,REP034,PRD11,Partner, North,Qualified,1521.98,2026-02-26,
OPP06379,REP037,PRD14,Outbound,EAST,Lead,24.59,02/09/2026,
OPP06380,REP006,PRD01,Inbound,South ,Proposal,4.62,2025-12-18,
OPP06381,REP032,PRD12,Referral,W.,Qualified,89.93,2025-11-23,
OPP06382,REP016,PRD11,Referral,South ,Lead,1926.86,2026-07-18,
OPP06383,REP023,PRD12,Outbound,West,Closed Lost,14.54,2025-07-05,10/08/2025
OPP06384,REP019,PRD08,Partner,,Lead,4491.39,03/31/2026,
OPP06385,REP008,PRD11,Outbound,E.,Proposal,3853.48,2025-08-25,
OPP06386,REP035,PRD01,Inbound,East,Lead,41.89,2025-08-07,
OPP06387,REP001,PRD15,Referral,,Closed Lost,205.19,05/24/2026,2026-08-25
OPP06388,REP039,PRD04,Inbound,north,Closed Won,137.76,2026-03-01,2026-06-18
OPP06389,REP026,PRD14,Outbound,E.,Closed Lost,95.79,06/20/2026,22-Jul-2026
OPP06390,REP020,PRD02,Inbound,WEST,Lead,190.32,2026-04-23,
OPP06391,REP033,PRD11,Partner,West,Closed Lost,1676.35,2026-07-08,07/20/2026
OPP06392,REP009,PRD01,Inbound,E.,Lead,132.46,10/19/2025,
OPP06393,REP004,PRD09,Partner,Centrl,Lead,169.3,07/31/2026,
OPP06394,REP037,PRD15,Inbound,E.,Proposal,1352.89,2026-06-27,
OPP06395,REP012,PRD14,Inbound,East,Lead,317.98,2026-06-18,
OPP06396,REP006,PRD08,Inbound,south,Lead,805.72,2026-06-17,
OPP06397,REP011,PRD07,Partner,West,Lead,103.86,2025-10-27,
OPP06398,REP034,PRD07,Web Signup, North,Lead,20.08,03/13/2026,
OPP06399,REP014,PRD11,Inbound,south,Closed Lost,1408.85,2025-09-11,2026-07-18
OPP06400,REP029,PRD01,Inbound,west ,Qualified,32.88,05/18/2026,
OPP06401,REP002,PRD05,Inbound,Central,Proposal,318.84,2026-04-30,
OPP06402,REP038,PRD04,Inbound,central,Lead,42.36,31-Dec-2025,
OPP06403,REP013,PRD08,Web Signup,central,Closed Lost,5123.75,05/07/2026,07/11/2026
OPP06404,REP013,PRD15,Partner,Central ,Closed Won,1883.93,2026-08-28,2026-08-28
OPP06405,REP024,PRD07,Inbound,NORTH,Lead,113.25,2026-06-13,
OPP06406,REP013,PRD03,Partner,Centrl,Lead,117.56,2026-02-04,
OPP06407,REP016,PRD06,Partner,South,Proposal,709.93,09/10/2025,
OPP06408,REP008,PRD05,Outbound,East,Qualified,947.51,11/09/2025,
OPP06409,REP028,PRD01,Inbound,SOUTH,Lead,5.77,07/23/2025,
OPP06410,REP017,PRD13,Outbound,West,Closed Won,298.58,2026-02-28,16-Jun-2026
OPP06411,REP033,PRD13,Referral,W.,Lead,209.39,10/08/2025,
OPP06412,REP022,PRD02,Inbound,Central ,Lead,115.88,08-Sep-2025,
OPP06413,REP035,PRD14,Inbound,East,Qualified,120.23,11/30/2025,
OPP06414,REP029,PRD07,Outbound,West,Closed Won,30.2,28-Aug-2026,2026-08-31
OPP06415,REP028,PRD10,Outbound,South,Lead,26.54,14-Aug-2025,
OPP06416,REP027,PRD09,Referral,E.,Closed Won,150.38,2026-08-13,2026-08-17
OPP06417,REP022,PRD14,Inbound,Central,Qualified,178.17,08-Jul-2026,
OPP06418,REP021,PRD07,Outbound,South,Qualified,57.63,2026-07-29,
OPP06419,REP004,PRD05,Referral,central,Lead,1098.18,07/18/2025,
OPP06420,REP006,PRD10,Outbound,SOUTH,Lead,25.03,2025-10-05,
OPP06421,REP031,PRD10,Outbound,East,Closed Won,58.72,2026-08-21,2026-08-25
OPP06422,REP015,PRD01,Web Signup,West,Lead,29.62,07/18/2025,
OPP06423,REP035,PRD10,Partner,E.,Closed Won,117.57,2026-02-02,2026-04-22
OPP06424,REP036,PRD06,Outbound,Central ,Lead,48.5,10-Jan-2026,
OPP06425,REP037,PRD09,Partner,East,Lead,131.13,06/14/2026,
OPP06426,REP014,PRD14,Referral,south,Lead,95.7,2025-09-07,
OPP06427,REP020,PRD06,Inbound,west ,Closed Won,564.49,22-Aug-2026,2026-08-29
OPP06428,REP032,PRD10,Web Signup,W.,Lead,30.06,2026-03-09,
OPP06429,REP037,PRD07,Web Signup,east,Qualified,103.76,2026-05-12,
OPP06430,REP033,PRD01,Partner,west,Closed Won,57.55,2025-08-07,08/23/2026
OPP06431,REP003,PRD10,Outbound,East,Qualified,20.05,2025-07-22,
OPP06432,REP011,PRD11,Outbound,W.,Qualified,1386.14,2026-03-25,
OPP06433,REP036,PRD13,Inbound,CENTRAL,Lead,214.53,2026-06-08,
OPP06434,REP008,PRD05,Referral,E.,Closed Won,265.45,2025-11-21,01-May-2026
OPP06435,REP039,PRD12,Outbound,N.,Qualified,207.08,2025-07-22,
OPP06436,REP018,PRD05,Partner,Central,Qualified,1022.74,2026-08-18,
OPP06437,REP036,PRD15,Outbound,Central ,Qualified,1786.39,03/07/2026,
OPP06438,REP025,PRD12,Inbound,,Lead,322.94,2026-04-26,
OPP06439,REP027,PRD10,Inbound,east,Lead,71.4,2026-01-19,
OPP06440,REP026,PRD05,Outbound,EAST,Lead,188.99,2025-09-12,
OPP06441,REP028,PRD06,Outbound,south,Qualified,588.09,10/01/2025,
OPP06442,REP026,PRD08,Outbound,east,Qualified,4861.87,2025-09-19,
OPP06443,REP023,PRD03,Inbound,WEST,Lead,646.38,08/28/2026,
OPP06444,REP013,PRD03,Outbound,central,Proposal,98.78,2025-11-11,
OPP06445,REP039,PRD02,Partner,NORTH,Lead,97.83,2026-02-10,
OPP06446,REP010,PRD05,Referral,Central ,Closed Lost,2141.53,23-Oct-2025,2026-01-01
OPP06447,REP005,PRD01,Web Signup,Central ,Lead,40.58,2026-01-18,
OPP06448,REP037,PRD06,Outbound,EAST,Lead,121.95,11-Sep-2025,
OPP06449,REP020,PRD13,Referral,west ,Proposal,78.15,2025-10-31,
OPP06450,REP028,PRD05,Partner,south,Qualified,130.96,27-Feb-2026,
OPP06451,REP025,PRD06,Partner,north,Qualified,124.9,2026-05-16,
OPP06452,REP012,PRD01,Partner,EAST,Qualified,38.83,2025-11-12,
OPP06453,REP021,PRD02,Outbound,S.,Closed Won,112.94,08/18/2025,2026-04-13
OPP06454,REP013,PRD10,Outbound,CENTRAL,Proposal,69.91,2026-03-13,
OPP06455,REP014,PRD01,Partner,SOUTH,Proposal,35.82,2025-11-21,
OPP06456,REP036,PRD10,Partner,Central ,Proposal,58.77,2025-07-25,
OPP06457,REP037,PRD07,Referral,E.,Lead,222.7,2025-08-18,
OPP06458,REP025,PRD13,Inbound,N.,Qualified,51.4,2026-02-20,
OPP06459,REP028,PRD04,Referral,SOUTH,Lead,159.61,05/02/2026,
OPP06460,REP010,PRD02,Referral,Central ,Closed Lost,273.17,2025-09-18,01/20/2026
OPP06461,REP007,PRD03,Outbound,,Proposal,725.2,2025-10-22,
OPP06462,REP030,PRD06,Outbound,W.,Proposal,106.12,2026-05-20,
OPP06463,REP002,PRD07,Inbound,central,Lead,57.01,03/12/2026,
OPP06464,REP008,PRD05,Referral,east,Lead,2904.0,2026-01-20,
OPP06465,REP027,PRD03,Web Signup,,Lead,652.01,2026-04-21,
OPP06466,REP030,PRD01,Outbound,West,Qualified,34.2,10/05/2025,
OPP06467,REP037,PRD05,Outbound,East,Qualified,594.54,2025-08-13,
OPP06468,REP010,PRD09,Outbound,Central ,Qualified,89.37,2025-12-08,
OPP06469,REP021,PRD12,Referral,SOUTH,Qualified,260.18,06-Jan-2026,
OPP06470,REP039,PRD04,Outbound,north,Qualified,165.81,01/03/2026,
OPP06471,REP029,PRD10,Partner,west ,Closed Lost,178.9,21-Jul-2026,2026-08-14
OPP06472,REP016,PRD11,Outbound,South ,Lead,677.67,07/30/2026,
OPP06473,REP039,PRD08,Outbound,N.,Qualified,822.01,04/29/2026,
OPP06474,REP006,PRD09,Web Signup,South,Proposal,512.32,2025-10-01,
OPP06475,REP040,PRD10,Inbound,south,Lead,52.91,2026-01-29,
OPP06476,REP038,PRD08,Referral,CENTRAL,Lead,1816.31,20-Aug-2025,
OPP06477,REP023,PRD13,Referral,west,Qualified,304.93,2026-03-08,
OPP06478,REP013,PRD12,Web Signup,Central,Qualified,54.84,06/30/2026,
OPP06479,REP034,PRD02,Outbound,N.,Lead,252.21,2026-05-16,
OPP06480,REP003,PRD02,Referral,east,Lead,49.35,2025-08-23,
OPP06481,REP013,PRD08,Partner,central,Closed Won,4958.97,07/15/2026,07/17/2026
OPP06482,REP009,PRD06,Outbound,,Proposal,298.77,05/16/2026,
OPP06483,REP029,PRD14,Outbound,west,Closed Won,27.84,01/01/2026,08-Jan-2026
OPP06484,REP033,PRD08,Outbound,W.,Proposal,3212.15,2026-01-29,
OPP06485,REP022,PRD07,Partner,CENTRAL,Closed Won,69.29,09/20/2025,2025-12-24
OPP06486,REP001,PRD11,Referral,W.,Proposal,2333.61,2025-10-09,
OPP06487,REP010,PRD15,Inbound,central,Qualified,1424.66,02/25/2026,
OPP06488,REP036,PRD05,Partner,CENTRAL,Closed Lost,389.81,2026-05-15,2026-08-09
OPP06489,REP019,PRD12,Outbound,North,Proposal,216.81,2025-09-07,
OPP06490,REP013,PRD12,Referral,Central ,Qualified,405.66,2026-07-27,
OPP06491,REP014,PRD13,Referral,SOUTH,Qualified,229.85,2025-12-09,
OPP06492,REP036,PRD14,Outbound,central,Proposal,70.0,2025-10-22,
OPP06493,REP028,PRD07,Inbound,South ,Qualified,15.57,2026-04-19,
OPP06494,REP006,PRD02,Outbound,South ,Proposal,107.53,27-Aug-2026,
OPP06495,REP030,PRD10,Outbound,W.,Qualified,14.49,2025-11-11,
OPP06496,REP005,PRD13,Referral,Central ,Closed Lost,111.22,2026-01-10,2026-08-06
OPP06497,REP021,PRD11,Outbound,South ,Qualified,1854.43,2026-05-29,
OPP06498,REP027,PRD11,Inbound,E.,Qualified,321.21,06/19/2026,
OPP06499,REP023,PRD01,Web Signup,West,Lead,152.77,2025-08-05,
OPP06500,REP026,PRD11,Referral,,Qualified,3292.31,2025-07-04,
OPP06501,REP033,PRD14,Partner,W.,Lead,102.99,2026-06-29,
OPP06502,REP038,PRD05,Referral,CENTRAL,Lead,277.16,2026-02-13,
OPP06503,REP037,PRD06,Outbound,E.,Lead,201.54,11/11/2025,
OPP06504,REP011,PRD09,Inbound,west ,Lead,578.2,04-Jul-2025,
OPP06505,REP022,PRD15,Outbound,CENTRAL,Proposal,759.05,2025-08-19,
OPP06506,REP006,PRD14,Outbound,,Qualified,40.5,2026-07-13,
OPP06507,REP039,PRD15,Inbound,North,Qualified,1235.84,02/01/2026,
OPP06508,REP003,PRD10,Outbound,East,Qualified,12.11,2026-01-14,
OPP06509,REP017,PRD04,Outbound,West,Proposal,179.52,25-Apr-2026,
OPP06510,REP006,PRD10,Partner,South ,Closed Lost,26.47,2026-04-02,08/02/2026
OPP06511,REP017,PRD03,Inbound,west ,Proposal,259.15,2025-12-16,
OPP06512,REP010,PRD10,Partner,Central,Qualified,10.24,2026-08-04,
OPP06513,REP033,PRD10,Outbound,west,Closed Won,24.74,07-Feb-2026,2026-02-24
OPP06514,REP030,PRD02,Inbound,west,Qualified,198.74,2025-11-06,
OPP06515,REP018,PRD10,Web Signup,CENTRAL,Lead,99.67,08/22/2026,
OPP06516,REP023,PRD09,Outbound,west,Lead,236.35,08/27/2025,
OPP06517,REP002,PRD11,Outbound,CENTRAL,Proposal,3690.5,22-Feb-2026,
OPP06518,REP019,PRD06,Referral,north,Proposal,78.61,11-Sep-2025,
OPP06519,REP012,PRD08,Referral,EAST,Qualified,3242.46,2026-05-07,
OPP06520,REP010,PRD09,Inbound,Centrl,Closed Won,392.7,2025-10-07,25-Aug-2026
OPP06521,REP022,PRD05,Outbound,Centrl,Lead,294.54,2025-10-20,
OPP06522,REP024,PRD02,Inbound,NORTH,Qualified,143.19,2026-02-06,
OPP06523,REP002,PRD02,Outbound,Central,Qualified,319.81,2026-06-04,
OPP06524,REP032,PRD05,Referral,west,Proposal,579.09,14-Dec-2025,
OPP06525,REP032,PRD05,Inbound,west,Proposal,1938.17,07/31/2026,
OPP06526,REP015,PRD09,Outbound,W.,Proposal,56.12,2026-03-08,
OPP06527,REP008,PRD12,Web Signup,East,Lead,88.44,2026-03-27,
OPP06528,REP034,PRD06,Partner,north,Lead,204.63,23-Jan-2026,
OPP06529,REP007,PRD05,Outbound,East,Lead,242.34,2026-06-20,
OPP06530,REP015,PRD15,Partner,west,Qualified,-1779.24,2026-02-01,
OPP06531,REP015,PRD01,Partner,W.,Proposal,37.57,01/11/2026,
OPP06532,REP039,PRD06,Outbound, North,Closed Lost,1102.97,2026-03-10,2026-05-15
OPP06533,REP007,PRD07,Referral,east,Closed Won,186.24,2025-12-14,2026-06-10
OPP06534,REP032,PRD06,Inbound,W.,Proposal,321.89,16-Mar-2026,
OPP06535,REP018,PRD12,Outbound,central,Closed Lost,256.65,2025-07-16,2025-10-27
OPP06536,REP010,PRD03,Outbound,CENTRAL,Qualified,109.37,07/05/2025,
OPP06537,REP039,PRD07,Inbound,north,Lead,83.7,2026-07-09,
OPP06538,REP028,PRD07,Web Signup,South,Qualified,91.69,07-Jul-2025,
OPP06539,REP009,PRD09,Referral,E.,Qualified,200.32,07/11/2025,
OPP06540,REP020,PRD14,Inbound,,Qualified,109.69,15-Nov-2025,
OPP06541,REP007,PRD05,Inbound,E.,Closed Won,1105.13,2026-05-20,2026-08-22
OPP06542,REP022,PRD11,Inbound,Central ,Proposal,699.57,2026-05-05,
OPP06543,REP022,PRD06,Outbound,Centrl,Lead,172.11,08/25/2026,
OPP06544,REP026,PRD15,Partner,East,Lead,1878.26,2025-09-05,
OPP06545,REP032,PRD13,Outbound,west,Lead,188.14,2025-09-02,
OPP06546,REP037,PRD08,Partner,East,Closed Won,2621.79,08/26/2026,08/26/2026
OPP06547,REP006,PRD10,Outbound,S.,Proposal,53.15,2026-06-14,
OPP06548,REP040,PRD04,Referral,S.,Lead,31.15,2025-10-07,
OPP06549,REP027,PRD01,Inbound,East,Qualified,69.69,04-Apr-2026,
OPP06550,REP029,PRD13,Partner,West,Closed Lost,173.1,04/22/2026,2026-08-16
OPP06551,REP023,PRD01,Web Signup,west ,Proposal,89.05,2026-04-08,
OPP06552,REP025,PRD02,Referral,NORTH,Lead,143.44,2026-04-30,
OPP06553,REP022,PRD14,Inbound,CENTRAL,Proposal,39.34,2025-11-18,
OPP06554,REP001,PRD10,Outbound,W.,Lead,19.01,2025-07-10,
OPP06555,REP004,PRD13,Outbound,central,Proposal,154.72,2025-10-08,
OPP06556,REP008,PRD15,Outbound,east,Qualified,2018.05,2026-06-28,
OPP06557,REP008,PRD14,Inbound,East,Lead,22.58,2026-04-17,
OPP06558,REP029,PRD07,Referral,,Qualified,77.33,11/30/2025,
OPP06559,REP009,PRD01,Inbound,E.,Qualified,72.9,2026-06-14,
OPP06560,REP025,PRD04,Inbound,NORTH,Qualified,73.7,2025-07-11,
OPP06561,REP040,PRD12,Outbound,South,Closed Won,98.78,2025-12-23,2025-12-30
OPP06562,REP009,PRD11,Partner,East,Proposal,1146.18,2026-02-07,
OPP06563,REP010,PRD13,Referral,Centrl,Lead,11.67,2026-04-07,
OPP06564,REP022,PRD02,Partner,Centrl,Qualified,12.94,29-Nov-2025,
OPP06565,REP005,PRD07,Referral,CENTRAL,Lead,216.99,2025-09-11,
OPP06566,REP017,PRD15,Web Signup,west ,Qualified,1834.17,02/24/2026,
OPP06567,REP002,PRD01,Inbound,Centrl,Proposal,60.43,2025-12-22,
OPP06568,REP040,PRD07,Referral,SOUTH,Closed Lost,31.16,2026-01-01,2026-07-11
OPP06569,REP019,PRD02,Outbound, North,Closed Lost,25.64,2026-04-11,18-Apr-2026
OPP06570,REP032,PRD13,Outbound,west,Lead,374.06,2026-02-07,
OPP06571,REP025,PRD15,Inbound,North,Lead,2987.38,2026-07-21,
OPP06572,REP024,PRD06,Outbound,north,Lead,151.76,12/13/2025,
OPP06573,REP037,PRD09,Inbound,,Qualified,64.72,2025-07-09,
OPP06574,REP005,PRD13,Inbound,Centrl,Closed Won,195.97,2025-12-03,2026-08-07
OPP06575,REP016,PRD07,Referral,South,Qualified,88.54,2026-05-07,
OPP06576,REP025,PRD13,Web Signup,north,Lead,249.26,2025-09-28,
OPP06577,REP023,PRD06,Inbound,west ,Closed Won,245.27,2026-02-04,2026-08-17
OPP06578,REP022,PRD15,Referral,Central ,Closed Lost,1832.15,2026-07-22,2026-07-30
OPP06579,REP006,PRD04,Web Signup,South,Qualified,132.13,2025-12-01,
OPP06580,REP017,PRD06,Web Signup,WEST,Qualified,391.39,2025-11-17,
OPP06581,REP001,PRD14,Partner,W.,Closed Lost,149.98,23-Aug-2025,08-Apr-2026
OPP06582,REP028,PRD05,Inbound,South,Proposal,186.82,10/11/2025,
OPP06583,REP011,PRD04,Web Signup,west ,Lead,51.95,2025-08-23,
OPP06584,REP039,PRD04,Inbound, North,Lead,55.0,10/10/2025,
OPP06585,REP039,PRD06,Outbound,N.,Lead,79.85,01/21/2026,
OPP06586,REP032,PRD12,Inbound,WEST,Closed Won,151.74,28-Dec-2025,2026-07-19
OPP06587,REP025,PRD02,Inbound, North,Qualified,311.71,02-Feb-2026,
OPP06588,REP019,PRD02,Inbound,NORTH,Lead,321.65,30-Nov-2025,
OPP06589,REP012,PRD11,Referral,east,Proposal,549.18,2025-07-21,
OPP06590,REP005,PRD05,Partner,CENTRAL,Qualified,845.93,2026-08-21,
OPP06591,REP022,PRD12,Partner,Central ,Lead,322.54,2026-01-16,
OPP06592,REP038,PRD13,Inbound,Central,Lead,85.53,2026-06-21,
OPP06593,REP014,PRD04,Partner,S.,Qualified,19.86,07/05/2025,
OPP06594,REP039,PRD06,Inbound, North,Closed Won,398.19,2026-05-31,08/01/2026
OPP06595,REP013,PRD11,Inbound,,Qualified,1732.67,2025-08-13,
OPP06596,REP025,PRD11,Outbound,North,Lead,2973.46,03/11/2026,
OPP06597,REP030,PRD13,Inbound,WEST,Closed Won,278.7,04-Jun-2026,08/24/2026
OPP06598,REP020,PRD03,Referral,WEST,Qualified,383.13,2026-05-16,
OPP06599,REP026,PRD06,Web Signup,E.,Lead,206.0,2026-02-01,
OPP06600,REP006,PRD09,Partner,SOUTH,Qualified,630.5,2025-10-06,
OPP06601,REP033,PRD15,Partner,west,Closed Won,1023.3,2026-08-10,08/21/2026
OPP06602,REP020,PRD04,Outbound,W.,Lead,89.88,2026-07-23,
OPP06603,REP034,PRD08,Inbound,NORTH,Closed Won,1731.05,2026-04-10,2026-07-19
OPP06604,REP024,PRD03,Web Signup,NORTH,Lead,303.17,2025-08-06,
OPP06605,REP031,PRD15,Outbound,East,Proposal,982.56,12/25/2025,
OPP06606,REP014,PRD03,Outbound,south,Qualified,325.34,2025-08-09,
OPP06607,REP002,PRD02,Partner,Central ,Qualified,256.89,02/04/2026,
OPP06608,REP031,PRD07,Referral,,Proposal,41.88,26-May-2026,
OPP06609,REP021,PRD09,Outbound,S.,Closed Won,65.17,2026-08-21,08/31/2026
OPP06610,REP011,PRD15,Referral,west,Closed Lost,2953.84,06-Mar-2026,2026-03-07
OPP06611,REP005,PRD12,Outbound,Centrl,Closed Lost,459.82,2026-05-04,2026-06-10
OPP06612,REP036,PRD07,Inbound,CENTRAL,Lead,70.04,2026-03-20,
OPP06613,REP030,PRD15,Partner,West,Lead,3335.1,2025-09-05,
OPP06614,REP021,PRD05,Web Signup,S.,Qualified,1021.81,2025-07-23,
OPP06615,REP008,PRD15,Outbound,east,Closed Lost,1418.54,12/26/2025,2026-06-08
OPP06616,REP012,PRD13,Web Signup,EAST,Lead,264.74,2025-08-30,
OPP06617,REP017,PRD15,Outbound,west,Lead,920.63,01/14/2026,
OPP06618,REP011,PRD03,Outbound,west ,Closed Won,759.46,03-Dec-2025,02/04/2026
OPP06619,REP024,PRD05,Web Signup,N.,Lead,1455.36,2026-03-16,
OPP06620,REP034,PRD15,Partner,north,Closed Lost,1382.88,03/02/2026,03/14/2026
OPP06621,REP016,PRD12,Inbound,South ,Closed Won,276.7,2025-09-17,27-Sep-2025
OPP06622,REP008,PRD08,Referral,EAST,Lead,4096.86,2026-07-11,
OPP06623,REP032,PRD07,Web Signup,west,Lead,23.02,2026-06-04,
OPP06624,REP013,PRD07,Partner,central,Qualified,148.96,2025-07-22,
OPP06625,REP018,PRD05,Referral,CENTRAL,Closed Lost,285.02,2026-03-20,2026-08-30
OPP06626,REP030,PRD11,Referral,WEST,Qualified,5018.76,14-Jan-2026,
OPP06627,REP019,PRD11,Outbound,north,Lead,2526.85,01/11/2026,
OPP06628,REP033,PRD01,Outbound,WEST,Proposal,41.19,2025-09-25,
OPP06629,REP014,PRD06,Outbound,South,Closed Won,652.61,2026-07-06,2026-07-29
OPP06630,REP029,PRD09,Outbound,west ,Closed Lost,374.49,2026-03-25,2026-09-02
OPP06631,REP031,PRD13,Outbound,E.,Proposal,269.69,15-Aug-2025,
OPP06632,REP037,PRD14,Partner,east,Lead,9.78,2026-03-20,
OPP06633,REP008,PRD08,Inbound,,Closed Won,1128.41,2026-08-11,30-Aug-2026
OPP06634,REP022,PRD07,Inbound,CENTRAL,Lead,64.52,2026-01-03,
OPP06635,REP007,PRD07,Referral,E.,Closed Won,61.38,29-Aug-2025,2026-06-26
OPP06636,REP020,PRD02,Referral,west ,Proposal,125.99,06/09/2026,
OPP06637,REP012,PRD05,Outbound,EAST,Lead,416.18,09/16/2025,
OPP06638,REP013,PRD05,Referral,Centrl,Lead,2059.53,2026-06-15,
OPP06639,REP040,PRD06,Referral,South ,Lead,290.85,2025-10-08,
OPP06640,REP011,PRD12,Outbound,W.,Qualified,193.02,09/08/2025,
OPP06641,REP039,PRD02,Web Signup,NORTH,Closed Lost,302.83,20-Aug-2025,08/11/2026
OPP06642,REP031,PRD15,Inbound,E.,Lead,1232.04,2025-07-29,
OPP06643,REP034,PRD15,Partner,NORTH,Closed Won,884.47,23-Apr-2026,2026-06-22
OPP06644,REP023,PRD15,Partner,west,Qualified,801.63,08/23/2025,
OPP06645,REP025,PRD12,Inbound,N.,Qualified,304.03,10/11/2025,
OPP06646,REP013,PRD01,Inbound,Central ,Lead,127.54,2025-08-21,
OPP06647,REP032,PRD11,Outbound,WEST,Qualified,1974.15,2026-06-12,
OPP06648,REP018,PRD11,Referral,central,Lead,257.31,2025-08-15,
OPP06649,REP013,PRD12,Referral,CENTRAL,Proposal,117.86,2026-02-23,
OPP06650,REP027,PRD05,Web Signup,east,Lead,681.02,06/04/2026,
OPP06651,REP023,PRD10,Partner,W.,Lead,65.1,2025-08-24,
OPP06652,REP004,PRD06,Partner,,Lead,665.59,09/21/2025,
OPP06653,REP027,PRD01,Outbound,east,Lead,46.4,08/16/2025,
OPP06654,REP033,PRD02,Outbound,,Closed Lost,228.04,08/13/2025,12/05/2025
OPP06655,REP011,PRD02,Outbound,west,Lead,68.48,2026-04-26,
OPP06656,REP033,PRD13,Referral,west ,Proposal,19.19,05/11/2026,
OPP06657,REP006,PRD13,Referral,South ,Qualified,38.73,16-Sep-2025,
OPP06658,REP030,PRD14,Outbound,W.,Qualified,88.27,2026-05-19,
OPP06659,REP032,PRD07,Outbound,west ,Lead,190.85,2026-01-01,
OPP06660,REP016,PRD08,Inbound,South ,Lead,1992.44,2025-07-12,
OPP06661,REP011,PRD02,Web Signup,West,Closed Lost,352.1,06/21/2026,2026-07-28
OPP06662,REP008,PRD12,Web Signup,EAST,Proposal,11.22,29-Jun-2026,
OPP06663,REP026,PRD10,Partner,EAST,Closed Won,31.8,06/01/2026,2026-08-25
OPP06664,REP024,PRD12,Outbound, North,Lead,482.11,09/20/2025,
OPP06665,REP010,PRD09,Web Signup,CENTRAL,Closed Lost,91.35,2026-03-24,07/28/2026
OPP06666,REP025,PRD12,Outbound,N.,Lead,47.92,24-Jul-2025,
OPP06667,REP014,PRD11,Referral,South,Closed Won,1204.21,06/21/2026,2026-08-10
OPP06668,REP029,PRD14,Partner,WEST,Proposal,57.64,03/15/2026,
OPP06669,REP004,PRD15,Outbound,Central,Proposal,1135.14,2025-11-30,
OPP06670,REP023,PRD02,Outbound,W.,Lead,100.57,2025-09-25,
OPP06671,REP019,PRD09,Web Signup,north,Qualified,441.12,2025-09-21,
OPP06672,REP034,PRD07,Outbound, North,Lead,31.95,13-Jul-2025,
OPP06673,REP039,PRD14,Partner,NORTH,Qualified,99.22,08/25/2025,
OPP06674,REP026,PRD11,Inbound,EAST,Lead,711.56,2025-12-01,
OPP06675,REP026,PRD09,Inbound,East,Qualified,420.12,2025-10-09,
OPP06676,REP007,PRD12,Inbound,east,Qualified,246.72,08/03/2026,
OPP06677,REP040,PRD08,Partner,South,Closed Won,611.3,2026-01-19,2026-06-06
OPP06678,REP006,PRD05,Referral,south,Qualified,99.6,05/27/2026,
OPP06679,REP023,PRD03,Outbound,west ,Qualified,290.48,12-Jul-2026,
OPP06680,REP016,PRD10,Web Signup,South,Closed Lost,66.25,2026-06-14,07/02/2026
OPP06681,REP003,PRD05,Outbound,,Closed Won,400.5,2026-01-08,2026-03-02
OPP06682,REP026,PRD08,Referral,,Proposal,1346.12,2025-08-07,
OPP06683,REP022,PRD11,Partner,central,Qualified,343.9,2025-08-19,
OPP06684,REP022,PRD09,Inbound,Central,Qualified,307.06,2025-10-11,
OPP06685,REP004,PRD01,Outbound,Centrl,Lead,-114.03,2026-03-03,
OPP06686,REP016,PRD11,Referral,S.,Qualified,931.16,2026-06-07,
OPP06687,REP012,PRD07,Partner,East,Closed Lost,73.46,06-Aug-2026,23-Aug-2026
OPP06688,REP025,PRD01,Inbound,NORTH,Qualified,18.43,2026-03-02,
OPP06689,REP037,PRD06,Referral,,Qualified,154.39,2026-08-28,
OPP06690,REP018,PRD07,Referral,Central,Closed Lost,67.38,25-Oct-2025,2025-12-21
OPP06691,REP003,PRD14,Referral,east,Proposal,163.66,03-Jul-2026,
OPP06692,REP038,PRD05,Outbound,central,Lead,1015.57,02/28/2026,
OPP06693,REP026,PRD13,Inbound,East,Qualified,116.69,2026-03-27,
OPP06694,REP013,PRD07,Inbound,Central,Proposal,184.0,2026-02-15,
OPP06695,REP009,PRD02,Partner,E.,Qualified,113.93,2026-04-16,
OPP06696,REP021,PRD03,Outbound,South,Qualified,356.42,07/10/2025,
OPP06697,REP017,PRD14,Inbound,west ,Qualified,65.76,2026-08-10,
OPP06698,REP021,PRD14,Inbound,South ,Lead,35.85,10/24/2025,
OPP06699,REP039,PRD07,Outbound,North,Closed Lost,136.09,2025-08-17,17-Nov-2025
OPP06700,REP030,PRD15,Outbound,West,Lead,764.39,2026-08-01,
OPP06701,REP012,PRD14,Partner,E.,Lead,61.61,2025-08-15,
OPP06702,REP010,PRD11,Outbound,central,Closed Won,773.99,2026-05-27,2026-08-01
OPP06703,REP018,PRD14,Inbound,central,Qualified,34.03,2025-12-02,
OPP06704,REP025,PRD01,Outbound,N.,Closed Won,37.5,12/06/2025,2026-08-11
OPP06705,REP001,PRD11,Web Signup,West,Lead,4544.56,12/07/2025,
OPP06706,REP023,PRD13,Outbound,west ,Lead,178.42,2025-08-26,
OPP06707,REP032,PRD10,Outbound,West,Qualified,43.17,2026-03-26,
OPP06708,REP007,PRD02,Outbound,E.,Closed Won,252.51,2025-11-28,08/14/2026
OPP06709,REP013,PRD14,Inbound,Central,Lead,170.31,2026-07-08,
OPP06710,REP014,PRD13,Outbound,South,Qualified,173.82,2026-07-02,
OPP06711,REP017,PRD13,Outbound,west ,Qualified,323.24,2026-03-18,
OPP06712,REP004,PRD04,Inbound,Centrl,Lead,46.42,2026-03-21,
OPP06713,REP034,PRD01,Referral,north,Closed Lost,63.68,2026-02-21,2026-05-13
OPP06714,REP021,PRD10,Web Signup,South ,Qualified,2.19,2026-03-16,
OPP06715,REP030,PRD14,Referral,west ,Lead,160.82,11/07/2025,
OPP06716,REP024,PRD01,Outbound,NORTH,Qualified,23.09,09/23/2025,
OPP06717,REP004,PRD06,Partner,CENTRAL,Closed Won,423.66,2026-06-21,25-Jun-2026
OPP06718,REP002,PRD02,Inbound,Centrl,Lead,394.93,07/24/2026,
OPP06719,REP019,PRD15,Partner, North,Qualified,1386.19,2025-12-21,
OPP06720,REP026,PRD10,Outbound,east,Proposal,53.85,2025-07-06,
OPP06721,REP019,PRD13,Inbound,north,Qualified,255.23,2025-12-24,
OPP06722,REP038,PRD11,Inbound,Central,Qualified,1190.13,2025-12-29,
OPP06723,REP023,PRD06,Partner,,Lead,213.47,2026-07-01,
OPP06724,REP011,PRD07,Referral,WEST,Qualified,331.79,16-Dec-2025,
OPP06725,REP040,PRD09,Outbound,South,Qualified,114.08,01/05/2026,
OPP06726,REP031,PRD01,Inbound,E.,Qualified,87.74,2026-07-12,
OPP06727,REP020,PRD15,Inbound,West,Lead,1200.16,2026-03-18,
OPP06728,REP030,PRD01,Web Signup,W.,Qualified,67.79,04/21/2026,
OPP06729,REP035,PRD04,Outbound,East,Proposal,74.05,10-Dec-2025,
OPP06730,REP016,PRD10,Outbound,South,Qualified,17.09,10-May-2026,
OPP06731,REP018,PRD04,Outbound,CENTRAL,Qualified,50.63,11/24/2025,
OPP06732,REP015,PRD11,Inbound,W.,Qualified,4014.28,09-Jul-2025,
OPP06733,REP021,PRD07,Web Signup,S.,Closed Lost,152.93,04/11/2026,2026-04-12
OPP06734,REP016,PRD07,Web Signup,S.,Qualified,10.27,2025-08-30,
OPP06735,REP036,PRD05,Referral,Centrl,Qualified,265.92,04/07/2026,
OPP06736,REP030,PRD09,Inbound,west ,Qualified,148.13,2025-07-27,
OPP06737,REP032,PRD12,Outbound,W.,Proposal,154.94,2025-10-01,
OPP06738,REP031,PRD10,Inbound,east,Lead,25.53,10/22/2025,
OPP06739,REP032,PRD05,Inbound,west,Closed Won,1229.45,2026-02-14,2026-08-04
OPP06740,REP004,PRD13,Outbound,Central ,Proposal,155.05,2025-12-01,
OPP06741,REP025,PRD01,Inbound,north,Lead,30.23,2026-04-09,
OPP06742,REP038,PRD06,Outbound,Central,Lead,388.31,2025-08-07,
OPP06743,REP009,PRD13,Inbound,east,Proposal,246.51,2025-07-27,
OPP06744,REP020,PRD05,Referral,west ,Closed Won,994.51,2025-12-05,2026-02-19
OPP06745,REP017,PRD08,Web Signup,west,Lead,779.44,2026-02-09,
OPP06746,REP009,PRD03,Referral,EAST,Qualified,834.44,2025-11-16,
OPP06747,REP009,PRD05,Outbound,E.,Qualified,1261.62,12/21/2025,
OPP06748,REP008,PRD02,Outbound,east,Closed Won,45.81,2026-01-23,31-Mar-2026
OPP06749,REP035,PRD12,Partner,East,Proposal,290.69,24-Mar-2026,
OPP06750,REP026,PRD11,Outbound,E.,Lead,1064.86,2026-01-11,
OPP06751,REP038,PRD08,Inbound,central,Lead,2495.56,2025-11-19,
OPP06752,REP040,PRD11,Outbound,SOUTH,Qualified,340.05,2025-12-03,
OPP06753,REP039,PRD15,Outbound, North,Lead,1730.77,2025-07-20,
OPP06754,REP029,PRD10,Outbound,West,Lead,21.87,2025-11-17,
OPP06755,REP010,PRD07,Outbound,CENTRAL,Proposal,195.88,2026-01-23,
OPP06756,REP011,PRD14,Web Signup,West,Proposal,58.14,2025-09-20,
OPP06757,REP025,PRD15,Inbound, North,Closed Lost,2726.43,2025-07-20,11/03/2025
OPP06758,REP021,PRD01,Inbound,South ,Closed Won,23.28,04/24/2026,2026-08-29
OPP06759,REP035,PRD10,Partner,East,Lead,14.32,28-Sep-2025,
OPP06760,REP029,PRD07,Partner,W.,Qualified,42.72,2026-03-23,
OPP06761,REP030,PRD05,Inbound,W.,Lead,391.61,2025-12-14,
OPP06762,REP035,PRD07,Outbound,east,Lead,15.15,2026-02-25,
OPP06763,REP020,PRD10,Outbound,west ,Lead,34.62,06/23/2026,
OPP06764,REP004,PRD09,Web Signup,Central,Closed Won,521.42,2026-01-06,29-May-2026
OPP06765,REP038,PRD13,Outbound,CENTRAL,Lead,133.58,19-Apr-2026,
OPP06766,REP024,PRD01,Web Signup,NORTH,Lead,114.69,2025-11-14,
OPP06767,REP002,PRD07,Outbound,Central,Closed Won,66.31,2026-08-17,2026-09-01
OPP06768,REP019,PRD05,Inbound,north,Proposal,685.17,05-Jun-2026,
OPP06769,REP018,PRD12,Inbound,Centrl,Closed Lost,57.07,23-Aug-2025,08-Oct-2025
OPP06770,REP030,PRD04,Referral,W.,Lead,70.11,24-Oct-2025,
OPP06771,REP030,PRD13,Outbound,West,Lead,273.02,13-Oct-2025,
OPP06772,REP031,PRD06,Partner,E.,Lead,365.86,2025-11-28,
OPP06773,REP021,PRD11,Partner,S.,Lead,1836.74,2025-11-29,
OPP06774,REP040,PRD03,Outbound,south,Qualified,196.45,08/21/2026,
OPP06775,REP038,PRD14,Outbound,Central,Qualified,205.91,2026-04-23,
OPP06776,REP039,PRD09,Inbound,N.,Closed Won,487.28,2026-04-20,2026-06-20
OPP06777,REP034,PRD01,Inbound,north,Qualified,26.01,06/02/2026,
OPP06778,REP035,PRD08,Outbound,,Lead,2122.79,2026-01-09,
OPP06779,REP003,PRD09,Partner,E.,Qualified,495.26,08/08/2025,
OPP06780,REP006,PRD04,Inbound,south,Proposal,13.51,2025-11-27,
OPP06781,REP016,PRD02,Referral,SOUTH,Lead,130.39,08/23/2026,
OPP06782,REP030,PRD14,Outbound,W.,Closed Won,96.32,02/17/2026,04/15/2026
OPP06783,REP028,PRD03,Outbound,S.,Closed Won,671.37,2026-03-15,2026-05-01
OPP06784,REP003,PRD02,Web Signup,East,Closed Lost,7.65,2025-08-14,2026-04-15
OPP06785,REP012,PRD14,Web Signup,E.,Qualified,100.45,2026-02-06,
OPP06786,REP036,PRD09,Web Signup,CENTRAL,Lead,292.77,2025-10-10,
OPP06787,REP015,PRD15,Outbound,west ,Qualified,2103.53,08/02/2026,
OPP06788,REP022,PRD12,Inbound,Centrl,Closed Lost,69.95,07/18/2026,2026-07-28
OPP06789,REP033,PRD15,Partner,west ,Qualified,585.72,2025-09-05,
OPP06790,REP010,PRD09,Outbound,Central ,Qualified,460.23,2026-07-04,
OPP06791,REP027,PRD06,Web Signup,east,Lead,299.24,2025-08-23,
OPP06792,REP018,PRD02,Outbound,Central,Lead,233.38,2025-11-11,
OPP06793,REP010,PRD04,Outbound,Central ,Lead,96.65,2026-08-03,
OPP06794,REP020,PRD10,Inbound,west ,Closed Won,-32.9,2026-05-01,2026-08-07
OPP06795,REP004,PRD11,Outbound,,Closed Lost,653.1,2026-04-20,2026-07-25
OPP06796,REP032,PRD15,Partner,W.,Proposal,453.07,2026-08-11,
OPP06797,REP017,PRD05,Inbound,WEST,Lead,638.89,06/29/2026,
OPP06798,REP038,PRD15,Referral,CENTRAL,Closed Won,801.74,11/20/2025,03/24/2026
OPP06799,REP025,PRD01,Web Signup,N.,Qualified,40.74,2026-04-20,
OPP06800,REP026,PRD05,Partner,East,Qualified,2450.92,2026-08-16,
OPP06801,REP028,PRD03,Outbound,South ,Lead,521.71,2026-07-14,
OPP06802,REP033,PRD12,Web Signup,west,Lead,188.58,2026-07-23,
OPP06803,REP031,PRD01,Referral,east,Qualified,50.99,2026-07-06,
OPP06804,REP039,PRD12,Outbound,North,Lead,613.85,01/28/2026,
OPP06805,REP007,PRD02,Inbound,EAST,Lead,131.41,05/11/2026,
OPP06806,REP016,PRD01,Inbound,SOUTH,Qualified,54.31,2025-08-01,
OPP06807,REP019,PRD14,Inbound,north,Lead,49.36,2025-12-11,
OPP06808,REP034,PRD13,Outbound, North,Lead,541.64,12/21/2025,
OPP06809,REP026,PRD08,Web Signup,East,Closed Won,2139.85,2025-12-08,2026-06-01
OPP06810,REP028,PRD04,Outbound,S.,Qualified,19.52,2026-01-02,
OPP06811,REP001,PRD09,Inbound,W.,Lead,100.97,2026-05-07,
OPP06812,REP003,PRD02,Referral,EAST,Lead,75.04,12/20/2025,
OPP06813,REP033,PRD04,Partner,west,Qualified,8.39,2026-02-26,
OPP06814,REP013,PRD12,Partner,Centrl,Closed Won,455.22,2026-05-30,2026-08-24
OPP06815,REP002,PRD07,Inbound,central,Lead,258.95,2026-04-22,
OPP06816,REP014,PRD12,Inbound,SOUTH,Lead,286.6,2025-11-03,
OPP06817,REP017,PRD12,Outbound,west,Closed Won,100.28,04/20/2026,06/08/2026
OPP06818,REP010,PRD08,Inbound,Central ,Lead,2058.75,2025-09-07,
OPP06819,REP026,PRD08,Inbound,east,Qualified,4596.57,2025-10-16,
OPP06820,REP035,PRD10,Outbound,,Qualified,43.76,09/07/2025,
OPP06821,REP030,PRD06,Inbound,west ,Lead,316.8,2026-02-18,
OPP06822,REP011,PRD02,Partner,west,Proposal,87.87,06/14/2026,
OPP06823,REP018,PRD07,Outbound,central,Proposal,98.27,08/10/2026,
OPP06824,REP024,PRD08,Web Signup, North,Lead,2904.62,2026-04-03,
OPP06825,REP001,PRD10,Outbound,west,Closed Won,91.72,2025-12-29,08/12/2026
OPP06826,REP031,PRD09,Outbound,EAST,Closed Lost,20.14,2025-08-04,2026-07-31
OPP06827,REP017,PRD09,Referral,W.,Proposal,173.62,2026-08-05,
OPP06828,REP040,PRD07,Outbound,south,Qualified,114.38,2026-03-22,
OPP06829,REP007,PRD03,Web Signup,east,Lead,503.47,05/30/2026,
OPP06830,REP040,PRD13,Inbound,S.,Lead,280.04,06/19/2026,
OPP06831,REP024,PRD15,Outbound,N.,Closed Lost,1341.34,2026-07-02,12-Aug-2026
OPP06832,REP039,PRD02,Referral,NORTH,Qualified,47.54,2026-05-17,
OPP06833,REP004,PRD07,Outbound,Central ,Qualified,130.04,2026-04-15,
OPP06834,REP026,PRD11,Inbound,EAST,Closed Lost,1493.59,07/25/2026,08/09/2026
OPP06835,REP014,PRD05,Inbound,south,Proposal,496.92,2026-02-01,
OPP06836,REP014,PRD06,Referral,South ,Closed Won,108.41,04/26/2026,2026-04-30
OPP06837,REP013,PRD14,Inbound,Central,Qualified,113.86,2025-11-20,
OPP06838,REP040,PRD01,Outbound,South ,Proposal,112.95,2026-06-12,
OPP06839,REP009,PRD12,Inbound,,Qualified,149.89,2026-01-01,
OPP06840,REP028,PRD12,Inbound,South,Closed Won,153.71,2026-01-26,2026-02-24
OPP06841,REP028,PRD03,Inbound,SOUTH,Lead,208.37,2026-04-08,
OPP06842,REP017,PRD11,Inbound,W.,Lead,60.28,06-Sep-2025,
OPP06843,REP024,PRD11,Outbound,north,Qualified,1312.47,2026-02-17,
OPP06844,REP018,PRD06,Outbound,Central,Lead,66.34,2026-07-28,
OPP06845,REP005,PRD07,Inbound,Centrl,Qualified,125.93,06-Aug-2026,
OPP06846,REP001,PRD02,Outbound,WEST,Closed Won,103.64,2026-09-01,2026-09-02
OPP06847,REP019,PRD06,Outbound,north,Lead,136.64,2025-09-02,
OPP06848,REP018,PRD01,Outbound,Central,Qualified,23.93,2026-02-03,
OPP06849,REP030,PRD09,Web Signup,WEST,Lead,703.75,12/27/2025,
OPP06850,REP031,PRD05,Inbound,EAST,Qualified,1122.3,09/18/2025,
OPP06851,REP020,PRD10,Referral,WEST,Lead,18.26,10/04/2025,
OPP06852,REP034,PRD14,Outbound,N.,Closed Lost,88.05,2025-08-28,2026-01-14
OPP06853,REP002,PRD10,Outbound,,Closed Won,15.11,2025-08-02,2026-01-04
OPP06854,REP008,PRD01,Outbound,E.,Qualified,31.45,2026-03-20,
OPP06855,REP006,PRD04,Inbound,South,Closed Lost,48.92,2025-12-03,2026-08-22
OPP06856,REP039,PRD09,Referral,North,Qualified,777.4,16-Mar-2026,
OPP06857,REP003,PRD13,Inbound,east,Lead,269.56,2026-01-14,
OPP06858,REP036,PRD06,Inbound,Central,Lead,235.26,02/24/2026,
OPP06859,REP009,PRD15,Outbound,EAST,Proposal,1383.36,02/02/2026,
OPP06860,REP006,PRD01,Outbound,,Closed Won,104.92,11/29/2025,2026-08-30
OPP06861,REP037,PRD13,Outbound,East,Qualified,59.53,2025-10-19,
OPP06862,REP040,PRD10,Inbound,South ,Lead,23.98,08/29/2026,
OPP06863,REP027,PRD11,Inbound,EAST,Closed Won,447.75,2026-01-22,2026-01-25
OPP06864,REP012,PRD01,Outbound,east,Lead,159.32,21-Feb-2026,
OPP06865,REP022,PRD01,Referral,Central ,Lead,33.75,2026-02-07,
OPP06866,REP026,PRD10,Web Signup,E.,Closed Won,25.57,2026-03-30,2026-08-29
OPP06867,REP031,PRD07,Inbound,EAST,Proposal,90.9,2026-05-13,
OPP06868,REP021,PRD14,Outbound,S.,Qualified,201.22,2026-05-15,
OPP06869,REP016,PRD09,Outbound,south,Qualified,301.81,2025-07-13,
OPP06870,REP029,PRD10,Inbound,West,Closed Lost,51.57,2026-07-05,23-Aug-2026
OPP06871,REP010,PRD02,Referral,Central,Closed Won,246.97,2025-10-27,2026-03-30
OPP06872,REP004,PRD01,Inbound,CENTRAL,Qualified,106.12,27-Dec-2025,
OPP06873,REP028,PRD10,Outbound,South,Lead,27.64,2025-12-27,
OPP06874,REP013,PRD08,Referral,Central ,Qualified,2932.65,2025-12-14,
OPP06875,REP029,PRD13,Outbound,W.,Proposal,216.18,2026-07-07,
OPP06876,REP027,PRD15,Referral,E.,Lead,2211.76,01/01/2026,
OPP06877,REP025,PRD14,Outbound,NORTH,Closed Lost,30.19,2026-08-08,08/30/2026
OPP06878,REP003,PRD12,Inbound,east,Closed Lost,753.65,2026-06-27,2026-07-30
OPP06879,REP008,PRD04,Partner,east,Closed Won,33.15,2025-09-08,2026-01-07
OPP06880,REP024,PRD11,Inbound,North,Qualified,1147.11,2025-11-26,
OPP06881,REP001,PRD01,Inbound,West,Qualified,27.21,2026-06-02,
OPP06882,REP017,PRD08,Outbound,West,Lead,2422.94,05/24/2026,
OPP06883,REP011,PRD03,Partner,West,Lead,859.34,2025-12-13,
OPP06884,REP002,PRD08,Referral,CENTRAL,Proposal,4433.36,2026-06-09,
OPP06885,REP002,PRD13,Outbound,CENTRAL,Qualified,161.61,2026-06-18,
OPP06886,REP028,PRD01,Outbound,SOUTH,Qualified,37.65,07/27/2025,
OPP06887,REP026,PRD11,Referral,,Closed Won,-1474.65,21-Apr-2026,2026-05-17
OPP06888,REP017,PRD02,Inbound,west,Closed Won,60.29,10/11/2025,2026-02-06
OPP06889,REP001,PRD13,Web Signup,W.,Lead,199.28,2025-07-11,
OPP06890,REP032,PRD04,Outbound,WEST,Closed Lost,61.87,07/27/2026,2026-08-27
OPP06891,REP025,PRD07,Inbound,north,Lead,188.26,04/05/2026,
OPP06892,REP036,PRD06,Outbound,Central ,Lead,419.43,2026-03-24,
OPP06893,REP005,PRD05,Outbound,Central,Closed Won,531.11,2025-12-26,2026-06-06
OPP06894,REP012,PRD12,Partner,East,Closed Lost,520.31,2026-05-30,04-Aug-2026
OPP06895,REP028,PRD05,Partner,South ,Lead,2520.37,2026-05-13,
OPP06896,REP017,PRD03,Outbound,W.,Qualified,760.62,2026-08-25,
OPP06897,REP010,PRD14,Partner,central,Lead,103.15,2026-02-21,
OPP06898,REP022,PRD02,Partner,CENTRAL,Closed Lost,183.44,2026-03-14,2026-07-05
OPP06899,REP029,PRD11,Referral,west ,Lead,349.43,2025-07-22,
OPP06900,REP009,PRD01,Outbound,East,Qualified,76.19,07/29/2025,
OPP06901,REP023,PRD12,Inbound,west,Closed Won,249.73,10/20/2025,2025-12-18
OPP06902,REP040,PRD11,Outbound,south,Proposal,1912.49,03/17/2026,
OPP06903,REP036,PRD14,Partner,Central,Lead,118.46,2026-05-03,
OPP06904,REP010,PRD13,Referral,central,Lead,331.03,2026-04-26,
OPP06905,REP016,PRD07,Outbound,South,Proposal,113.79,2025-12-09,
OPP06906,REP031,PRD05,Web Signup,EAST,Qualified,772.14,05/03/2026,
OPP06907,REP018,PRD10,Partner,Central ,Qualified,112.57,22-Aug-2025,
OPP06908,REP019,PRD05,Outbound,North,Closed Lost,565.23,23-Aug-2026,2026-08-27
OPP06909,REP017,PRD04,Referral,W.,Qualified,88.97,2025-11-27,
OPP06910,REP004,PRD15,Outbound,CENTRAL,Qualified,1427.95,2026-07-07,
OPP06911,REP039,PRD11,Inbound,north,Lead,1814.0,26-Sep-2025,
OPP06912,REP009,PRD04,Outbound,EAST,Closed Lost,8.89,03/16/2026,07/04/2026
OPP06913,REP037,PRD04,Inbound,east,Lead,91.06,2026-06-19,
OPP06914,REP006,PRD03,Referral,south,Closed Won,339.25,02/25/2026,03/15/2026
OPP06915,REP021,PRD06,Partner,S.,Lead,383.28,14-Nov-2025,
OPP06916,REP031,PRD14,Referral,E.,Closed Lost,56.41,2025-09-23,2026-06-12
OPP06917,REP004,PRD03,Partner,Central ,Lead,346.08,18-Nov-2025,
OPP06918,REP021,PRD05,Referral,S.,Lead,1442.14,2025-07-28,
OPP06919,REP026,PRD04,Inbound,EAST,Lead,103.82,18-Jul-2026,
OPP06920,REP040,PRD09,Outbound,South,Lead,244.37,24-Jul-2025,
OPP06921,REP017,PRD06,Partner,W.,Closed Lost,172.26,2025-11-26,2026-02-11
OPP06922,REP022,PRD14,Inbound,Central,Closed Lost,256.65,08/26/2025,2026-08-14
OPP06923,REP039,PRD15,Inbound,north,Lead,3628.54,2026-04-29,
OPP06924,REP026,PRD11,Inbound,east,Lead,1841.64,2026-02-09,
OPP06925,REP014,PRD09,Partner,South ,Proposal,243.16,12/10/2025,
OPP06926,REP004,PRD07,Outbound,Centrl,Closed Lost,424.67,2026-01-01,2026-04-24
OPP06927,REP020,PRD09,Referral,west ,Proposal,689.23,2026-08-15,
OPP06928,REP026,PRD14,Outbound,E.,Closed Lost,201.85,08/27/2025,2026-02-19
OPP06929,REP014,PRD11,Inbound,SOUTH,Lead,1369.98,2025-08-17,
OPP06930,REP038,PRD11,Referral,Centrl,Qualified,1141.81,2026-04-16,
OPP06931,REP017,PRD07,Inbound,west,Proposal,282.49,08/10/2026,
OPP06932,REP032,PRD15,Outbound,west ,Lead,907.51,12-Jul-2025,
OPP06933,REP034,PRD03,Inbound, North,Closed Lost,215.57,11/14/2025,2026-03-20
OPP06934,REP020,PRD06,Referral,WEST,Qualified,190.1,2026-05-19,
OPP06935,REP038,PRD15,Partner,central,Lead,816.36,2026-05-03,
OPP06936,REP037,PRD03,Inbound,east,Qualified,704.8,2025-11-02,
OPP06937,REP038,PRD15,Inbound,Centrl,Closed Lost,1273.13,09/28/2025,17-Nov-2025
OPP06938,REP002,PRD13,Outbound,CENTRAL,Qualified,460.0,2026-08-24,
OPP06939,REP023,PRD07,Web Signup,WEST,Qualified,119.98,05/24/2026,
OPP06940,REP016,PRD06,Outbound,South,Proposal,637.77,10-Jul-2026,
OPP06941,REP003,PRD03,Outbound,E.,Closed Lost,805.05,2025-08-26,2026-01-24
OPP06942,REP001,PRD10,Outbound,west,Proposal,140.25,12/11/2025,
OPP06943,REP013,PRD14,Outbound,Central ,Proposal,25.25,2025-10-12,
OPP06944,REP006,PRD03,Web Signup,SOUTH,Closed Lost,775.23,2025-12-10,2026-04-09
OPP06945,REP001,PRD06,Outbound,West,Lead,127.86,2026-06-04,
OPP06946,REP025,PRD10,Outbound,,Closed Lost,32.45,2026-07-07,22-Jul-2026
OPP06947,REP014,PRD15,Outbound,south,Lead,934.05,2026-03-02,
OPP06948,REP028,PRD14,Outbound,South,Closed Won,72.7,2025-12-08,2026-06-21
OPP06949,REP019,PRD14,Partner,north,Closed Lost,83.82,06/25/2026,2026-07-21
OPP06950,REP030,PRD12,Outbound,west ,Lead,508.75,12/07/2025,
OPP06951,REP025,PRD11,Inbound,north,Qualified,2623.79,2025-07-09,
OPP06952,REP032,PRD08,Inbound,W.,Lead,2851.23,2025-10-22,
OPP06953,REP024,PRD03,Inbound,north,Lead,677.39,06/15/2026,
OPP06954,REP034,PRD06,Partner,North,Qualified,246.38,22-Aug-2025,
OPP06955,REP023,PRD07,Inbound,,Lead,88.52,2026-05-10,
OPP06956,REP020,PRD12,Web Signup,west ,Closed Lost,108.57,2026-01-11,2026-08-03
OPP06957,REP009,PRD07,Outbound,east,Lead,204.22,2026-03-16,
OPP06958,REP008,PRD01,Partner,E.,Lead,26.82,07/20/2026,
OPP06959,REP010,PRD07,Referral,central,Proposal,55.99,26-Jun-2026,
OPP06960,REP021,PRD10,Web Signup,South,Qualified,15.02,2026-06-28,
OPP06961,REP037,PRD11,Inbound,East,Closed Lost,2654.79,08/03/2025,2025-10-12
OPP06962,REP018,PRD10,Inbound,Centrl,Qualified,70.61,2026-02-12,
OPP06963,REP017,PRD12,Web Signup,west ,Qualified,96.47,2026-06-23,
OPP06964,REP023,PRD03,Web Signup,west,Closed Lost,577.06,2026-03-30,12-Aug-2026
OPP06965,REP016,PRD06,Outbound,SOUTH,Lead,148.28,2026-02-20,
OPP06966,REP023,PRD03,Outbound,West,Closed Lost,530.77,2026-05-03,2026-08-30
OPP06967,REP030,PRD12,Outbound,west,Qualified,292.15,2025-11-17,
OPP06968,REP011,PRD12,Referral,WEST,Qualified,284.08,2026-05-22,
OPP06969,REP003,PRD14,Inbound,EAST,Lead,243.48,2026-01-13,
OPP06970,REP039,PRD15,Referral,North,Proposal,468.5,11/20/2025,
OPP06971,REP005,PRD01,Outbound,central,Closed Won,45.73,2026-06-04,07/18/2026
OPP06972,REP029,PRD09,Outbound,west ,Lead,227.94,2026-04-28,
OPP06973,REP036,PRD09,Outbound,Central ,Proposal,257.91,2025-11-23,
OPP06974,REP018,PRD11,Outbound,Central,Lead,3396.08,09/16/2025,
OPP06975,REP024,PRD13,Web Signup,N.,Lead,248.93,05-May-2026,
OPP06976,REP014,PRD08,Outbound,SOUTH,Closed Won,2534.51,2025-08-06,2026-02-08
OPP06977,REP019,PRD09,Outbound,North,Lead,316.12,11/03/2025,
OPP06978,REP018,PRD06,Referral,Central ,Proposal,1122.43,2026-02-01,
OPP06979,REP039,PRD12,Referral, North,Proposal,117.95,2026-08-25,
OPP06980,REP036,PRD01,Referral,Centrl,Lead,137.4,2026-02-15,
OPP06981,REP005,PRD03,Referral,CENTRAL,Lead,17.23,08/24/2025,
OPP06982,REP028,PRD03,Partner,south,Proposal,388.9,12/19/2025,
OPP06983,REP015,PRD03,Referral,WEST,Proposal,556.64,2026-07-22,
OPP06984,REP036,PRD06,Inbound,CENTRAL,Proposal,8.4,19-May-2026,
OPP06985,REP030,PRD01,Partner,west,Proposal,92.57,2025-10-06,
OPP06986,REP016,PRD02,Web Signup,south,Lead,233.91,16-Apr-2026,
OPP06987,REP024,PRD11,Outbound,N.,Qualified,1131.22,2025-09-01,
OPP06988,REP030,PRD06,Outbound,west,Lead,138.85,09/23/2025,
OPP06989,REP004,PRD12,Outbound,Centrl,Closed Lost,192.15,30-Jul-2026,2026-08-14
OPP06990,REP034,PRD10,Inbound,north,Qualified,45.08,05/18/2026,
OPP06991,REP021,PRD06,Inbound,SOUTH,Closed Won,278.93,2026-06-19,07/05/2026
OPP06992,REP013,PRD07,Referral,Central,Closed Lost,40.01,2026-01-16,06-Apr-2026
OPP06993,REP032,PRD05,Outbound,west ,Proposal,755.41,01-Aug-2026,
OPP06994,REP009,PRD14,Referral,east,Lead,111.05,2025-08-07,
OPP06995,REP026,PRD14,Inbound,E.,Closed Lost,0.0,2026-06-27,2026-06-29
OPP06996,REP016,PRD07,Outbound,South ,Qualified,170.02,2025-08-29,
OPP06997,REP024,PRD15,Partner, North,Qualified,363.01,2026-06-27,
OPP06998,REP004,PRD02,Inbound,central,Qualified,66.48,2026-04-26,
OPP06999,REP030,PRD08,Web Signup,W.,Closed Lost,4640.21,2026-03-27,2026-08-18
OPP07000,REP023,PRD13,Inbound,west,Closed Lost,251.66,2026-05-10,2026-06-16
OPP07001,REP019,PRD11,Inbound, North,Lead,1353.43,08-May-2026,
OPP07002,REP017,PRD02,Partner,west ,Lead,55.69,2025-08-02,
OPP07003,REP034,PRD15,Partner,NORTH,Proposal,1275.95,2025-07-12,
OPP07004,REP036,PRD13,Inbound,Central ,Lead,266.46,2026-01-14,
OPP07005,REP022,PRD02,Web Signup,Centrl,Lead,152.87,2025-10-01,
OPP07006,REP022,PRD04,Inbound,central,Lead,163.79,2025-10-18,
OPP07007,REP016,PRD06,Inbound,south,Lead,224.0,2026-03-15,
OPP07008,REP005,PRD13,Referral,central,Closed Lost,112.57,2026-06-29,2026-08-15
OPP07009,REP019,PRD07,Outbound,N.,Proposal,75.72,2026-06-27,
OPP07010,REP027,PRD02,Referral,east,Lead,25.36,2025-08-26,
OPP07011,REP036,PRD08,Referral,Centrl,Lead,677.16,2025-09-06,
OPP07012,REP018,PRD11,Web Signup,Centrl,Lead,1057.89,2026-01-08,
OPP07013,REP008,PRD09,Outbound,east,Qualified,217.31,2026-06-08,
OPP07014,REP032,PRD03,Partner,West,Proposal,1165.21,2025-10-20,
OPP07015,REP010,PRD13,Inbound,Centrl,Lead,214.93,2026-07-04,
OPP07016,REP019,PRD12,Inbound,north,Proposal,536.97,2026-02-05,
OPP07017,REP035,PRD07,Outbound,East,Lead,159.61,2025-11-06,
OPP07018,REP014,PRD07,Referral,S.,Closed Lost,109.8,2025-11-13,20-Nov-2025
OPP07019,REP018,PRD02,Outbound,Central,Qualified,93.64,2025-09-20,
OPP07020,REP020,PRD01,Inbound,W.,Qualified,99.78,11/18/2025,
OPP07021,REP021,PRD15,Outbound,S.,Qualified,2571.13,17-Feb-2026,
OPP07022,REP038,PRD04,Web Signup,Centrl,Closed Won,8.81,2025-10-08,05/03/2026
OPP07023,REP020,PRD09,Referral,W.,Proposal,126.83,03-May-2026,
OPP07024,REP019,PRD05,Inbound,North,Closed Won,876.35,2025-11-11,12/11/2025
OPP07025,REP022,PRD14,Inbound,central,Proposal,39.88,07/12/2025,
OPP07026,REP005,PRD15,Inbound,central,Lead,193.78,01-Feb-2026,
OPP07027,REP034,PRD14,Referral, North,Qualified,37.52,2025-10-31,
OPP07028,REP008,PRD14,Outbound,E.,Qualified,277.39,2026-06-11,
OPP07029,REP018,PRD02,Outbound,central,Proposal,278.47,04/08/2026,
OPP07030,REP029,PRD06,Web Signup,West,Proposal,210.76,19-Nov-2025,
OPP07031,REP040,PRD06,Inbound,S.,Qualified,310.75,2025-12-19,
OPP07032,REP006,PRD15,Inbound,south,Qualified,4378.83,07/30/2025,
OPP07033,REP015,PRD10,Referral,WEST,Lead,3.48,2026-08-21,
OPP07034,REP032,PRD06,Inbound,west ,Qualified,161.78,12/18/2025,
OPP07035,REP034,PRD10,Referral,North,Lead,87.82,06/12/2026,
OPP07036,REP031,PRD15,Outbound,East,Lead,1383.69,2025-08-10,
OPP07037,REP010,PRD08,Partner,CENTRAL,Lead,3164.86,2026-08-14,
OPP07038,REP016,PRD05,Inbound,South,Closed Lost,3470.14,21-Sep-2025,2026-02-19
OPP07039,REP013,PRD14,Inbound,CENTRAL,Lead,88.08,02/28/2026,
OPP07040,REP015,PRD14,Partner,WEST,Lead,88.67,06/13/2026,
OPP07041,REP038,PRD14,Inbound,central,Proposal,39.88,2025-08-13,
OPP07042,REP020,PRD11,Web Signup,West,Qualified,2143.23,07/07/2025,
OPP07043,REP014,PRD04,Inbound,south,Qualified,25.1,08/10/2025,
OPP07044,REP021,PRD14,Referral,SOUTH,Lead,141.8,2026-04-23,
OPP07045,REP008,PRD02,Inbound,east,Lead,121.35,2025-12-07,
OPP07046,REP024,PRD13,Web Signup, North,Qualified,109.4,2026-01-13,
OPP07047,REP032,PRD05,Web Signup,west ,Proposal,1539.19,2026-04-20,
OPP07048,REP039,PRD04,Web Signup,NORTH,Lead,90.51,01/05/2026,
OPP07049,REP007,PRD11,Inbound,east,Qualified,1530.89,2025-12-06,
OPP07050,REP034,PRD13,Outbound,,Closed Lost,85.07,12-Sep-2025,09/18/2025
OPP07051,REP015,PRD01,Outbound,West,Lead,106.99,2026-05-27,
OPP07052,REP036,PRD14,Referral,central,Qualified,97.38,2025-07-25,
OPP07053,REP026,PRD15,Outbound,EAST,Proposal,446.62,2025-07-15,
OPP07054,REP004,PRD07,Inbound,Central,Closed Won,150.2,2026-03-22,2026-08-28
OPP07055,REP037,PRD14,Referral,,Lead,37.89,11/30/2025,
OPP07056,REP001,PRD06,Inbound,WEST,Lead,825.83,22-Aug-2025,
OPP07057,REP040,PRD13,Partner,south,Proposal,177.82,2025-12-22,
OPP07058,REP015,PRD07,Inbound,West,Proposal,93.72,2025-09-17,
OPP07059,REP006,PRD06,Inbound,SOUTH,Proposal,337.97,11-Nov-2025,
OPP07060,REP009,PRD07,Outbound,East,Lead,110.11,2025-11-10,
OPP07061,REP016,PRD11,Referral,south,Qualified,572.26,2025-08-07,
OPP07062,REP040,PRD06,Outbound,South ,Qualified,297.22,05/22/2026,
OPP07063,REP024,PRD01,Referral,NORTH,Proposal,-93.97,2026-08-06,
OPP07064,REP011,PRD10,Inbound,WEST,Qualified,61.43,2025-09-25,
OPP07065,REP001,PRD09,Inbound,W.,Lead,558.95,2026-03-15,
OPP07066,REP025,PRD05,Web Signup,North,Lead,830.88,2026-03-11,
OPP07067,REP030,PRD04,Inbound,west,Lead,35.57,2025-11-28,
OPP07068,REP005,PRD05,Inbound,Centrl,Proposal,996.25,2025-12-11,
OPP07069,REP003,PRD04,Outbound,east,Qualified,360.86,08/28/2026,
OPP07070,REP026,PRD12,Outbound,EAST,Closed Lost,355.84,2026-05-06,2026-07-28
OPP07071,REP013,PRD04,Outbound,Central ,Lead,74.47,10/05/2025,
OPP07072,REP008,PRD09,Outbound,E.,Qualified,147.88,31-Dec-2025,
OPP07073,REP032,PRD08,Outbound,WEST,Closed Lost,8735.23,12/17/2025,01/27/2026
OPP07074,REP003,PRD04,Web Signup,EAST,Proposal,44.61,04/06/2026,
OPP07075,REP002,PRD03,Inbound,Centrl,Proposal,918.34,2026-03-12,
OPP07076,REP032,PRD04,Inbound,,Lead,52.05,15-Nov-2025,
OPP07077,REP024,PRD01,Web Signup,N.,Lead,55.32,15-Jul-2025,
OPP07078,REP017,PRD06,Inbound,west ,Qualified,169.02,2026-05-12,
OPP07079,REP019,PRD05,Outbound,NORTH,Closed Lost,2149.57,2026-03-06,2026-03-08
OPP07080,REP023,PRD06,Partner,west ,Closed Lost,264.51,2026-05-02,2026-06-12
OPP07081,REP019,PRD03,Inbound,N.,Closed Lost,178.11,25-Jun-2026,2026-07-16
OPP07082,REP035,PRD01,Partner,E.,Closed Lost,57.58,24-Aug-2025,06-May-2026
OPP07083,REP004,PRD05,Outbound,Central ,Lead,273.69,2026-02-05,
OPP07084,REP040,PRD10,Outbound,South ,Closed Won,55.94,2026-04-16,2026-04-24
OPP07085,REP021,PRD01,Inbound,SOUTH,Lead,113.43,08/25/2025,
OPP07086,REP020,PRD01,Inbound,W.,Lead,76.62,20-Dec-2025,
OPP07087,REP017,PRD03,Outbound,West,Qualified,217.04,19-May-2026,
OPP07088,REP016,PRD04,Outbound,South ,Proposal,55.91,02/23/2026,
OPP07089,REP018,PRD10,Outbound,Central,Qualified,102.21,2026-07-27,
OPP07090,REP016,PRD04,Outbound,South ,Lead,98.48,2025-09-21,
OPP07091,REP011,PRD11,Referral,west ,Qualified,1737.59,2026-08-24,
OPP07092,REP029,PRD10,Inbound,West,Qualified,11.45,11/14/2025,
OPP07093,REP040,PRD11,Partner,SOUTH,Lead,1372.61,2026-01-15,
OPP07094,REP033,PRD09,Partner,west,Lead,331.91,2025-09-15,
OPP07095,REP003,PRD13,Outbound,E.,Closed Lost,35.91,12-Mar-2026,2026-07-12
OPP07096,REP017,PRD04,Inbound,WEST,Lead,42.64,2026-05-01,
OPP07097,REP026,PRD13,Inbound,EAST,Lead,164.46,2025-10-15,
OPP07098,REP021,PRD05,Inbound,,Lead,378.61,2026-03-18,
OPP07099,REP007,PRD04,Outbound,East,Proposal,16.05,2025-11-17,
OPP07100,REP007,PRD09,Inbound,E.,Lead,251.53,2026-03-07,
OPP07101,REP005,PRD09,Outbound,Central ,Proposal,204.31,2026-07-13,
OPP07102,REP005,PRD01,Inbound,Centrl,Lead,32.96,25-Aug-2025,
OPP07103,REP040,PRD14,Outbound,S.,Lead,97.47,2026-03-21,
OPP07104,REP025,PRD01,Outbound,North,Closed Won,16.14,07/17/2025,06/30/2026
OPP07105,REP021,PRD06,Inbound,S.,Proposal,26.44,04/26/2026,
OPP07106,REP018,PRD15,Outbound,CENTRAL,Closed Won,947.56,2026-08-04,08/15/2026
OPP07107,REP028,PRD14,Partner,south,Qualified,131.24,30-Jul-2026,
OPP07108,REP039,PRD09,Inbound,NORTH,Qualified,160.3,2025-07-14,
OPP07109,REP034,PRD12,Outbound, North,Closed Won,247.91,2025-12-31,2026-01-08
OPP07110,REP013,PRD03,Referral,central,Lead,222.4,10/08/2025,
OPP07111,REP027,PRD10,Inbound,east,Closed Lost,-118.15,02/28/2026,2026-04-14
OPP07112,REP004,PRD10,Inbound,Central,Qualified,16.63,2026-06-01,
OPP07113,REP025,PRD15,Referral,N.,Proposal,23.63,01/09/2026,
OPP07114,REP012,PRD14,Inbound,East,Closed Won,100.4,2025-09-03,26-Sep-2025
OPP07115,REP031,PRD05,Inbound,E.,Lead,390.87,2025-10-18,
OPP07116,REP011,PRD06,Outbound,W.,Lead,177.22,20-Apr-2026,
OPP07117,REP026,PRD04,Web Signup,east,Proposal,83.33,2026-07-26,
OPP07118,REP039,PRD13,Referral, North,Qualified,119.38,2026-02-19,
OPP07119,REP020,PRD02,Inbound,W.,Qualified,243.56,2025-12-07,
OPP07120,REP006,PRD07,Outbound,south,Closed Won,448.6,10/29/2025,2026-03-23
OPP07121,REP020,PRD07,Partner,west,Lead,23.7,2025-12-09,
OPP07122,REP020,PRD11,Inbound,W.,Lead,1722.94,2025-08-02,
OPP07123,REP002,PRD15,Inbound,Centrl,Lead,334.37,04-Jan-2026,
OPP07124,REP032,PRD07,Outbound,west,Closed Won,82.32,2026-06-13,2026-08-23
OPP07125,REP018,PRD08,Outbound,CENTRAL,Qualified,1534.41,2026-03-16,
OPP07126,REP011,PRD01,Inbound,WEST,Lead,106.94,2025-10-16,
OPP07127,REP028,PRD10,Outbound,south,Lead,37.5,2026-02-05,
OPP07128,REP034,PRD11,Outbound,N.,Qualified,1648.46,2026-03-07,
OPP07129,REP008,PRD12,Inbound,East,Lead,80.7,2025-08-03,
OPP07130,REP002,PRD11,Partner,Central,Proposal,758.71,08/12/2026,
OPP07131,REP020,PRD12,Outbound,west,Closed Won,188.34,05/22/2026,17-Jul-2026
OPP07132,REP025,PRD02,Outbound, North,Proposal,203.87,07/22/2025,
OPP07133,REP004,PRD14,Outbound,Central ,Proposal,246.73,2025-12-28,
OPP07134,REP021,PRD13,Web Signup,S.,Lead,330.26,03/18/2026,
OPP07135,REP022,PRD05,Partner,Central ,Qualified,1635.71,2026-03-27,
OPP07136,REP005,PRD07,Inbound,Central,Proposal,173.02,2026-01-08,
OPP07137,REP010,PRD03,Inbound,CENTRAL,Qualified,652.3,10-Dec-2025,
OPP07138,REP037,PRD06,Partner,EAST,Lead,181.22,2026-08-26,
OPP07139,REP003,PRD14,Outbound,EAST,Closed Lost,39.33,2025-08-15,08/02/2026
OPP07140,REP033,PRD03,Outbound,west ,Closed Lost,304.45,2026-01-12,04/08/2026
OPP07141,REP033,PRD08,Referral,west,Closed Won,2707.14,26-Apr-2026,2026-08-05
OPP07142,REP028,PRD01,Inbound,SOUTH,Lead,13.09,03/10/2026,
OPP07143,REP025,PRD11,Referral, North,Closed Won,1944.51,23-Nov-2025,2026-05-13
OPP07144,REP026,PRD13,Outbound,E.,Lead,883.62,08-Jul-2025,
OPP07145,REP011,PRD04,Referral,west,Qualified,288.47,2025-08-23,
OPP07146,REP019,PRD08,Outbound,NORTH,Closed Won,2732.1,2026-07-20,2026-07-23
OPP07147,REP005,PRD13,Outbound,central,Closed Won,160.64,2025-11-30,20-Dec-2025
OPP07148,REP003,PRD03,Inbound,E.,Qualified,190.76,2025-10-21,
OPP07149,REP012,PRD09,Referral,EAST,Qualified,610.43,2025-12-09,
OPP07150,REP025,PRD14,Outbound,NORTH,Lead,61.73,09-Oct-2025,
OPP07151,REP033,PRD08,Partner,West,Closed Lost,1082.27,13-Sep-2025,2025-11-19
OPP07152,REP040,PRD04,Web Signup,S.,Lead,58.96,2025-12-09,
OPP07153,REP039,PRD06,Web Signup, North,Proposal,442.36,01/03/2026,
OPP07154,REP014,PRD12,Outbound,SOUTH,Closed Won,464.51,2026-08-02,08/05/2026
OPP07155,REP015,PRD14,Web Signup,West,Qualified,71.36,05/31/2026,
OPP07156,REP040,PRD15,Partner,South ,Lead,1520.74,2026-07-01,
OPP07157,REP033,PRD08,Outbound,,Lead,354.33,2026-03-02,
OPP07158,REP005,PRD10,Inbound,,Qualified,63.8,08-Nov-2025,
OPP07159,REP004,PRD13,Outbound,CENTRAL,Qualified,115.27,2025-12-04,
OPP07160,REP026,PRD12,Inbound,,Closed Won,48.76,10-Jan-2026,2026-06-23
OPP07161,REP030,PRD05,Referral,WEST,Closed Lost,2295.34,2025-11-18,11-Jul-2026
OPP07162,REP034,PRD10,Partner,N.,Qualified,29.09,01/13/2026,
OPP07163,REP040,PRD06,Inbound,South,Qualified,233.93,02/24/2026,
OPP07164,REP002,PRD09,Inbound,Central ,Qualified,657.69,2026-02-10,
OPP07165,REP007,PRD01,Inbound,east,Closed Lost,40.06,17-Jun-2026,17-Aug-2026
OPP07166,REP027,PRD14,Partner,EAST,Qualified,110.32,2025-12-07,
OPP07167,REP013,PRD09,Outbound,CENTRAL,Lead,445.97,2026-01-31,
OPP07168,REP027,PRD03,Inbound,E.,Qualified,238.31,07/12/2026,
OPP07169,REP013,PRD09,Inbound,CENTRAL,Closed Won,186.53,2025-09-04,01/21/2026
OPP07170,REP035,PRD07,Inbound,East,Closed Won,47.65,09-May-2026,2026-07-21
OPP07171,REP018,PRD13,Inbound,Centrl,Lead,228.06,2025-11-11,
OPP07172,REP013,PRD02,Partner,Central,Closed Won,129.37,07/04/2026,2026-08-15
OPP07173,REP035,PRD07,Outbound,East,Qualified,283.39,2026-05-28,
OPP07174,REP029,PRD12,Referral,West,Qualified,87.19,2026-07-31,
OPP07175,REP034,PRD09,Outbound,NORTH,Qualified,212.93,06/05/2026,
OPP07176,REP017,PRD04,Inbound,west,Qualified,139.32,02-Nov-2025,
OPP07177,REP004,PRD01,Inbound,central,Closed Won,10.45,07/13/2026,07/14/2026
OPP07178,REP039,PRD07,Referral, North,Lead,165.14,26-Apr-2026,
OPP07179,REP017,PRD07,Partner,West,Closed Lost,77.62,31-May-2026,08/21/2026
OPP07180,REP023,PRD09,Outbound,WEST,Proposal,118.55,2025-09-06,
OPP07181,REP029,PRD10,Web Signup,West,Lead,72.7,02/22/2026,
OPP07182,REP034,PRD05,Inbound,North,Proposal,402.67,2026-08-25,
OPP07183,REP034,PRD10,Referral,north,Lead,5.4,10/30/2025,
OPP07184,REP022,PRD01,Web Signup,Central ,Lead,89.71,2025-11-17,
OPP07185,REP022,PRD02,Outbound,Centrl,Closed Lost,241.92,01/19/2026,2026-06-15
OPP07186,REP014,PRD05,Outbound,S.,Proposal,329.2,2026-06-29,
OPP07187,REP022,PRD14,Outbound,Central,Closed Won,88.1,02/26/2026,2026-05-25
OPP07188,REP024,PRD11,Inbound, North,Closed Lost,1205.71,02/08/2026,07/03/2026
OPP07189,REP036,PRD09,Outbound,Centrl,Closed Won,485.43,07/12/2026,07/18/2026
OPP07190,REP010,PRD14,Partner,central,Closed Lost,100.43,19-Mar-2026,2026-04-14
OPP07191,REP018,PRD14,Outbound,Central,Closed Lost,114.87,2026-07-03,2026-07-22
OPP07192,REP013,PRD10,Inbound,Centrl,Closed Won,25.92,11/01/2025,2026-01-13
OPP07193,REP012,PRD12,Outbound,east,Lead,113.45,2025-07-07,
OPP07194,REP024,PRD02,Inbound,north,Closed Lost,102.37,07/13/2025,2026-08-05
OPP07195,REP029,PRD13,Outbound,West,Qualified,60.19,04/20/2026,
OPP07196,REP034,PRD10,Inbound,N.,Qualified,52.06,20-Jul-2026,
OPP07197,REP024,PRD06,Referral,N.,Closed Won,342.8,14-May-2026,2026-08-02
OPP07198,REP032,PRD09,Inbound,West,Lead,1181.72,2026-05-06,
OPP07199,REP017,PRD03,Inbound,west ,Lead,568.9,2026-04-19,
OPP07200,REP023,PRD07,Inbound,West,Qualified,67.64,04/28/2026,
OPP07201,REP025,PRD13,Outbound, North,Closed Lost,263.91,07/19/2026,08/02/2026
OPP07202,REP037,PRD11,Web Signup,east,Closed Lost,2812.86,2025-08-28,2026-02-02
OPP07203,REP026,PRD11,Outbound,east,Qualified,4870.37,2025-08-03,
OPP07204,REP027,PRD09,Web Signup,E.,Qualified,114.83,2025-10-08,
OPP07205,REP010,PRD10,Partner,Central,Proposal,68.55,04/28/2026,
OPP07206,REP026,PRD13,Outbound,East,Closed Won,60.72,07-Nov-2025,2026-01-21
OPP07207,REP006,PRD11,Inbound,S.,Lead,653.11,2026-06-07,
OPP07208,REP037,PRD13,Outbound,E.,Closed Won,58.28,2026-01-18,2026-06-02
OPP07209,REP019,PRD06,Outbound,,Proposal,146.6,08/03/2026,
OPP07210,REP018,PRD05,Web Signup,Central ,Lead,4166.84,07/18/2026,
OPP07211,REP002,PRD06,Outbound,CENTRAL,Qualified,282.06,2026-04-15,
OPP07212,REP020,PRD12,Referral,west,Closed Lost,328.39,08/17/2025,2026-04-26
OPP07213,REP027,PRD15,Referral,east,Lead,3089.84,29-Apr-2026,
OPP07214,REP031,PRD01,Inbound,E.,Qualified,58.19,05/29/2026,
OPP07215,REP017,PRD08,Outbound,W.,Lead,2320.78,01/11/2026,
OPP07216,REP005,PRD04,Partner,Central,Proposal,17.43,2026-01-08,
OPP07217,REP027,PRD07,Web Signup,E.,Closed Won,9.43,07/10/2026,2026-07-13
OPP07218,REP039,PRD06,Web Signup,NORTH,Proposal,656.64,04/10/2026,
OPP07219,REP001,PRD11,Partner,West,Closed Won,1214.44,2025-07-25,2025-11-16
OPP07220,REP010,PRD06,Inbound,CENTRAL,Proposal,77.91,22-Jan-2026,
OPP07221,REP023,PRD03,Referral,W.,Lead,174.61,2026-06-22,
OPP07222,REP003,PRD09,Partner,E.,Lead,242.24,26-Oct-2025,
OPP07223,REP010,PRD06,Referral,Central ,Closed Won,104.59,17-Jan-2026,04/23/2026
OPP07224,REP011,PRD15,Partner,west,Lead,1810.97,11/06/2025,
OPP07225,REP024,PRD11,Inbound,North,Closed Won,1222.64,2025-07-13,2025-10-11
OPP07226,REP026,PRD13,Referral,E.,Closed Lost,283.04,2025-09-13,2026-05-21
OPP07227,REP006,PRD09,Inbound,SOUTH,Lead,585.78,2026-04-28,
OPP07228,REP036,PRD14,Partner,Central ,Lead,137.83,05/08/2026,
OPP07229,REP032,PRD07,Outbound,West,Qualified,113.3,09/04/2025,
OPP07230,REP017,PRD02,Web Signup,WEST,Proposal,123.1,2026-08-10,
OPP07231,REP027,PRD01,Referral,east,Lead,62.41,2025-11-27,
OPP07232,REP025,PRD11,Outbound, North,Lead,865.34,28-May-2026,
OPP07233,REP030,PRD06,Outbound,WEST,Closed Lost,158.36,11/09/2025,2026-04-23
OPP07234,REP006,PRD10,Referral,South,Lead,60.61,2026-01-16,
OPP07235,REP006,PRD06,Outbound,south,Proposal,948.22,23-Feb-2026,
OPP07236,REP039,PRD12,Web Signup,north,Qualified,168.95,27-Jul-2026,
OPP07237,REP040,PRD01,Web Signup,S.,Closed Lost,109.14,2026-08-22,2026-08-29
OPP07238,REP037,PRD01,Outbound,EAST,Lead,6.92,2026-04-27,
OPP07239,REP035,PRD01,Inbound,East,Lead,124.71,2026-02-28,
OPP07240,REP040,PRD05,Referral,South,Qualified,1563.0,2026-05-19,
OPP07241,REP011,PRD08,Outbound,west,Closed Won,5150.91,11-Sep-2025,2025-10-23
OPP07242,REP003,PRD12,Partner,East,Closed Lost,299.39,2026-03-28,2026-09-02
OPP07243,REP024,PRD05,Partner, North,Qualified,1162.89,10/22/2025,
OPP07244,REP031,PRD03,Web Signup,East,Qualified,376.16,2026-01-28,
OPP07245,REP009,PRD04,Partner,EAST,Closed Won,33.93,2025-12-13,2026-05-16
OPP07246,REP036,PRD10,Partner,central,Closed Lost,38.31,2026-02-28,03/01/2026
OPP07247,REP014,PRD14,Outbound,SOUTH,Closed Won,74.12,11/11/2025,20-May-2026
OPP07248,REP020,PRD05,Web Signup,W.,Closed Won,166.2,2025-07-05,2025-09-18
OPP07249,REP021,PRD12,Web Signup,South,Qualified,35.21,08/27/2025,
OPP07250,REP001,PRD08,Inbound,WEST,Proposal,3280.91,05/24/2026,
OPP07251,REP018,PRD12,Inbound,Central,Qualified,233.56,2026-08-15,
OPP07252,REP013,PRD13,Outbound,Central ,Lead,176.81,2026-05-23,
OPP07253,REP029,PRD01,Inbound,west ,Proposal,27.62,2026-02-12,
OPP07254,REP033,PRD14,Outbound,WEST,Closed Lost,131.07,2026-06-03,2026-06-19
OPP07255,REP040,PRD05,Inbound,South ,Closed Lost,729.64,11/18/2025,2026-04-12
OPP07256,REP006,PRD10,Inbound,,Closed Won,56.76,11/25/2025,2026-08-25
OPP07257,REP036,PRD07,Partner,Central,Proposal,195.94,2025-10-16,
OPP07258,REP013,PRD14,Inbound,Centrl,Lead,164.34,04-Dec-2025,
OPP07259,REP010,PRD06,Inbound,Central,Closed Lost,63.12,16-Jul-2026,08/02/2026
OPP07260,REP011,PRD13,Outbound,WEST,Closed Lost,432.83,07/29/2026,03-Aug-2026
OPP07261,REP040,PRD15,Inbound,south,Lead,2489.27,06/19/2026,
OPP07262,REP027,PRD10,Inbound,east,Proposal,40.01,12/16/2025,
OPP07263,REP036,PRD03,Outbound,Centrl,Proposal,413.22,2025-11-25,
OPP07264,REP033,PRD07,Partner,west ,Lead,65.02,2025-12-07,
OPP07265,REP001,PRD09,Inbound,west ,Qualified,95.9,18-Aug-2025,
OPP07266,REP039,PRD08,Partner,NORTH,Closed Won,4729.75,2025-11-22,2026-02-04
OPP07267,REP034,PRD02,Outbound,,Lead,96.02,01/21/2026,
OPP07268,REP024,PRD07,Outbound,North,Lead,292.33,2026-05-17,
OPP07269,REP021,PRD15,Referral,SOUTH,Closed Won,3754.38,2026-06-11,2026-08-10
OPP07270,REP038,PRD09,Outbound,CENTRAL,Qualified,392.08,2025-09-26,
OPP07271,REP028,PRD13,Referral,South ,Lead,65.89,10-Nov-2025,
OPP07272,REP005,PRD03,Outbound,CENTRAL,Lead,239.43,2025-09-03,
OPP07273,REP021,PRD13,Inbound,S.,Lead,150.44,2026-02-16,
OPP07274,REP039,PRD01,Inbound,north,Qualified,27.82,2025-09-08,
OPP07275,REP040,PRD02,Outbound,South ,Qualified,89.33,2026-04-23,
OPP07276,REP028,PRD10,Outbound,S.,Lead,102.88,2025-10-08,
OPP07277,REP013,PRD03,Partner,central,Proposal,584.36,02/03/2026,
OPP07278,REP013,PRD15,Referral,Central ,Proposal,302.88,22-Aug-2025,
OPP07279,REP026,PRD03,Inbound,east,Proposal,715.12,2026-03-26,
OPP07280,REP021,PRD10,Referral,south,Qualified,36.8,2025-07-27,
OPP07281,REP015,PRD10,Inbound,W.,Closed Won,18.08,2026-01-02,2026-07-06
OPP07282,REP014,PRD13,Inbound,south,Proposal,158.41,2026-07-15,
OPP07283,REP026,PRD10,Partner,EAST,Proposal,93.94,09/20/2025,
OPP07284,REP037,PRD06,Referral,E.,Closed Lost,104.42,2025-07-11,08/27/2025
OPP07285,REP009,PRD07,Inbound,EAST,Closed Lost,188.72,2026-01-26,01/28/2026
OPP07286,REP036,PRD01,Outbound,,Lead,84.67,05-Aug-2025,
OPP07287,REP021,PRD05,Outbound,South ,Closed Lost,481.26,2025-09-17,07-Dec-2025
OPP07288,REP032,PRD12,Outbound,W.,Lead,100.42,2026-08-13,
OPP07289,REP022,PRD07,Inbound,central,Lead,23.82,07/09/2025,
OPP07290,REP016,PRD09,Outbound,south,Proposal,187.01,21-Apr-2026,
OPP07291,REP023,PRD14,Inbound,west ,Closed Won,24.67,2026-08-11,2026-08-29
OPP07292,REP033,PRD14,Referral,west,Lead,19.91,01/26/2026,
OPP07293,REP010,PRD02,Inbound,Central ,Lead,66.65,2026-07-16,
OPP07294,REP037,PRD05,Outbound,E.,Qualified,1040.46,2026-07-06,
OPP07295,REP036,PRD05,Inbound,CENTRAL,Closed Won,1197.54,2026-03-22,17-Jul-2026
OPP07296,REP013,PRD15,Outbound,Central,Closed Lost,899.66,2026-06-02,2026-07-04
OPP07297,REP024,PRD14,Outbound, North,Lead,89.74,2026-04-17,
OPP07298,REP020,PRD11,Outbound,W.,Qualified,1367.29,2026-03-27,
OPP07299,REP017,PRD09,Referral,,Lead,75.46,2026-03-05,
OPP07300,REP015,PRD11,Inbound,west ,Proposal,3583.43,2026-01-06,
OPP07301,REP026,PRD08,Outbound,E.,Qualified,822.74,2026-04-10,
OPP07302,REP035,PRD10,Inbound,EAST,Closed Lost,53.98,2026-05-09,07/21/2026
OPP07303,REP004,PRD10,Inbound,CENTRAL,Lead,40.02,2025-08-17,
OPP07304,REP026,PRD09,Referral,EAST,Qualified,627.66,06-Apr-2026,
OPP07305,REP039,PRD11,Partner,N.,Qualified,453.82,2026-03-17,
OPP07306,REP018,PRD02,Outbound,CENTRAL,Closed Lost,58.81,2025-09-19,2025-09-20
OPP07307,REP026,PRD01,Inbound,East,Closed Won,53.32,2026-06-23,2026-08-29
OPP07308,REP014,PRD08,Outbound,South,Closed Won,2639.42,05/12/2026,07-Jun-2026
OPP07309,REP002,PRD11,Inbound,Central ,Lead,1447.63,2025-07-23,
OPP07310,REP012,PRD15,Outbound,east,Lead,1730.04,2025-10-07,
OPP07311,REP007,PRD13,Partner,East,Lead,63.84,20-Aug-2026,
OPP07312,REP008,PRD13,Referral,East,Closed Lost,44.9,2026-02-06,2026-05-13
OPP07313,REP011,PRD09,Partner,west ,Proposal,638.89,2026-04-16,
OPP07314,REP038,PRD03,Referral,Centrl,Proposal,479.56,2026-06-20,
OPP07315,REP004,PRD15,Outbound,central,Lead,771.28,2026-07-08,
OPP07316,REP029,PRD05,Inbound,W.,Proposal,2652.57,2026-08-07,
OPP07317,REP014,PRD14,Partner,SOUTH,Proposal,58.93,05/20/2026,
OPP07318,REP037,PRD08,Inbound,East,Closed Lost,3899.41,2025-11-26,27-Nov-2025
OPP07319,REP002,PRD14,Outbound,Central ,Proposal,23.22,2026-03-11,
OPP07320,REP020,PRD10,Referral,WEST,Lead,-33.25,07/16/2025,
OPP07321,REP016,PRD08,Partner,S.,Closed Lost,1174.92,09-Apr-2026,2026-04-17
OPP07322,REP027,PRD09,Inbound,E.,Lead,312.79,2026-03-13,
OPP07323,REP007,PRD06,Inbound,E.,Lead,324.29,06/14/2026,
OPP07324,REP014,PRD07,Outbound,S.,Lead,92.23,2026-01-01,
OPP07325,REP037,PRD08,Inbound,,Qualified,1728.08,15-Jul-2026,
OPP07326,REP027,PRD05,Outbound,EAST,Qualified,110.35,05/10/2026,
OPP07327,REP027,PRD11,Inbound,East,Qualified,1565.33,09/05/2025,
OPP07328,REP029,PRD07,Inbound,west,Closed Won,149.05,03/31/2026,2026-06-22
OPP07329,REP007,PRD01,Partner,EAST,Lead,40.89,2026-07-08,
OPP07330,REP001,PRD11,Referral,WEST,Qualified,2926.11,2025-09-20,
OPP07331,REP039,PRD08,Inbound, North,Qualified,631.75,2026-04-28,
OPP07332,REP006,PRD07,Inbound,south,Proposal,164.12,2026-02-17,
OPP07333,REP008,PRD10,Inbound,E.,Lead,148.9,12/02/2025,
OPP07334,REP017,PRD08,Outbound,W.,Closed Won,831.78,2025-10-23,2026-05-12
OPP07335,REP002,PRD12,Outbound,,Qualified,269.01,2026-07-30,
OPP07336,REP020,PRD12,Outbound,W.,Qualified,273.22,2025-07-28,
OPP07337,REP030,PRD08,Inbound,,Closed Won,1038.09,2025-10-11,04/22/2026
OPP07338,REP010,PRD01,Inbound,Central,Proposal,84.37,2025-09-09,
OPP07339,REP010,PRD14,Partner,Central ,Qualified,74.03,2026-02-23,
OPP07340,REP002,PRD14,Outbound,Central,Lead,16.32,07/01/2026,
OPP07341,REP005,PRD06,Inbound,CENTRAL,Closed Won,74.73,2025-11-11,2026-05-03
OPP07342,REP035,PRD15,Web Signup,east,Qualified,176.56,2025-10-01,
OPP07343,REP025,PRD04,Outbound,N.,Qualified,327.59,07/13/2026,
OPP07344,REP023,PRD02,Referral,west ,Lead,31.59,2026-08-27,
OPP07345,REP002,PRD01,Outbound,central,Closed Won,36.94,07-Jan-2026,2026-04-11
OPP07346,REP038,PRD11,Referral,Centrl,Closed Lost,477.42,2025-12-15,2026-02-19
OPP07347,REP029,PRD14,Inbound,W.,Proposal,183.03,2025-09-11,
OPP07348,REP019,PRD13,Outbound,N.,Closed Lost,280.35,09/23/2025,03/10/2026
OPP07349,REP018,PRD02,Referral,Central,Closed Won,231.96,2025-07-26,11/27/2025
OPP07350,REP025,PRD07,Partner,north,Qualified,43.69,2026-03-14,
OPP07351,REP025,PRD07,Inbound, North,Proposal,161.33,04/27/2026,
OPP07352,REP031,PRD11,Web Signup,,Qualified,1062.92,2026-02-06,
OPP07353,REP012,PRD08,Inbound,east,Lead,1436.35,2025-12-22,
OPP07354,REP014,PRD15,Outbound,south,Closed Lost,2500.46,2026-01-20,2026-07-23
OPP07355,REP022,PRD03,Web Signup,Central,Lead,1149.19,2025-10-07,
OPP07356,REP023,PRD12,Referral,WEST,Qualified,267.8,2025-10-17,
OPP07357,REP009,PRD15,Partner,East,Proposal,733.93,2026-08-23,
OPP07358,REP018,PRD04,Outbound,CENTRAL,Closed Lost,93.74,07/21/2026,25-Jul-2026
OPP07359,REP012,PRD03,Referral,,Lead,113.51,2026-03-19,
OPP07360,REP029,PRD07,Outbound,WEST,Closed Lost,49.84,2025-12-24,2026-08-04
OPP07361,REP027,PRD11,Web Signup,E.,Lead,646.66,2025-08-23,
OPP07362,REP007,PRD05,Referral,E.,Closed Lost,230.28,2026-03-27,06/08/2026
OPP07363,REP005,PRD14,Inbound,Central ,Lead,23.83,26-Apr-2026,
OPP07364,REP039,PRD04,Partner,north,Lead,42.71,2026-06-08,
OPP07365,REP027,PRD03,Outbound,EAST,Qualified,123.87,2026-01-01,
OPP07366,REP034,PRD05,Partner,North,Lead,1097.63,2025-12-24,
OPP07367,REP029,PRD04,Referral,WEST,Lead,125.15,21-Jan-2026,
OPP07368,REP006,PRD14,Referral,South ,Qualified,9.06,10/01/2025,
OPP07369,REP022,PRD13,Referral,Central ,Lead,92.28,2026-02-15,
OPP07370,REP021,PRD12,Outbound,South ,Qualified,590.87,10-Sep-2025,
OPP07371,REP008,PRD13,Inbound,E.,Qualified,138.44,2025-09-28,
OPP07372,REP025,PRD08,Outbound, North,Closed Won,3636.72,2025-09-11,01/21/2026
OPP07373,REP036,PRD02,Outbound,central,Lead,562.17,2025-11-27,
OPP07374,REP020,PRD14,Referral,West,Lead,35.84,02-Oct-2025,
OPP07375,REP019,PRD10,Referral,North,Qualified,30.99,2026-04-15,
OPP07376,REP017,PRD11,Inbound,W.,Closed Lost,986.2,10/10/2025,02/08/2026
OPP07377,REP028,PRD13,Outbound,SOUTH,Qualified,28.86,2026-04-25,
OPP07378,REP014,PRD01,Partner,S.,Lead,126.9,2025-07-05,
OPP07379,REP014,PRD14,Referral,south,Proposal,49.08,2026-03-02,
OPP07380,REP022,PRD14,Inbound,central,Lead,65.71,08/21/2025,
OPP07381,REP010,PRD09,Inbound,Central ,Qualified,543.38,24-Aug-2026,
OPP07382,REP031,PRD09,Outbound,E.,Lead,570.85,2025-11-28,
OPP07383,REP001,PRD12,Inbound,WEST,Closed Lost,242.29,05/01/2026,2026-07-22
OPP07384,REP021,PRD07,Referral,South,Qualified,55.86,2026-03-09,
OPP07385,REP001,PRD10,Outbound,W.,Closed Lost,47.16,2026-04-13,08/22/2026
OPP07386,REP040,PRD06,Inbound,SOUTH,Proposal,725.27,2025-10-10,
OPP07387,REP037,PRD11,Referral,east,Qualified,2193.26,2026-08-11,
OPP07388,REP011,PRD04,Outbound,WEST,Lead,9.46,2025-12-23,
OPP07389,REP025,PRD15,Inbound,North,Proposal,740.97,09/24/2025,
OPP07390,REP025,PRD03,Inbound,NORTH,Closed Lost,1414.65,2026-05-07,2026-05-08
OPP07391,REP017,PRD06,Inbound,west ,Qualified,500.99,08/26/2026,
OPP07392,REP036,PRD03,Outbound,central,Closed Won,362.11,2026-06-26,2026-07-26
OPP07393,REP020,PRD11,Partner,W.,Lead,4265.9,2025-10-24,
OPP07394,REP028,PRD02,Outbound,SOUTH,Closed Won,390.27,2026-02-19,2026-05-15
OPP07395,REP019,PRD15,Inbound,north,Lead,654.58,2026-07-27,
OPP07396,REP035,PRD11,Partner,E.,Qualified,287.41,06/23/2026,
OPP07397,REP023,PRD08,Outbound,West,Proposal,891.16,26-Oct-2025,
OPP07398,REP026,PRD04,Referral,,Proposal,32.57,02/09/2026,
OPP07399,REP024,PRD06,Outbound,NORTH,Lead,20.66,10/25/2025,
OPP07400,REP001,PRD10,Web Signup,west ,Proposal,8.0,2025-07-30,
OPP07401,REP034,PRD11,Inbound, North,Proposal,1020.48,09-Mar-2026,
OPP07402,REP006,PRD14,Outbound,south,Lead,141.09,2026-02-28,
OPP07403,REP038,PRD07,Partner,Central ,Proposal,62.78,2026-07-29,
OPP07404,REP032,PRD13,Inbound,west,Proposal,171.79,2025-10-07,
OPP07405,REP025,PRD03,Inbound,N.,Qualified,779.88,2026-02-01,
OPP07406,REP003,PRD15,Referral,E.,Closed Won,779.47,10-Jul-2026,2026-07-30
OPP07407,REP010,PRD08,Inbound,CENTRAL,Qualified,3948.1,07/23/2026,
OPP07408,REP015,PRD12,Web Signup,WEST,Proposal,134.12,2026-02-15,
OPP07409,REP006,PRD02,Web Signup,South ,Lead,50.84,2026-04-22,
OPP07410,REP030,PRD08,Outbound,W.,Lead,5340.75,2025-08-18,
OPP07411,REP025,PRD10,Web Signup,N.,Proposal,58.4,2026-03-19,
OPP07412,REP015,PRD03,Outbound,WEST,Closed Won,162.56,2025-10-30,08/04/2026
OPP07413,REP013,PRD12,Inbound,central,Lead,611.97,2025-12-14,
OPP07414,REP030,PRD12,Partner,west,Lead,155.8,25-Dec-2025,
OPP07415,REP002,PRD13,Inbound,CENTRAL,Qualified,205.44,2025-08-13,
OPP07416,REP032,PRD06,Outbound,west,Closed Lost,240.81,2025-11-20,2026-05-28
OPP07417,REP035,PRD01,Referral,East,Qualified,100.42,2026-05-04,
OPP07418,REP031,PRD12,Inbound,,Lead,546.77,2026-02-21,
OPP07419,REP016,PRD08,Referral,South ,Qualified,821.27,2025-11-04,
OPP07420,REP007,PRD11,Inbound,EAST,Qualified,3017.27,20-Jul-2025,
OPP07421,REP021,PRD15,Inbound,south,Qualified,655.27,2026-05-04,
OPP07422,REP038,PRD05,Partner,CENTRAL,Lead,586.84,03/23/2026,
OPP07423,REP029,PRD15,Referral,W.,Proposal,309.86,05/28/2026,
OPP07424,REP016,PRD07,Inbound,S.,Qualified,93.18,2026-07-06,
OPP07425,REP040,PRD06,Web Signup,south,Proposal,242.15,03/31/2026,
OPP07426,REP018,PRD08,Partner,Central ,Lead,2090.03,2026-05-03,
OPP07427,REP037,PRD03,Outbound,east,Qualified,91.83,03-May-2026,
OPP07428,REP018,PRD15,Inbound,central,Closed Lost,1326.41,2025-08-28,20-Mar-2026
OPP07429,REP026,PRD07,Outbound,East,Qualified,31.67,2026-02-08,
OPP07430,REP035,PRD13,Partner,East,Lead,183.11,2026-02-08,
OPP07431,REP016,PRD03,Referral,South ,Qualified,346.58,02-Dec-2025,
OPP07432,REP024,PRD04,Referral,N.,Lead,109.58,2026-05-05,
OPP07433,REP031,PRD01,Referral,east,Qualified,43.98,2025-09-17,
OPP07434,REP013,PRD09,Outbound,central,Closed Lost,179.54,2025-10-13,2026-02-15
OPP07435,REP035,PRD12,Inbound,E.,Proposal,151.62,2025-08-15,
OPP07436,REP001,PRD01,Outbound,,Qualified,69.42,02/25/2026,
OPP07437,REP036,PRD06,Inbound,,Closed Won,102.68,2026-06-24,08/26/2026
OPP07438,REP026,PRD12,Inbound,East,Proposal,459.41,2025-11-08,
OPP07439,REP013,PRD15,Outbound,Centrl,Lead,2001.8,2025-10-18,
OPP07440,REP011,PRD12,Inbound,west ,Lead,231.42,06/12/2026,
OPP07441,REP007,PRD03,Inbound,east,Lead,370.99,2026-07-13,
OPP07442,REP013,PRD15,Outbound,central,Lead,690.89,2026-02-15,
OPP07443,REP027,PRD15,Partner,east,Lead,1265.96,24-Oct-2025,
OPP07444,REP028,PRD15,Outbound,south,Lead,260.95,2025-12-13,
OPP07445,REP020,PRD08,Outbound,WEST,Closed Lost,5001.93,2025-12-20,03/05/2026
OPP07446,REP012,PRD14,Referral,EAST,Qualified,47.17,2025-07-11,
OPP07447,REP039,PRD05,Referral, North,Proposal,1596.44,2026-04-11,
OPP07448,REP033,PRD11,Inbound,W.,Lead,1766.0,21-Sep-2025,
OPP07449,REP032,PRD04,Inbound,WEST,Closed Lost,109.71,26-Oct-2025,03/21/2026
OPP07450,REP007,PRD05,Inbound,east,Proposal,1462.51,2026-05-31,
OPP07451,REP013,PRD06,Outbound,Centrl,Qualified,362.91,11-Nov-2025,
OPP07452,REP033,PRD11,Partner,W.,Closed Lost,4672.38,08/16/2025,2025-09-22
OPP07453,REP009,PRD06,Outbound,East,Lead,192.6,2026-04-06,
OPP07454,REP007,PRD02,Outbound,E.,Qualified,426.84,2026-07-07,
OPP07455,REP004,PRD05,Outbound,Centrl,Qualified,1184.0,2025-11-20,
OPP07456,REP028,PRD10,Inbound,south,Closed Lost,21.57,2025-08-13,2025-09-27
OPP07457,REP005,PRD03,Outbound,Centrl,Proposal,478.16,2026-08-08,
OPP07458,REP037,PRD04,Referral,EAST,Proposal,71.04,2026-03-23,
OPP07459,REP009,PRD01,Inbound,East,Qualified,23.43,2026-06-05,
OPP07460,REP039,PRD12,Web Signup,north,Proposal,398.95,2025-10-27,
OPP07461,REP032,PRD12,Web Signup,west ,Lead,173.2,05/13/2026,
OPP07462,REP028,PRD07,Inbound,South,Closed Won,235.04,2026-01-10,2026-01-23
OPP07463,REP003,PRD11,Partner,,Proposal,4239.62,2025-10-04,
OPP07464,REP025,PRD12,Web Signup,NORTH,Proposal,522.43,2026-01-07,
OPP07465,REP002,PRD03,Outbound,central,Proposal,29.35,05/08/2026,
OPP07466,REP009,PRD13,Inbound,E.,Lead,35.69,07/18/2026,
OPP07467,REP038,PRD01,Referral,Central,Qualified,110.52,2026-02-24,
OPP07468,REP034,PRD01,Inbound,N.,Qualified,37.67,2025-11-14,
OPP07469,REP011,PRD02,Inbound,W.,Qualified,60.99,2026-04-21,
OPP07470,REP021,PRD07,Web Signup,S.,Qualified,143.62,2025-09-11,
OPP07471,REP018,PRD14,Outbound,CENTRAL,Lead,247.29,2026-06-29,
OPP07472,REP039,PRD13,Outbound,N.,Closed Won,265.97,26-Apr-2026,06/18/2026
OPP07473,REP018,PRD12,Outbound,CENTRAL,Closed Won,70.84,2026-06-14,19-Jul-2026
OPP07474,REP040,PRD02,Inbound,South ,Qualified,436.34,07/13/2025,
OPP07475,REP008,PRD02,Partner,East,Qualified,439.97,2025-10-05,
OPP07476,REP020,PRD11,Partner,West,Proposal,850.58,2025-10-02,
OPP07477,REP031,PRD04,Outbound,EAST,Proposal,127.22,2025-09-06,
OPP07478,REP014,PRD10,Partner,SOUTH,Qualified,16.8,06-Oct-2025,
OPP07479,REP028,PRD12,Inbound,south,Lead,339.11,2026-07-18,
OPP07480,REP025,PRD14,Outbound,NORTH,Lead,310.42,2026-08-03,
OPP07481,REP014,PRD09,Inbound,South ,Qualified,0.0,2025-12-25,
OPP07482,REP028,PRD03,Outbound,SOUTH,Lead,295.05,2025-07-21,
OPP07483,REP012,PRD15,Partner,,Lead,1474.44,2026-07-11,
OPP07484,REP008,PRD04,Inbound,East,Lead,17.91,2026-02-01,
OPP07485,REP016,PRD01,Outbound,South,Closed Won,40.68,2025-09-15,2026-07-20
OPP07486,REP015,PRD01,Inbound,west ,Lead,40.42,11/21/2025,
OPP07487,REP011,PRD09,Outbound,,Proposal,507.21,2026-04-28,
OPP07488,REP038,PRD10,Inbound,Centrl,Closed Lost,36.18,2026-07-15,2026-08-26
OPP07489,REP004,PRD01,Outbound,CENTRAL,Qualified,28.05,2026-02-20,
OPP07490,REP010,PRD15,Inbound,Centrl,Qualified,220.41,2025-10-09,
OPP07491,REP033,PRD12,Partner,W.,Qualified,260.08,19-Sep-2025,
OPP07492,REP016,PRD14,Partner,South,Closed Won,178.8,03/13/2026,2026-03-25
OPP07493,REP023,PRD04,Inbound,W.,Qualified,106.26,25-Aug-2026,
OPP07494,REP005,PRD15,Inbound,central,Qualified,1801.47,2025-11-24,
OPP07495,REP035,PRD05,Outbound,EAST,Closed Won,1073.69,2026-05-14,2026-05-17
OPP07496,REP022,PRD14,Web Signup,Central,Qualified,163.96,2026-05-05,
OPP07497,REP030,PRD02,Inbound,West,Proposal,80.75,08/24/2026,
OPP07498,REP016,PRD01,Referral,S.,Closed Lost,74.88,2026-08-19,2026-08-30
OPP07499,REP020,PRD02,Outbound,WEST,Qualified,138.99,2025-08-22,
OPP07500,REP018,PRD13,Outbound,CENTRAL,Closed Lost,581.41,2026-08-11,2026-08-31
OPP07501,REP003,PRD11,Partner,EAST,Qualified,1698.9,2026-08-26,
OPP07502,REP004,PRD10,Inbound,Central,Lead,10.05,08-Oct-2025,
OPP07503,REP022,PRD11,Inbound,central,Lead,918.91,12/12/2025,
OPP07504,REP035,PRD01,Partner,East,Lead,24.67,10/03/2025,
OPP07505,REP006,PRD11,Web Signup,SOUTH,Closed Lost,2390.04,2025-11-21,2026-07-11
OPP07506,REP033,PRD15,Referral,West,Lead,782.21,2025-11-20,
OPP07507,REP006,PRD05,Inbound,SOUTH,Qualified,2943.28,07/08/2025,
OPP07508,REP003,PRD10,Inbound,EAST,Qualified,60.45,06/16/2026,
OPP07509,REP033,PRD13,Outbound,west ,Proposal,155.73,2026-03-05,
OPP07510,REP024,PRD05,Partner,,Lead,1066.09,10/07/2025,
OPP07511,REP011,PRD12,Outbound,WEST,Lead,573.91,08/03/2025,
OPP07512,REP016,PRD10,Referral,SOUTH,Proposal,77.54,2025-10-12,
OPP07513,REP005,PRD14,Outbound,Central,Closed Lost,161.87,2025-12-11,08/21/2026
OPP07514,REP006,PRD04,Referral,S.,Closed Won,205.68,2025-11-06,2025-12-10
OPP07515,REP020,PRD01,Partner,,Lead,142.19,01/19/2026,
OPP07516,REP013,PRD08,Web Signup,Centrl,Lead,515.55,31-Jul-2025,
OPP07517,REP010,PRD08,Inbound,central,Proposal,728.78,2025-09-07,
OPP07518,REP002,PRD05,Partner,Central ,Closed Lost,1323.97,10/08/2025,22-Apr-2026
OPP07519,REP005,PRD08,Referral,Central,Lead,103.63,2026-02-20,
OPP07520,REP010,PRD08,Inbound,Centrl,Lead,965.58,2026-04-12,
OPP07521,REP021,PRD13,Referral,South,Closed Lost,102.93,2026-08-30,2026-08-31
OPP07522,REP027,PRD14,Outbound,east,Closed Lost,91.33,2026-05-28,2026-05-28
OPP07523,REP035,PRD09,Outbound,EAST,Lead,156.13,01/12/2026,
OPP07524,REP006,PRD09,Inbound,south,Closed Lost,649.46,2026-02-22,02-Mar-2026
OPP07525,REP015,PRD04,Partner,WEST,Lead,17.02,2026-08-11,
OPP07526,REP021,PRD10,Outbound,SOUTH,Qualified,32.3,16-Feb-2026,
OPP07527,REP009,PRD02,Referral,E.,Closed Lost,129.93,08/22/2026,27-Aug-2026
OPP07528,REP037,PRD07,Referral,E.,Proposal,26.04,10/20/2025,
OPP07529,REP012,PRD11,Outbound,E.,Lead,2211.56,2026-07-19,
OPP07530,REP006,PRD09,Partner,South,Qualified,229.41,03/04/2026,
OPP07531,REP006,PRD03,Outbound,south,Closed Won,142.16,2026-08-13,2026-08-21
OPP07532,REP023,PRD08,Inbound,west ,Proposal,824.5,2026-08-26,
OPP07533,REP026,PRD05,Referral,East,Lead,298.34,04-Aug-2026,
OPP07534,REP006,PRD09,Referral,SOUTH,Qualified,443.23,2025-12-13,
OPP07535,REP040,PRD06,Partner,South ,Proposal,52.48,2025-09-18,
OPP07536,REP008,PRD02,Inbound,E.,Lead,92.34,08/07/2025,
OPP07537,REP035,PRD09,Outbound,east,Qualified,213.3,2026-01-04,
OPP07538,REP005,PRD02,Referral,Central ,Lead,183.99,08/01/2025,
OPP07539,REP006,PRD07,Inbound,South,Closed Won,240.31,2025-11-27,2026-01-21
OPP07540,REP037,PRD05,Outbound,East,Proposal,559.83,2026-02-21,
OPP07541,REP033,PRD01,Web Signup,west,Lead,23.13,2025-12-18,
OPP07542,REP021,PRD06,Outbound,S.,Lead,66.7,16-Oct-2025,
OPP07543,REP003,PRD02,Inbound,EAST,Qualified,109.21,12/18/2025,
OPP07544,REP010,PRD15,Outbound,central,Lead,2633.57,2026-04-08,
OPP07545,REP030,PRD03,Outbound,west,Proposal,157.86,2026-02-04,
OPP07546,REP032,PRD01,Referral,West,Lead,23.31,11-Oct-2025,
OPP07547,REP015,PRD05,Inbound,west ,Proposal,390.12,05/27/2026,
OPP07548,REP009,PRD03,Outbound,EAST,Closed Won,63.67,2025-08-30,2026-03-31
OPP07549,REP023,PRD11,Partner,west,Proposal,760.84,18-Jan-2026,
OPP07550,REP022,PRD11,Outbound,central,Qualified,1816.71,2026-01-22,
OPP07551,REP036,PRD04,Inbound,Central ,Proposal,357.8,2026-04-26,
OPP07552,REP014,PRD14,Outbound,S.,Closed Won,56.45,11/07/2025,2026-04-11
OPP07553,REP020,PRD01,Web Signup,west,Qualified,46.47,2026-06-23,
OPP07554,REP015,PRD13,Outbound,W.,Qualified,388.59,06-Sep-2025,
OPP07555,REP030,PRD10,Referral,west,Qualified,130.49,2026-01-17,
OPP07556,REP008,PRD02,Outbound,EAST,Proposal,90.17,05/30/2026,
OPP07557,REP027,PRD09,Outbound,East,Lead,297.37,2025-10-23,
OPP07558,REP026,PRD09,Inbound,east,Closed Won,99.19,24-Aug-2026,26-Aug-2026
OPP07559,REP010,PRD13,Referral,Central ,Lead,206.83,2025-08-27,
OPP07560,REP012,PRD05,Partner,east,Proposal,888.91,2026-01-29,
OPP07561,REP031,PRD10,Outbound,EAST,Qualified,40.04,2025-11-30,
OPP07562,REP022,PRD14,Outbound,CENTRAL,Qualified,51.98,2026-04-19,
OPP07563,REP021,PRD02,Outbound,SOUTH,Lead,315.4,2026-08-05,
OPP07564,REP018,PRD15,Partner,central,Qualified,706.73,2025-11-08,
OPP07565,REP038,PRD15,Outbound,Centrl,Qualified,1517.36,05/25/2026,
OPP07566,REP006,PRD07,Outbound,S.,Proposal,176.22,2025-10-31,
OPP07567,REP016,PRD13,Partner,South,Lead,217.06,03/06/2026,
OPP07568,REP033,PRD10,Partner,west ,Qualified,25.88,2026-06-05,
OPP07569,REP040,PRD13,Inbound,south,Lead,253.16,04/24/2026,
OPP07570,REP001,PRD10,Inbound,W.,Qualified,5.11,2025-07-24,
OPP07571,REP016,PRD14,Inbound,south,Closed Won,174.78,2026-01-12,02/11/2026
OPP07572,REP036,PRD02,Outbound,Central ,Closed Won,324.17,2026-01-29,2026-03-18
OPP07573,REP040,PRD12,Inbound,south,Qualified,316.74,2026-08-20,
OPP07574,REP012,PRD13,Web Signup,EAST,Lead,324.47,2025-09-27,
OPP07575,REP019,PRD03,Referral,NORTH,Closed Won,916.19,15-May-2026,2026-05-27
OPP07576,REP029,PRD13,Inbound,W.,Lead,315.36,16-Mar-2026,
OPP07577,REP029,PRD15,Web Signup,WEST,Qualified,297.41,09/11/2025,
OPP07578,REP030,PRD11,Referral,west ,Lead,342.92,04/11/2026,
OPP07579,REP012,PRD05,Referral,East,Qualified,1286.8,03/20/2026,
OPP07580,REP018,PRD01,Inbound,Central,Proposal,12.03,02/01/2026,
OPP07581,REP018,PRD14,Web Signup,Central ,Proposal,27.36,2025-10-25,
OPP07582,REP040,PRD02,Inbound,S.,Qualified,88.59,2025-12-26,
OPP07583,REP039,PRD09,Referral,NORTH,Lead,228.69,2026-02-01,
OPP07584,REP037,PRD10,Referral,East,Lead,47.34,07/11/2025,
OPP07585,REP009,PRD08,Inbound,EAST,Lead,344.37,2025-09-18,
OPP07586,REP008,PRD06,Inbound,EAST,Closed Won,325.44,22-Apr-2026,06/04/2026
OPP07587,REP010,PRD10,Referral,Central ,Closed Lost,58.07,04/24/2026,2026-05-14
OPP07588,REP022,PRD11,Outbound,Central ,Closed Won,902.79,10/07/2025,12/14/2025
OPP07589,REP037,PRD15,Outbound,EAST,Proposal,3480.15,16-Aug-2026,
OPP07590,REP018,PRD01,Inbound,Central ,Proposal,109.63,2026-02-27,
OPP07591,REP033,PRD08,Inbound,WEST,Lead,1613.2,07/19/2026,
OPP07592,REP011,PRD11,Web Signup,WEST,Lead,165.47,2025-09-16,
OPP07593,REP024,PRD10,Inbound,North,Closed Won,40.38,2026-08-18,2026-08-26
OPP07594,REP013,PRD10,Outbound,Central ,Lead,57.41,02/08/2026,
OPP07595,REP012,PRD12,Referral,EAST,Lead,282.16,2026-01-30,
OPP07596,REP002,PRD06,Referral,Central ,Qualified,232.29,09/18/2025,
OPP07597,REP012,PRD14,Inbound,E.,Lead,99.04,2025-08-10,
OPP07598,REP033,PRD11,Inbound,,Lead,1065.0,2025-11-13,
OPP07599,REP037,PRD07,Inbound,East,Closed Won,128.2,2026-03-07,30-Jul-2026
OPP07600,REP026,PRD10,Inbound,EAST,Proposal,41.93,2026-05-02,
OPP07601,REP019,PRD12,Inbound,North,Proposal,109.98,2025-11-21,
OPP07602,REP011,PRD02,Referral,West,Lead,363.06,03/29/2026,
OPP07603,REP039,PRD07,Inbound,N.,Lead,9.87,20-Aug-2026,
OPP07604,REP001,PRD07,Outbound,W.,Lead,7.89,12-May-2026,
OPP07605,REP018,PRD09,Outbound,Central,Lead,566.21,07/09/2026,
OPP07606,REP026,PRD08,Outbound,east,Qualified,2383.58,2025-10-11,
OPP07607,REP001,PRD13,Referral,WEST,Lead,234.59,21-Jan-2026,
OPP07608,REP036,PRD09,Partner,CENTRAL,Proposal,650.1,2025-07-11,
OPP07609,REP013,PRD04,Inbound,Central ,Lead,113.46,08/06/2026,
OPP07610,REP015,PRD01,Inbound,west ,Lead,9.88,2025-11-01,
OPP07611,REP034,PRD08,Partner,north,Qualified,4838.01,10-Oct-2025,
OPP07612,REP004,PRD01,Web Signup,CENTRAL,Proposal,91.85,10/22/2025,
OPP07613,REP025,PRD03,Referral, North,Qualified,128.14,2026-04-24,
OPP07614,REP026,PRD07,Outbound,EAST,Lead,189.73,27-Jan-2026,
OPP07615,REP004,PRD08,Referral,CENTRAL,Lead,4462.62,2025-08-14,
OPP07616,REP020,PRD03,Outbound,west ,Qualified,-796.71,2026-04-17,
OPP07617,REP022,PRD02,Inbound,central,Lead,281.32,01/13/2026,
OPP07618,REP023,PRD11,Partner,W.,Lead,1487.45,2026-05-24,
OPP07619,REP011,PRD04,Outbound,W.,Proposal,61.78,06/24/2026,
OPP07620,REP007,PRD12,Partner,E.,Qualified,194.01,23-Nov-2025,
OPP07621,REP009,PRD05,Inbound,east,Proposal,860.12,2026-06-09,
OPP07622,REP015,PRD07,Inbound,W.,Qualified,163.2,2026-04-04,
OPP07623,REP032,PRD14,Inbound,W.,Lead,82.97,2026-07-03,
OPP07624,REP036,PRD11,Partner,Central ,Lead,1646.34,2026-07-29,
OPP07625,REP010,PRD14,Outbound,Centrl,Qualified,28.44,02/11/2026,
OPP07626,REP008,PRD02,Partner,east,Lead,282.79,2026-02-03,
OPP07627,REP008,PRD05,Inbound,East,Lead,1016.11,2026-06-01,
OPP07628,REP009,PRD13,Inbound,East,Lead,216.7,2026-08-12,
OPP07629,REP006,PRD02,Outbound,south,Qualified,251.88,12/28/2025,
OPP07630,REP008,PRD13,Referral,E.,Proposal,280.21,2026-02-26,
OPP07631,REP012,PRD03,Outbound,E.,Lead,157.7,09-Sep-2025,
OPP07632,REP028,PRD06,Inbound,SOUTH,Lead,242.13,02/26/2026,
OPP07633,REP029,PRD13,Inbound,west,Closed Lost,329.33,15-May-2026,14-Jul-2026
OPP07634,REP014,PRD11,Web Signup,SOUTH,Qualified,245.22,2025-09-12,
OPP07635,REP032,PRD09,Inbound,west ,Lead,181.82,03-Sep-2025,
OPP07636,REP029,PRD12,Inbound,W.,Closed Lost,182.23,01-Sep-2025,2026-06-11
OPP07637,REP035,PRD14,Outbound,EAST,Proposal,77.67,2026-01-06,
OPP07638,REP037,PRD01,Referral,E.,Lead,65.88,14-Sep-2025,
OPP07639,REP011,PRD15,Partner,WEST,Lead,1556.37,11/09/2025,
OPP07640,REP019,PRD09,Partner,NORTH,Closed Won,0.0,2025-08-17,2025-09-18
OPP07641,REP028,PRD08,Outbound,,Qualified,2216.15,2026-02-11,
OPP07642,REP035,PRD11,Inbound,east,Qualified,2444.64,2026-07-21,
OPP07643,REP015,PRD12,Outbound,W.,Closed Lost,70.88,2025-07-12,06/06/2026
OPP07644,REP036,PRD05,Inbound,central,Lead,603.53,08/03/2026,
OPP07645,REP035,PRD07,Outbound,east,Closed Lost,252.12,2025-10-17,2026-04-21
OPP07646,REP032,PRD12,Outbound,W.,Lead,370.18,2026-07-25,
OPP07647,REP030,PRD14,Outbound,west ,Lead,76.79,08-Aug-2026,
OPP07648,REP005,PRD02,Outbound,Central,Qualified,55.25,2026-08-21,
OPP07649,REP011,PRD10,Inbound,W.,Qualified,67.85,2025-10-08,
OPP07650,REP005,PRD13,Outbound,Central ,Qualified,356.21,2026-05-14,
OPP07651,REP030,PRD02,Inbound,west ,Qualified,58.31,14-Jul-2025,
OPP07652,REP036,PRD12,Inbound,Centrl,Closed Lost,106.92,2025-11-28,2025-11-30
OPP07653,REP033,PRD08,Inbound,west ,Closed Lost,1785.62,2026-05-30,2026-08-06
OPP07654,REP040,PRD13,Partner,S.,Lead,123.4,2026-08-23,
OPP07655,REP028,PRD02,Outbound,S.,Qualified,189.13,03/29/2026,
OPP07656,REP024,PRD15,Inbound,NORTH,Closed Won,1372.41,01/09/2026,2026-08-02
OPP07657,REP038,PRD06,Web Signup,central,Lead,308.32,2025-08-05,
OPP07658,REP025,PRD14,Outbound,NORTH,Proposal,67.15,06/17/2026,
OPP07659,REP036,PRD02,Web Signup,Central ,Closed Lost,0.0,11/11/2025,30-Jul-2026
OPP07660,REP003,PRD06,Outbound,EAST,Lead,251.61,2026-08-14,
OPP07661,REP011,PRD13,Partner,west ,Qualified,201.42,2025-12-25,
OPP07662,REP032,PRD02,Partner,W.,Qualified,172.07,16-Nov-2025,
OPP07663,REP029,PRD08,Web Signup,west,Qualified,4143.7,2025-08-31,
OPP07664,REP011,PRD12,Outbound,West,Lead,158.65,15-Apr-2026,
OPP07665,REP014,PRD12,Referral,S.,Proposal,371.37,10/15/2025,
OPP07666,REP029,PRD11,Partner,WEST,Lead,2800.88,08/06/2026,
OPP07667,REP039,PRD12,Partner,NORTH,Proposal,129.83,04-Apr-2026,
OPP07668,REP022,PRD06,Partner,Centrl,Qualified,222.29,2025-08-12,
OPP07669,REP009,PRD03,Partner,east,Qualified,70.71,2026-05-28,
OPP07670,REP025,PRD09,Outbound,north,Qualified,311.39,07/23/2026,
OPP07671,REP038,PRD09,Inbound,Central,Lead,98.07,2026-04-24,
OPP07672,REP038,PRD10,Partner,central,Lead,165.57,2025-11-13,
OPP07673,REP037,PRD14,Inbound,EAST,Qualified,54.02,04/19/2026,
OPP07674,REP025,PRD12,Referral,N.,Proposal,245.39,29-Sep-2025,
OPP07675,REP018,PRD12,Inbound,central,Closed Lost,66.41,03/23/2026,01-Aug-2026
OPP07676,REP029,PRD10,Inbound,West,Closed Lost,23.65,01/13/2026,10-Aug-2026
OPP07677,REP036,PRD04,Partner,Centrl,Lead,54.13,2025-10-03,
OPP07678,REP034,PRD02,Outbound,North,Lead,105.95,2026-02-14,
OPP07679,REP012,PRD09,Referral,east,Qualified,55.4,2026-02-21,
OPP07680,REP022,PRD13,Outbound,central,Qualified,538.53,07/14/2026,
OPP07681,REP003,PRD02,Partner,East,Proposal,26.72,02/17/2026,
OPP07682,REP001,PRD09,Inbound,,Lead,361.68,2026-01-25,
OPP07683,REP027,PRD15,Outbound,East,Lead,692.17,2025-12-16,
OPP07684,REP024,PRD07,Outbound,north,Proposal,18.43,2025-07-05,
OPP07685,REP031,PRD01,Partner,East,Lead,114.3,2026-05-05,
OPP07686,REP031,PRD15,Outbound,East,Lead,698.84,2025-12-19,
OPP07687,REP040,PRD15,Web Signup,South,Lead,340.3,25-Feb-2026,
OPP07688,REP040,PRD13,Web Signup,S.,Proposal,54.53,08/08/2026,
OPP07689,REP032,PRD14,Referral,West,Proposal,86.59,07/31/2025,
OPP07690,REP036,PRD10,Outbound,Centrl,Proposal,57.99,2026-06-28,
OPP07691,REP022,PRD04,Referral,Centrl,Proposal,84.65,18-Jul-2026,
OPP07692,REP034,PRD05,Outbound,,Qualified,2878.04,17-Aug-2025,
OPP07693,REP026,PRD09,Inbound,E.,Proposal,440.04,2026-04-06,
OPP07694,REP001,PRD03,Outbound,West,Closed Lost,600.71,2025-07-08,30-Jun-2026
OPP07695,REP031,PRD10,Inbound,east,Qualified,53.67,2026-03-16,
OPP07696,REP019,PRD01,Inbound,north,Closed Lost,33.14,20-Feb-2026,2026-07-07
OPP07697,REP018,PRD08,Inbound,,Qualified,409.13,2025-09-25,
OPP07698,REP034,PRD04,Outbound, North,Lead,160.96,2025-07-08,
OPP07699,REP014,PRD15,Outbound,South,Proposal,64.57,01-Apr-2026,
OPP07700,REP002,PRD12,Referral,CENTRAL,Lead,324.47,11/25/2025,
OPP07701,REP007,PRD05,Partner,East,Closed Won,207.05,12-May-2026,2026-07-19
OPP07702,REP020,PRD08,Web Signup,west,Lead,946.16,10-Jul-2025,
OPP07703,REP021,PRD12,Partner,S.,Qualified,266.59,2025-09-20,
OPP07704,REP028,PRD05,Partner,south,Lead,549.71,06/03/2026,
OPP07705,REP021,PRD07,Partner,S.,Proposal,102.8,21-Jul-2026,
OPP07706,REP037,PRD02,Referral,EAST,Lead,287.81,04-Dec-2025,
OPP07707,REP021,PRD04,Web Signup,S.,Proposal,22.07,2025-09-07,
OPP07708,REP005,PRD15,Partner,CENTRAL,Lead,1038.31,08/18/2026,
OPP07709,REP008,PRD06,Partner,E.,Proposal,499.32,08/07/2026,
OPP07710,REP001,PRD07,Outbound,WEST,Lead,66.31,31-Oct-2025,
OPP07711,REP026,PRD07,Referral,East,Closed Lost,74.1,05/19/2026,2026-06-12
OPP07712,REP021,PRD13,Web Signup,SOUTH,Proposal,304.68,17-Jul-2026,
OPP07713,REP040,PRD05,Referral,SOUTH,Closed Lost,92.75,2025-07-09,2025-11-06
OPP07714,REP026,PRD09,Outbound,E.,Proposal,317.14,14-Jan-2026,
OPP07715,REP037,PRD09,Outbound,EAST,Proposal,812.47,2025-12-26,
OPP07716,REP024,PRD11,Referral, North,Lead,1931.73,04-Jul-2026,
OPP07717,REP024,PRD06,Inbound,North,Closed Lost,193.92,2026-05-07,2026-07-18
OPP07718,REP040,PRD11,Inbound,South,Qualified,2319.16,2026-02-21,
OPP07719,REP005,PRD05,Inbound,central,Closed Lost,282.2,2026-04-13,2026-07-05
OPP07720,REP034,PRD09,Partner,north,Lead,521.25,2025-11-22,
OPP07721,REP019,PRD13,Outbound,NORTH,Qualified,419.35,2026-08-24,
OPP07722,REP003,PRD12,Outbound,East,Proposal,90.95,2026-01-29,
OPP07723,REP009,PRD14,Inbound,EAST,Qualified,194.9,2025-09-26,
OPP07724,REP005,PRD05,Outbound,central,Qualified,771.03,2026-06-09,
OPP07725,REP017,PRD02,Outbound,West,Qualified,165.65,06/10/2026,
OPP07726,REP027,PRD08,Inbound,East,Proposal,4652.55,2025-11-06,
OPP07727,REP023,PRD08,Outbound,,Proposal,220.48,10/20/2025,
OPP07728,REP023,PRD12,Outbound,west ,Closed Won,70.28,04-Apr-2026,2026-08-27
OPP07729,REP007,PRD15,Partner,EAST,Closed Lost,540.1,06-Jun-2026,2026-06-06
OPP07730,REP033,PRD10,Inbound,W.,Closed Won,33.79,2026-04-09,2026-08-24
OPP07731,REP036,PRD02,Web Signup,central,Proposal,68.0,12/05/2025,
OPP07732,REP004,PRD09,Partner,Central,Lead,644.28,2025-09-27,
OPP07733,REP009,PRD01,Outbound,East,Lead,25.38,2025-11-28,
OPP07734,REP017,PRD09,Inbound,W.,Lead,638.57,2026-02-10,
OPP07735,REP027,PRD10,Partner,EAST,Proposal,35.14,08/04/2025,
OPP07736,REP007,PRD03,Referral,east,Lead,1023.63,10/15/2025,
OPP07737,REP035,PRD14,Inbound,EAST,Lead,64.83,05/06/2026,
OPP07738,REP037,PRD15,Web Signup,East,Lead,966.15,2026-05-27,
OPP07739,REP021,PRD14,Partner,south,Qualified,58.37,2026-03-18,
OPP07740,REP030,PRD10,Referral,,Lead,105.12,2025-07-28,
OPP07741,REP014,PRD06,Inbound,South,Qualified,285.19,11/05/2025,
OPP07742,REP018,PRD04,Outbound,Central,Proposal,48.05,12/05/2025,
OPP07743,REP001,PRD10,Inbound,WEST,Closed Won,32.86,11-Jul-2026,08/05/2026
OPP07744,REP026,PRD15,Outbound,E.,Proposal,840.97,2025-10-04,
OPP07745,REP026,PRD01,Outbound,east,Lead,95.27,27-May-2026,
OPP07746,REP004,PRD10,Outbound,Centrl,Qualified,41.24,18-Jul-2026,
OPP07747,REP014,PRD03,Referral,south,Lead,1091.29,07/23/2026,
OPP07748,REP033,PRD05,Referral,west,Lead,1242.94,10-Oct-2025,
OPP07749,REP012,PRD02,Inbound,EAST,Lead,351.0,2026-03-13,
OPP07750,REP038,PRD10,Outbound,Centrl,Lead,145.29,05/10/2026,
OPP07751,REP007,PRD01,Referral,E.,Proposal,100.9,07/28/2026,
OPP07752,REP020,PRD02,Inbound,W.,Lead,186.21,02-May-2026,
OPP07753,REP012,PRD09,Outbound,EAST,Lead,156.43,14-Oct-2025,
OPP07754,REP013,PRD15,Outbound,Centrl,Qualified,1000.63,2025-09-27,
OPP07755,REP001,PRD14,Referral,west,Qualified,70.59,25-Sep-2025,
OPP07756,REP019,PRD11,Referral,North,Qualified,1351.16,07/20/2025,
OPP07757,REP010,PRD12,Referral,CENTRAL,Lead,164.32,10/09/2025,
OPP07758,REP028,PRD05,Inbound,S.,Qualified,0.0,01-Nov-2025,
OPP07759,REP033,PRD09,Referral,west,Qualified,97.1,2026-03-28,
OPP07760,REP031,PRD15,Referral,East,Lead,384.34,07/27/2026,
OPP07761,REP010,PRD04,Partner,Central,Qualified,51.98,2025-07-14,
OPP07762,REP021,PRD09,Inbound,South,Closed Won,310.23,2026-01-03,2026-01-23
OPP07763,REP019,PRD12,Referral,North,Closed Lost,481.07,2026-03-26,06/17/2026
OPP07764,REP020,PRD01,Partner,west ,Proposal,167.91,10-Jul-2025,
OPP07765,REP005,PRD09,Referral,central,Proposal,297.06,06-Jun-2026,
OPP07766,REP029,PRD11,Inbound,W.,Lead,0.0,2026-07-11,
OPP07767,REP036,PRD05,Inbound,Central,Proposal,167.29,2026-02-13,
OPP07768,REP008,PRD14,Referral,,Proposal,51.06,02/08/2026,
OPP07769,REP033,PRD08,Outbound,WEST,Lead,3848.99,16-Jul-2026,
OPP07770,REP019,PRD04,Inbound,North,Lead,10.66,2025-09-06,
OPP07771,REP025,PRD07,Outbound,NORTH,Lead,53.19,2026-06-02,
OPP07772,REP008,PRD13,Referral,East,Lead,287.85,12-Jan-2026,
OPP07773,REP017,PRD12,Outbound,,Qualified,199.9,10/30/2025,
OPP07774,REP018,PRD07,Inbound,,Closed Lost,164.43,08/05/2026,08/14/2026
OPP07775,REP039,PRD02,Inbound,NORTH,Proposal,42.25,01/13/2026,
OPP07776,REP012,PRD15,Inbound,east,Lead,2874.64,2026-02-07,
OPP07777,REP017,PRD06,Partner,west,Lead,1103.31,10/01/2025,
OPP07778,REP037,PRD09,Partner,EAST,Qualified,578.28,2026-01-24,
OPP07779,REP025,PRD14,Referral, North,Proposal,10.63,12-Jan-2026,
OPP07780,REP011,PRD06,Partner,West,Qualified,268.03,2026-06-02,
OPP07781,REP030,PRD09,Inbound,West,Qualified,122.98,2025-12-05,
OPP07782,REP024,PRD05,Partner,north,Qualified,219.05,2026-07-07,
OPP07783,REP037,PRD03,Web Signup,EAST,Proposal,156.44,2025-09-22,
OPP07784,REP007,PRD03,Inbound,E.,Proposal,45.65,2026-07-29,
OPP07785,REP003,PRD06,Referral,E.,Qualified,317.84,2025-11-21,
OPP07786,REP030,PRD11,Referral,WEST,Closed Won,4790.79,11/27/2025,2026-07-14
OPP07787,REP029,PRD12,Referral,West,Closed Lost,202.77,2025-10-27,01/24/2026
OPP07788,REP015,PRD10,Partner,W.,Proposal,127.47,10/05/2025,
OPP07789,REP017,PRD14,Referral,W.,Proposal,78.78,10/14/2025,
OPP07790,REP019,PRD11,Referral,north,Lead,1059.37,11-May-2026,
OPP07791,REP024,PRD13,Partner,,Proposal,292.26,2025-08-02,
OPP07792,REP016,PRD05,Referral,South ,Qualified,1279.34,2026-02-01,
OPP07793,REP040,PRD10,Referral,South,Lead,46.18,11/30/2025,
OPP07794,REP012,PRD11,Inbound,east,Closed Won,1626.39,2025-10-25,2026-04-08
OPP07795,REP039,PRD07,Inbound, North,Lead,31.67,17-Jul-2025,
OPP07796,REP011,PRD02,Inbound,West,Lead,16.0,12/06/2025,
OPP07797,REP019,PRD06,Referral,N.,Qualified,360.78,2025-09-12,
OPP07798,REP019,PRD02,Outbound,north,Closed Won,122.91,2025-08-12,2026-01-06
OPP07799,REP039,PRD02,Outbound,North,Proposal,44.18,05/16/2026,
OPP07800,REP012,PRD10,Inbound,east,Qualified,15.08,15-Aug-2026,
OPP07801,REP031,PRD07,Referral,east,Qualified,59.9,2026-02-27,
OPP07802,REP019,PRD14,Inbound,North,Closed Lost,131.19,2025-12-30,26-Mar-2026
OPP07803,REP028,PRD02,Outbound,S.,Qualified,0.0,03/22/2026,
OPP07804,REP038,PRD04,Web Signup,central,Qualified,156.8,2026-05-30,
OPP07805,REP038,PRD01,Web Signup,Central ,Lead,97.58,2026-07-11,
OPP07806,REP005,PRD15,Inbound,Central ,Qualified,1487.76,08/20/2025,
OPP07807,REP029,PRD04,Outbound,west ,Qualified,196.59,2026-08-04,
OPP07808,REP040,PRD12,Inbound,SOUTH,Lead,300.69,2026-05-31,
OPP07809,REP036,PRD14,Partner,Central,Qualified,93.78,08/13/2025,
OPP07810,REP007,PRD14,Inbound,E.,Proposal,140.23,25-Feb-2026,
OPP07811,REP027,PRD04,Inbound,East,Qualified,32.27,2025-09-27,
OPP07812,REP027,PRD08,Inbound,EAST,Qualified,1130.23,29-Jan-2026,
OPP07813,REP006,PRD02,Referral,South ,Lead,62.38,2026-04-12,
OPP07814,REP022,PRD01,Outbound,Central ,Closed Won,33.89,2026-02-06,2026-06-22
OPP07815,REP013,PRD06,Inbound,Centrl,Lead,535.85,24-May-2026,
OPP07816,REP039,PRD09,Inbound,north,Proposal,143.61,2026-01-11,
OPP07817,REP030,PRD02,Partner,W.,Closed Lost,27.5,03/09/2026,2026-08-29
OPP07818,REP037,PRD15,Partner,E.,Qualified,1507.34,08/09/2025,
OPP07819,REP021,PRD06,Partner,South ,Qualified,100.03,2025-11-22,
OPP07820,REP039,PRD05,Inbound,NORTH,Proposal,1595.59,08/04/2025,
OPP07821,REP035,PRD13,Outbound,E.,Qualified,121.47,2025-07-04,
OPP07822,REP013,PRD11,Partner,CENTRAL,Closed Lost,636.45,2025-08-13,26-Apr-2026
OPP07823,REP021,PRD14,Inbound,South,Qualified,173.05,2026-03-10,
OPP07824,REP024,PRD02,Inbound,NORTH,Lead,90.74,2025-12-15,
OPP07825,REP001,PRD15,Outbound,WEST,Proposal,2429.29,2026-02-10,
OPP07826,REP022,PRD02,Partner,Centrl,Qualified,802.39,2026-07-05,
OPP07827,REP038,PRD13,Outbound,Centrl,Qualified,189.78,2026-02-06,
OPP07828,REP035,PRD04,Inbound,E.,Lead,14.74,2025-09-20,
OPP07829,REP011,PRD06,Inbound,West,Lead,106.89,2026-06-03,
OPP07830,REP004,PRD10,Partner,Central,Lead,62.95,2025-11-24,
OPP07831,REP014,PRD13,Outbound,S.,Lead,225.82,2026-01-15,
OPP07832,REP006,PRD01,Inbound,SOUTH,Closed Lost,17.81,2026-07-20,2026-08-06
OPP07833,REP017,PRD06,Referral,west,Closed Lost,73.21,2026-03-20,2026-05-18
OPP07834,REP025,PRD03,Outbound,N.,Lead,193.72,09/28/2025,
OPP07835,REP022,PRD09,Inbound,CENTRAL,Qualified,506.93,2025-09-17,
OPP07836,REP025,PRD02,Inbound,north,Closed Won,227.49,2025-07-14,10/23/2025
OPP07837,REP010,PRD15,Outbound,central,Lead,1496.67,03/18/2026,
OPP07838,REP001,PRD10,Outbound,west,Lead,56.51,2026-04-10,
OPP07839,REP005,PRD01,Partner,Centrl,Closed Lost,12.95,2026-04-10,2026-09-01
OPP07840,REP015,PRD12,Inbound,W.,Closed Won,555.22,2026-08-18,2026-09-01
OPP07841,REP014,PRD08,Outbound,S.,Proposal,7137.58,04/18/2026,
OPP07842,REP023,PRD11,Partner,west,Qualified,1310.73,2026-01-05,
OPP07843,REP033,PRD12,Outbound,,Qualified,104.14,2026-02-03,
OPP07844,REP028,PRD03,Inbound,S.,Proposal,258.2,14-Dec-2025,
OPP07845,REP030,PRD02,Partner,,Proposal,152.12,04/28/2026,
OPP07846,REP013,PRD03,Web Signup,,Qualified,438.62,09-Sep-2025,
OPP07847,REP029,PRD05,Inbound,W.,Lead,997.59,2025-09-24,
OPP07848,REP017,PRD06,Inbound,WEST,Lead,335.72,13-Oct-2025,
OPP07849,REP029,PRD13,Inbound,west ,Qualified,442.82,05-Oct-2025,
OPP07850,REP010,PRD08,Partner,Centrl,Qualified,3937.01,08/04/2025,
OPP07851,REP026,PRD01,Inbound,East,Closed Lost,24.09,28-Nov-2025,2026-02-10
OPP07852,REP040,PRD12,Referral,South ,Lead,228.73,2026-06-15,
OPP07853,REP018,PRD09,Referral,central,Proposal,119.2,2025-09-18,
OPP07854,REP018,PRD03,Outbound,Centrl,Qualified,203.01,2025-08-31,
OPP07855,REP019,PRD06,Outbound,North,Closed Won,468.18,09/01/2026,2026-09-02
OPP07856,REP013,PRD12,Partner,Central,Closed Lost,457.73,27-Mar-2026,05/24/2026
OPP07857,REP001,PRD09,Outbound,west,Qualified,142.53,2026-07-07,
OPP07858,REP008,PRD12,Referral,E.,Closed Won,125.11,07-Dec-2025,02-Jul-2026
OPP07859,REP020,PRD13,Inbound,WEST,Qualified,213.04,10/31/2025,
OPP07860,REP024,PRD03,Outbound,NORTH,Qualified,223.03,2025-08-07,
OPP07861,REP023,PRD13,Inbound,W.,Qualified,24.38,10/11/2025,
OPP07862,REP001,PRD13,Outbound,west,Proposal,805.6,2025-11-29,
OPP07863,REP023,PRD12,Referral,west ,Closed Lost,52.92,2026-05-24,2026-07-12
OPP07864,REP015,PRD14,Web Signup,WEST,Lead,117.83,2026-03-30,
OPP07865,REP004,PRD15,Inbound,CENTRAL,Proposal,1393.66,14-Apr-2026,
OPP07866,REP005,PRD02,Outbound,central,Closed Won,359.53,06/17/2026,2026-08-17
OPP07867,REP026,PRD06,Referral,east,Lead,119.8,2025-10-03,
OPP07868,REP037,PRD14,Outbound,E.,Proposal,16.73,2026-06-07,
OPP07869,REP004,PRD05,Inbound,central,Proposal,310.34,08/25/2025,
OPP07870,REP016,PRD12,Partner,S.,Lead,112.14,2026-07-14,
OPP07871,REP017,PRD14,Web Signup,WEST,Qualified,348.78,25-May-2026,
OPP07872,REP001,PRD12,Inbound,W.,Qualified,154.31,2026-08-14,
OPP07873,REP005,PRD11,Partner,Central ,Lead,780.27,2026-07-30,
OPP07874,REP008,PRD08,Outbound,east,Qualified,2105.11,07/20/2025,
OPP07875,REP031,PRD14,Inbound,,Qualified,59.92,2025-11-10,
OPP07876,REP011,PRD13,Referral,West,Qualified,188.21,2026-02-01,
OPP07877,REP006,PRD01,Inbound,South ,Proposal,32.35,2025-10-12,
OPP07878,REP026,PRD03,Referral,EAST,Qualified,519.05,2026-02-13,
OPP07879,REP019,PRD14,Partner,NORTH,Qualified,155.31,08-Aug-2025,
OPP07880,REP034,PRD15,Inbound,north,Closed Won,454.55,2025-08-20,2026-06-24
OPP07881,REP027,PRD04,Outbound,East,Lead,-31.96,2025-11-28,
OPP07882,REP028,PRD10,Referral,SOUTH,Proposal,55.29,05/08/2026,
OPP07883,REP035,PRD06,Referral,east,Lead,266.64,23-Jul-2026,
OPP07884,REP020,PRD05,Inbound,West,Qualified,792.99,08/21/2026,
OPP07885,REP030,PRD13,Partner,W.,Proposal,170.77,06-Aug-2026,
OPP07886,REP032,PRD03,Referral,WEST,Qualified,110.15,08/31/2025,
OPP07887,REP016,PRD09,Outbound,SOUTH,Lead,275.31,09-Nov-2025,
OPP07888,REP016,PRD13,Referral,South,Closed Won,156.69,2026-06-09,2026-08-20
OPP07889,REP027,PRD15,Inbound,EAST,Proposal,494.01,08/03/2026,
OPP07890,REP026,PRD11,Inbound,EAST,Lead,505.92,2026-04-28,
OPP07891,REP008,PRD11,Inbound,E.,Qualified,469.09,05/03/2026,
OPP07892,REP025,PRD06,Inbound,North,Proposal,1018.21,2026-05-11,
OPP07893,REP019,PRD11,Partner,N.,Qualified,3951.94,30-Jan-2026,
OPP07894,REP032,PRD11,Referral,west,Qualified,2190.24,11-Dec-2025,
OPP07895,REP012,PRD09,Partner,east,Lead,659.71,2025-11-23,
OPP07896,REP028,PRD11,Inbound,S.,Qualified,463.54,07/06/2025,
OPP07897,REP026,PRD09,Web Signup,east,Closed Lost,426.39,2025-11-05,15-Jun-2026
OPP07898,REP016,PRD15,Inbound,south,Qualified,230.13,12/20/2025,
OPP07899,REP005,PRD11,Outbound,Central ,Qualified,2936.71,07/10/2025,
OPP07900,REP024,PRD04,Outbound,North,Lead,81.53,06-Aug-2026,
OPP07901,REP015,PRD02,Outbound,west ,Qualified,305.55,22-Jun-2026,
OPP07902,REP033,PRD12,Inbound,west ,Lead,210.7,2026-07-30,
OPP07903,REP027,PRD05,Outbound,,Lead,780.06,2026-08-15,
OPP07904,REP023,PRD13,Inbound,west ,Closed Won,112.85,2026-01-21,2026-05-18
OPP07905,REP009,PRD08,Inbound,E.,Proposal,5014.64,22-Dec-2025,
OPP07906,REP027,PRD08,Referral,east,Lead,3272.25,2026-02-19,
OPP07907,REP005,PRD06,Web Signup,Central,Qualified,202.61,01/28/2026,
OPP07908,REP034,PRD12,Inbound,N.,Proposal,239.31,04-Oct-2025,
OPP07909,REP005,PRD15,Inbound,Centrl,Lead,1416.12,2025-11-13,
OPP07910,REP013,PRD01,Outbound,Central,Proposal,55.01,12/24/2025,
OPP07911,REP009,PRD10,Web Signup,EAST,Lead,61.57,08-Aug-2025,
OPP07912,REP026,PRD06,Inbound,E.,Closed Lost,366.86,2026-08-22,2026-08-24
OPP07913,REP038,PRD11,Outbound,Central ,Closed Won,1064.92,15-Feb-2026,2026-03-02
OPP07914,REP023,PRD05,Outbound,West,Qualified,1075.43,2025-10-27,
OPP07915,REP026,PRD02,Referral,east,Closed Won,461.68,2026-02-04,2026-03-27
OPP07916,REP010,PRD10,Inbound,Centrl,Closed Lost,38.85,2026-01-30,02/19/2026
OPP07917,REP026,PRD07,Outbound,E.,Lead,111.96,2026-01-13,
OPP07918,REP033,PRD02,Inbound,WEST,Qualified,39.52,12/14/2025,
OPP07919,REP025,PRD13,Outbound,North,Proposal,106.54,2026-08-23,
OPP07920,REP011,PRD01,Partner,WEST,Qualified,69.7,2025-10-02,
OPP07921,REP030,PRD14,Partner,west ,Lead,52.5,07/05/2025,
OPP07922,REP017,PRD02,Outbound,west ,Lead,72.33,30-Mar-2026,
OPP07923,REP023,PRD08,Outbound,WEST,Qualified,1288.97,04/16/2026,
OPP07924,REP026,PRD01,Partner,east,Closed Lost,97.0,03/13/2026,2026-03-29
OPP07925,REP003,PRD07,Inbound,east,Lead,13.41,01/25/2026,
OPP07926,REP034,PRD03,Outbound,North,Closed Lost,223.69,2025-10-15,2026-03-22
OPP07927,REP008,PRD15,Outbound,East,Proposal,1568.85,02/18/2026,
OPP07928,REP028,PRD01,Inbound,S.,Proposal,97.17,2026-03-13,
OPP07929,REP022,PRD11,Outbound,CENTRAL,Qualified,1091.84,08/17/2025,
OPP07930,REP011,PRD07,Referral,west ,Closed Lost,282.57,2025-07-12,2026-04-14
OPP07931,REP011,PRD06,Inbound,,Lead,172.59,2025-12-21,
OPP07932,REP010,PRD14,Partner,Central,Lead,71.35,02/06/2026,
OPP07933,REP036,PRD01,Inbound,CENTRAL,Closed Lost,-28.42,2025-11-18,02/25/2026
OPP07934,REP014,PRD14,Outbound,S.,Lead,73.4,2025-07-16,
OPP07935,REP026,PRD10,Outbound,E.,Proposal,114.58,2026-08-25,
OPP07936,REP038,PRD03,Outbound,Centrl,Closed Won,343.77,2025-09-24,07/01/2026
OPP07937,REP013,PRD01,Partner,central,Closed Won,121.91,2026-04-26,08/30/2026
OPP07938,REP035,PRD15,Inbound,East,Lead,730.73,2026-01-19,
OPP07939,REP018,PRD11,Partner,Central,Lead,1483.71,12/11/2025,
OPP07940,REP037,PRD01,Referral,E.,Qualified,77.81,2026-06-12,
OPP07941,REP038,PRD02,Referral,CENTRAL,Qualified,139.7,2025-12-22,
OPP07942,REP016,PRD03,Inbound,South,Lead,176.46,03/12/2026,
OPP07943,REP018,PRD13,Outbound,Central ,Qualified,740.9,01/28/2026,
OPP07944,REP002,PRD07,Outbound,Central,Closed Won,105.41,09-Dec-2025,2026-07-22
OPP07945,REP022,PRD12,Referral,Centrl,Proposal,219.23,05/07/2026,
OPP07946,REP030,PRD04,Outbound,West,Qualified,116.16,2025-11-01,
OPP07947,REP013,PRD14,Inbound,Centrl,Qualified,110.41,2026-06-15,
OPP07948,REP017,PRD14,Referral,WEST,Qualified,41.85,2025-12-30,
OPP07949,REP010,PRD10,Referral,Central,Lead,17.95,2026-06-06,
OPP07950,REP001,PRD15,Outbound,west,Qualified,2167.65,2026-04-16,
OPP07951,REP016,PRD10,Inbound,,Lead,44.87,10/27/2025,
OPP07952,REP031,PRD07,Inbound,E.,Qualified,43.56,07/11/2026,
OPP07953,REP037,PRD12,Outbound,east,Proposal,83.9,2025-09-14,
OPP07954,REP016,PRD09,Referral,South ,Closed Lost,429.21,07/24/2026,01-Aug-2026
OPP07955,REP007,PRD13,Partner,east,Proposal,275.16,2026-06-25,
OPP07956,REP031,PRD05,Web Signup,East,Closed Lost,1006.6,24-Nov-2025,2026-01-31
OPP07957,REP008,PRD10,Referral,East,Proposal,22.62,11/27/2025,
OPP07958,REP032,PRD04,Outbound,W.,Proposal,64.36,2026-07-19,
OPP07959,REP024,PRD10,Outbound,NORTH,Qualified,48.3,2025-11-21,
OPP07960,REP027,PRD01,Inbound,East,Lead,16.54,2026-02-08,
OPP07961,REP004,PRD14,Outbound,Centrl,Qualified,44.77,2025-07-20,
OPP07962,REP040,PRD14,Inbound,South,Lead,50.09,03/01/2026,
OPP07963,REP012,PRD04,Inbound,EAST,Lead,12.87,11/07/2025,
OPP07964,REP001,PRD01,Referral,West,Proposal,72.07,2025-11-19,
OPP07965,REP009,PRD13,Outbound,East,Qualified,84.76,05/06/2026,
OPP07966,REP030,PRD06,Partner,WEST,Qualified,805.05,2025-11-26,
OPP07967,REP012,PRD04,Referral,East,Closed Won,86.15,2025-08-26,20-Oct-2025
OPP07968,REP014,PRD07,Inbound,SOUTH,Qualified,185.2,2025-08-28,
OPP07969,REP028,PRD10,Inbound,South,Proposal,77.87,2026-05-31,
OPP07970,REP001,PRD15,Outbound,west,Proposal,3483.78,2026-01-10,
OPP07971,REP023,PRD14,Inbound,West,Lead,287.43,06/22/2026,
OPP07972,REP012,PRD03,Inbound,East,Closed Won,408.59,2026-05-12,2026-05-31
OPP07973,REP031,PRD09,Partner,E.,Lead,685.89,08/17/2026,
OPP07974,REP037,PRD11,Outbound,EAST,Lead,1367.12,18-Oct-2025,
OPP07975,REP010,PRD02,Inbound,Centrl,Closed Won,87.84,2025-07-13,2025-09-28
OPP07976,REP038,PRD04,Inbound,central,Qualified,34.24,23-Apr-2026,
OPP07977,REP035,PRD08,Outbound,East,Lead,5484.11,2026-04-28,
OPP07978,REP003,PRD15,Outbound,EAST,Lead,998.7,20-Jul-2025,
OPP07979,REP013,PRD12,Outbound,Central ,Lead,88.52,27-Sep-2025,
OPP07980,REP010,PRD07,Referral,Central,Proposal,123.93,2025-07-14,
OPP07981,REP037,PRD14,Outbound,E.,Lead,226.09,2025-08-06,
OPP07982,REP005,PRD14,Partner,central,Qualified,69.84,10/14/2025,
OPP07983,REP003,PRD06,Inbound,EAST,Qualified,90.89,01/12/2026,
OPP07984,REP010,PRD15,Inbound,CENTRAL,Proposal,998.94,06-Sep-2025,
OPP07985,REP018,PRD01,Inbound,Central ,Qualified,140.88,2026-01-27,
OPP07986,REP024,PRD02,Outbound,N.,Closed Lost,177.57,2025-10-22,2026-06-22
OPP07987,REP006,PRD02,Outbound,S.,Lead,157.91,07/14/2025,
OPP07988,REP001,PRD07,Inbound,west,Lead,46.9,2025-07-11,
OPP07989,REP011,PRD10,Partner,WEST,Qualified,102.62,2025-09-24,
OPP07990,REP022,PRD04,Outbound,Central,Lead,177.08,2026-08-29,
OPP07991,REP011,PRD06,Web Signup,WEST,Lead,632.66,2026-03-23,
OPP07992,REP020,PRD12,Outbound,WEST,Lead,249.32,07-Sep-2025,
OPP07993,REP014,PRD15,Inbound,SOUTH,Proposal,2445.45,08-Dec-2025,
OPP07994,REP009,PRD03,Inbound,east,Lead,295.48,2025-10-20,
OPP07995,REP010,PRD14,Inbound,central,Lead,130.47,2026-07-12,
OPP07996,REP005,PRD07,Partner,central,Closed Lost,36.12,2026-06-14,2026-09-01
OPP07997,REP029,PRD07,Inbound,WEST,Closed Won,146.49,11/07/2025,2026-03-06
OPP07998,REP004,PRD15,Partner,central,Lead,2032.85,2026-03-18,
OPP07999,REP025,PRD05,Outbound,North,Proposal,593.24,2026-07-10,
OPP08000,REP003,PRD01,Outbound,East,Proposal,36.39,01-Nov-2025,
OPP02216,REP032,PRD06,Referral,west ,Qualified,274.03,04-Jul-2025,
OPP02583,REP011,PRD13,Inbound,W.,Lead,129.17,2025-10-17,
OPP01663,REP034,PRD10,Referral,NORTH,Lead,38.14,26-Aug-2026,
OPP03028,REP037,PRD02,Inbound,east,Lead,47.76,2025-09-19,
OPP04344,REP033,PRD01,Inbound,WEST,Lead,102.28,06/23/2026,
OPP02681,REP004,PRD07,Outbound,Central,Closed Won,144.92,2026-02-28,2026-07-30
OPP01766,REP009,PRD10,Outbound,E.,Qualified,45.79,2026-01-23,
OPP01124,REP014,PRD13,Inbound,S.,Proposal,12.12,2026-08-06,
OPP04055,REP032,PRD15,Inbound,West,Lead,831.82,2026-01-26,
OPP03762,REP026,PRD08,Referral,EAST,Lead,2223.24,2025-10-16,
OPP01536,REP034,PRD14,Referral,N.,Lead,139.4,2025-09-20,
OPP02945,REP035,PRD10,Inbound,East,Closed Won,36.82,14-Jul-2025,03/21/2026
OPP02988,REP003,PRD10,Partner,east,Qualified,28.51,2025-10-07,
OPP04292,REP017,PRD07,Referral,W.,Lead,231.65,2026-05-21,
OPP04343,REP010,PRD03,Outbound,Central ,Proposal,744.46,2026-06-19,
OPP04425,REP013,PRD03,Referral,Central,Closed Won,644.66,2025-10-27,11/17/2025
OPP07942,REP016,PRD03,Inbound,South,Lead,176.46,03/12/2026,
OPP04998,REP035,PRD05,Partner,east,Qualified,851.79,24-Sep-2025,
OPP02749,REP032,PRD09,Outbound,west ,Qualified,947.63,2025-09-19,
OPP02303,REP034,PRD01,Outbound,N.,Proposal,11.5,2025-10-30,
OPP03933,REP035,PRD11,Inbound,east,Closed Won,4409.33,2026-05-04,2026-05-17
OPP05957,REP006,PRD11,Partner,S.,Qualified,1496.52,04/06/2026,
OPP06132,REP018,PRD09,Partner,central,Qualified,371.38,2025-08-12,
OPP07597,REP012,PRD14,Inbound,E.,Lead,99.04,2025-08-10,
OPP00795,REP024,PRD10,Referral, North,Closed Won,56.47,2025-10-24,2025-12-13
OPP03164,REP016,PRD12,Inbound,South ,Lead,148.41,2026-01-12,
OPP07941,REP038,PRD02,Referral,CENTRAL,Qualified,139.7,2025-12-22,
OPP03182,REP035,PRD06,Referral,East,Lead,118.62,11-Mar-2026,
OPP00764,REP038,PRD08,Outbound,Centrl,Qualified,1481.74,2026-07-19,
OPP03079,REP014,PRD15,Inbound,,Qualified,150.71,2026-06-05,
OPP00812,REP022,PRD04,Web Signup,Centrl,Qualified,83.66,2025-09-30,
OPP07260,REP011,PRD13,Outbound,WEST,Closed Lost,432.83,07/29/2026,03-Aug-2026
OPP06932,REP032,PRD15,Outbound,west ,Lead,907.51,12-Jul-2025,
OPP01619,REP008,PRD02,Outbound,east,Lead,0.0,09/29/2025,
OPP06827,REP017,PRD09,Referral,W.,Proposal,173.62,2026-08-05,
OPP01043,REP027,PRD05,Outbound,east,Closed Lost,651.0,14-Aug-2026,28-Aug-2026
OPP05319,REP037,PRD15,Inbound,E.,Proposal,1992.62,2026-06-14,
OPP04795,REP023,PRD15,Outbound,WEST,Closed Lost,1312.15,2026-01-19,01/24/2026
OPP00488,REP038,PRD14,Web Signup,Central ,Qualified,121.1,08/31/2025,
OPP01018,REP034,PRD05,Outbound,North,Proposal,385.06,2025-08-17,
OPP02816,REP012,PRD03,Outbound,east,Lead,292.26,2026-06-15,
OPP02717,REP003,PRD09,Inbound,E.,Lead,140.4,2026-07-28,
OPP05364,REP004,PRD04,Outbound,Central,Proposal,45.71,02/13/2026,
OPP02930,REP009,PRD11,Partner,east,Qualified,1951.06,01-Feb-2026,
OPP03363,REP033,PRD13,Partner,W.,Qualified,161.44,12/01/2025,
OPP05166,REP001,PRD07,Inbound,west ,Lead,100.59,2025-10-19,
OPP01076,REP002,PRD02,Outbound,Central ,Closed Lost,17.07,17-Dec-2025,2026-04-28
OPP06399,REP014,PRD11,Inbound,south,Closed Lost,1408.85,2025-09-11,2026-07-18
OPP04982,REP010,PRD12,Inbound,CENTRAL,Qualified,352.87,2025-12-31,
OPP06229,REP031,PRD03,Web Signup,EAST,Qualified,53.34,2025-07-09,
OPP02922,REP026,PRD07,Outbound,East,Proposal,41.29,2025-09-04,
OPP04020,REP035,PRD06,Referral,east,Lead,123.68,2026-04-30,
OPP04332,REP029,PRD05,Web Signup,WEST,Qualified,652.04,2026-06-01,
OPP07000,REP023,PRD13,Inbound,west,Closed Lost,251.66,2026-05-10,2026-06-16
OPP01323,REP014,PRD06,Inbound,SOUTH,Lead,498.29,2026-06-30,
OPP07732,REP004,PRD09,Partner,Central,Lead,644.28,2025-09-27,
OPP02253,REP006,PRD13,Outbound,south,Closed Lost,222.62,2025-09-09,2026-08-23
OPP06655,REP011,PRD02,Outbound,west,Lead,68.48,2026-04-26,
OPP07245,REP009,PRD04,Partner,EAST,Closed Won,33.93,2025-12-13,2026-05-16
OPP00867,REP036,PRD07,Outbound,Centrl,Qualified,189.06,19-Aug-2025,
OPP05592,REP005,PRD10,Referral,Central,Closed Lost,12.12,2025-07-17,2025-08-10
OPP02466,REP013,PRD11,Outbound,CENTRAL,Qualified,2335.16,2025-09-21,
OPP00466,REP009,PRD10,Inbound,east,Qualified,55.38,2025-08-14,
OPP02883,REP039,PRD08,Inbound, North,Closed Won,2267.55,04/08/2026,2026-07-15
OPP04962,REP034,PRD13,Referral,NORTH,Lead,36.64,2026-05-01,
OPP07043,REP014,PRD04,Inbound,south,Qualified,25.1,08/10/2025,
OPP06241,REP013,PRD09,Partner,CENTRAL,Closed Lost,361.41,05/27/2026,10-Jul-2026
OPP05448,REP014,PRD11,Web Signup,S.,Qualified,452.15,2026-08-14,
OPP01503,REP001,PRD14,Partner,west,Proposal,113.58,12/11/2025,
OPP03916,REP008,PRD06,Referral,E.,Closed Won,202.94,2025-12-31,2026-02-04
OPP03263,REP005,PRD10,Partner,CENTRAL,Qualified,27.76,2026-03-18,
OPP00264,REP007,PRD04,Referral,EAST,Lead,134.65,08/12/2025,
OPP03807,REP018,PRD03,Partner,,Lead,610.91,2026-03-07,
OPP04085,REP009,PRD11,Outbound,East,Lead,2484.97,2026-03-05,
OPP07840,REP015,PRD12,Inbound,W.,Closed Won,555.22,2026-08-18,2026-09-01
OPP01812,REP006,PRD06,Partner,S.,Qualified,241.21,23-Jun-2026,
OPP01145,REP015,PRD11,Inbound,west,Lead,1005.12,07/05/2026,
OPP05828,REP012,PRD10,Inbound,E.,Lead,50.99,06-Dec-2025,
OPP02150,REP024,PRD07,Referral,North,Closed Won,165.69,2025-09-15,2025-11-06
OPP03930,REP017,PRD02,Referral,West,Proposal,137.96,10/25/2025,
OPP06320,REP024,PRD07,Referral,north,Lead,101.26,2026-04-23,
OPP03291,REP040,PRD14,Outbound,South,Proposal,128.92,07-Aug-2026,
OPP00683,REP009,PRD08,Referral,East,Lead,2812.51,2025-12-05,
OPP02841,REP020,PRD10,Outbound,West,Lead,0.0,02/02/2026,
OPP01003,REP005,PRD14,Web Signup,CENTRAL,Closed Lost,73.71,2026-03-12,2026-08-26
OPP06756,REP011,PRD14,Web Signup,West,Proposal,58.14,2025-09-20,
OPP05130,REP005,PRD08,Inbound,CENTRAL,Lead,3074.57,2026-07-06,
OPP04291,REP012,PRD03,Inbound,east,Lead,540.84,08-Mar-2026,
OPP02174,REP036,PRD14,Outbound,central,Qualified,90.33,2025-07-05,
OPP00484,REP037,PRD03,Inbound,EAST,Qualified,348.16,2025-09-05,
OPP03814,REP025,PRD08,Inbound,NORTH,Qualified,7410.32,2026-05-21,
OPP04415,REP005,PRD10,Inbound,CENTRAL,Qualified,20.54,2025-12-19,
OPP00519,REP024,PRD12,Partner, North,Qualified,170.54,22-Jul-2026,
OPP06989,REP004,PRD12,Outbound,Centrl,Closed Lost,192.15,30-Jul-2026,2026-08-14
OPP01346,REP013,PRD08,Inbound,central,Qualified,2512.22,2026-07-29,
OPP00697,REP021,PRD14,Partner,S.,Proposal,42.9,2025-12-29,
OPP01010,REP023,PRD03,Inbound,west,Lead,117.13,2026-02-24,
OPP06318,REP021,PRD04,Web Signup,South ,Lead,18.68,2026-02-10,
OPP06596,REP025,PRD11,Outbound,North,Lead,2973.46,03/11/2026,
OPP02771,REP008,PRD14,Partner,east,Lead,173.71,2026-04-19,
OPP01075,REP019,PRD05,Outbound, North,Qualified,1355.39,2025-11-21,
OPP01340,REP018,PRD09,Referral,Central ,Closed Won,134.71,2026-02-09,2026-03-11
OPP02987,REP027,PRD06,Web Signup,EAST,Proposal,430.06,04/25/2026,
OPP07710,REP001,PRD07,Outbound,WEST,Lead,66.31,31-Oct-2025,
OPP06748,REP008,PRD02,Outbound,east,Closed Won,45.81,2026-01-23,31-Mar-2026
OPP04422,REP025,PRD08,Referral, North,Lead,2115.48,02/05/2026,
OPP03393,REP038,PRD08,Referral,central,Lead,605.68,2026-06-07,
OPP01484,REP029,PRD01,Outbound,west,Closed Won,67.26,2026-07-28,08/26/2026
OPP04862,REP012,PRD06,Outbound,East,Closed Lost,109.68,2026-06-15,19-Jul-2026
OPP01935,REP003,PRD02,Outbound,east,Lead,156.11,2025-10-25,
OPP01035,REP017,PRD03,Inbound,west ,Qualified,162.69,2025-09-07,
OPP05485,REP028,PRD08,Outbound,South,Closed Won,1030.45,2026-02-04,2026-06-19
OPP02479,REP031,PRD15,Partner,E.,Qualified,2877.39,2025-12-04,
OPP00350,REP011,PRD13,Referral,W.,Lead,505.2,2025-10-10,
OPP04394,REP018,PRD07,Outbound,central,Proposal,84.22,11/06/2025,
OPP04353,REP002,PRD04,Outbound,central,Proposal,181.66,2026-05-09,
OPP07558,REP026,PRD09,Inbound,east,Closed Won,99.19,24-Aug-2026,26-Aug-2026
OPP01062,REP038,PRD01,Web Signup,CENTRAL,Lead,27.62,2025-10-12,
OPP00880,REP006,PRD11,Outbound,south,Lead,839.82,2025-12-25,
OPP05603,REP024,PRD02,Web Signup,NORTH,Lead,149.21,2025-11-08,
OPP02543,REP013,PRD07,Web Signup,Central ,Proposal,329.2,2026-04-05,
OPP06424,REP036,PRD06,Outbound,Central ,Lead,48.5,10-Jan-2026,
OPP06745,REP017,PRD08,Web Signup,west,Lead,779.44,2026-02-09,
OPP01851,REP033,PRD07,Referral,West,Proposal,115.2,2025-09-06,
OPP05403,REP033,PRD07,Inbound,west ,Closed Lost,197.91,2026-04-10,06/30/2026
OPP01678,REP039,PRD07,Inbound,North,Qualified,76.45,2026-04-24,
OPP01836,REP002,PRD07,Inbound,,Lead,142.25,03-Sep-2025,
OPP07112,REP004,PRD10,Inbound,Central,Qualified,16.63,2026-06-01,
OPP04953,REP021,PRD06,Web Signup,S.,Lead,443.5,09/24/2025,
OPP04705,REP040,PRD07,Inbound,South ,Qualified,224.05,04/09/2026,
OPP05200,REP013,PRD15,Referral,central,Proposal,437.11,2026-01-27,
OPP00458,REP002,PRD03,Inbound,Central ,Proposal,21.97,24-Nov-2025,
OPP04648,REP007,PRD13,Web Signup,east,Proposal,247.59,2026-02-23,
OPP06508,REP003,PRD10,Outbound,East,Qualified,12.11,2026-01-14,
OPP03183,REP018,PRD09,Partner,CENTRAL,Qualified,554.25,2025-10-01,
OPP05338,REP004,PRD02,Inbound,,Lead,22.85,2025-09-10,
OPP01946,REP021,PRD04,Inbound,South,Qualified,103.68,12/02/2025,
OPP06125,REP038,PRD15,Referral,Central ,Closed Lost,1777.69,2026-07-15,2026-08-29
OPP03264,REP003,PRD14,Outbound,E.,Closed Lost,136.62,2026-03-18,05/27/2026
OPP06523,REP002,PRD02,Outbound,Central,Qualified,319.81,2026-06-04,
OPP06522,REP024,PRD02,Inbound,NORTH,Qualified,143.19,2026-02-06,
OPP06703,REP018,PRD14,Inbound,central,Qualified,34.03,2025-12-02,
OPP02989,REP034,PRD03,Partner,N.,Lead,444.46,01/16/2026,
OPP07021,REP021,PRD15,Outbound,S.,Qualified,2571.13,17-Feb-2026,
OPP01551,REP036,PRD12,Partner,Central ,Lead,415.76,2026-05-24,
OPP02165,REP010,PRD08,Partner,central,Proposal,2464.35,2026-06-20,
OPP00587,REP004,PRD15,Inbound,Central ,Lead,642.08,2025-10-24,
OPP02406,REP030,PRD09,Web Signup,west,Lead,218.78,10/22/2025,
OPP06801,REP028,PRD03,Outbound,South ,Lead,521.71,2026-07-14,
OPP03429,REP014,PRD06,Partner,South,Proposal,70.33,2026-07-29,
OPP02610,REP035,PRD15,Inbound,EAST,Lead,1068.96,2026-03-09,
OPP03657,REP016,PRD06,Inbound,S.,Qualified,596.34,08/06/2026,
OPP03215,REP007,PRD05,Partner,east,Qualified,723.33,2026-05-01,
OPP03535,REP004,PRD12,Outbound,Central,Proposal,185.51,2026-08-20,
OPP03287,REP010,PRD14,Outbound,CENTRAL,Qualified,61.65,2025-08-07,
OPP02081,REP013,PRD01,Web Signup,central,Lead,77.95,2026-04-19,
OPP06956,REP020,PRD12,Web Signup,west ,Closed Lost,108.57,2026-01-11,2026-08-03
OPP06488,REP036,PRD05,Partner,CENTRAL,Closed Lost,389.81,2026-05-15,2026-08-09
OPP00648,REP022,PRD13,Inbound,Central,Qualified,5.64,2026-02-21,
OPP00223,REP026,PRD03,Inbound,,Lead,512.13,2026-04-24,
